,alpha,beta,cov_alpha,cov_beta,innovation,innovation_variance,gain_alpha,gain_beta,spread,zscore
2018-01-01,-3.8953985819401513,1.4225060505236153,0.009897024291297556,0.00031948045442736756,0.22480751914585717,0.502572453876951,0.02009660482202406,0.13879455305889826,0.002663574819978365,
2018-01-02,-3.8952715246533622,1.422970916790099,0.009992710331224655,0.0002627329751517189,0.006695106788662919,0.01197821169156087,0.018977634084099304,0.06943373439102676,0.003328267875133406,
2018-01-03,-3.8954756185019668,1.4225596300490635,0.0100879104133143,0.0002442406612054137,-0.008886563577744866,0.009100006114895587,0.022966565964348207,0.04628186558699004,-0.005814935702286306,
2018-01-04,-3.8960733947632207,1.4218104168186172,0.010181610188314053,0.00023534397940764938,-0.021520301139304365,0.008165361547662458,0.027777318606477874,0.03481425401979431,-0.01569371182788437,
2018-01-05,-3.897234462210386,1.4207946012168027,0.0102736332245427,0.0002302380401518403,-0.03612157584426523,0.007720689715501273,0.03214332210120216,0.02812212861903171,-0.027858859836378258,
2018-01-08,-3.897890324818519,1.4203778785525007,0.010363289464546961,0.0002270621705002089,-0.01762384075032397,0.007468851272576945,0.0372145105839632,0.02364539433858795,-0.014050749696346898,
2018-01-09,-3.898161955202331,1.420254533240356,0.010448886569355324,0.0002250922939137053,-0.0061195583517079655,0.0073102674531943515,0.04438725283765756,0.02015591731556331,-0.004984706162488806,
2018-01-10,-3.9001054347655053,1.419415623011202,0.010535329375750125,0.00022356625043331408,-0.0448411695727593,0.007217116320301441,0.043341411066918197,0.018708482342164323,-0.03699695449012097,
2018-01-11,-3.900448985960447,1.419305810600498,0.010616529643385867,0.0002226454971196257,-0.006697271342746447,0.007144379729074748,0.05129718916255862,0.016396589757838878,-0.0055819522121201,
2018-01-12,-3.900210728567291,1.4193655469587345,0.010692497636052314,0.0002221348091805294,0.004093686907768124,0.007094577290466258,0.05820117623156989,0.014592312402560533,0.00343590263394411,
2018-01-15,-3.8988022976686367,1.419643973496381,0.01076216699174362,0.00022194949958222613,0.021486066424300176,0.0070586943313428385,0.06555089567539986,0.012958469556425734,0.01812530348911423,
2018-01-16,-3.898627769236864,1.4196810977823289,0.010835300486568163,0.00022173388746018474,0.0028255423152225845,0.007041779717229574,0.0617681182238292,0.013138817899805512,0.002389307955803943,
2018-01-17,-3.8980373518878957,1.4197973691744477,0.010906722683724416,0.00022162558994505373,0.009257561025889594,0.007025929410257798,0.06377677093535059,0.012559613897612159,0.007845950254592893,
2018-01-18,-3.898430695101067,1.4197261967723747,0.01097592871542984,0.00022161739252199764,-0.005936433252068163,0.0070141252071671285,0.066259182318666,0.011989084868121282,-0.005039701612119529,
2018-01-19,-3.9006582309501416,1.4193425286799182,0.011043912048668954,0.00022166757959253083,-0.03295203811189573,0.007006341053280636,0.0675993345695511,0.011643227989530122,-0.02800552741945772,
2018-01-22,-3.9066144536441594,1.4180918711932509,0.011118583248310632,0.0002215508461003277,-0.09907141804619624,0.007007603573694428,0.06012049500735168,0.012623797169068847,-0.08418439644357711,
2018-01-23,-3.910223194622591,1.4174610419120761,0.01118769591569351,0.00022160701850698617,-0.054325330654172,0.006999608328962128,0.06642832974924073,0.01161206519276414,-0.04621483298331164,
2018-01-24,-3.9149382046270826,1.4166273974538248,0.011257384732607068,0.00022165947450765048,-0.07164293748791994,0.00699816889196111,0.06581262815035352,0.011636101023802338,-0.06095954457151542,
2018-01-25,-3.918320005937163,1.4161527637736222,0.011319048329083878,0.00022190432612424136,-0.04566889635702065,0.00699127241288547,0.07405042774939737,0.010392930814269504,-0.038897083630621054,
2018-01-29,-3.9231732525300114,1.4154344142613573,0.011382799879551759,0.00022211018749686447,-0.06740490826147472,0.006992102116257995,0.07200138265928864,0.010657228543035312,-0.05740325354764231,
2018-01-30,-3.926903128844618,1.4149780979375999,0.011439370112189956,0.00022246016161074034,-0.04731101839149421,0.006987522752388985,0.07883737111178372,0.009645032790913928,-0.04031733435197182,
2018-01-31,-3.9302445034872884,1.414628262739715,0.011489652745719274,0.00022291517632486217,-0.03960357364563816,0.006984358512523589,0.08437053364345504,0.008833425008942066,-0.03376452164388333,
2018-02-01,-3.9345123928290184,1.4141821208011645,0.011539903889735848,0.0002233715469729593,-0.05056966691140996,0.00698452672477573,0.08439623201803635,0.008822323060428423,-0.04311276316894386,
2018-02-02,-3.9388632134414907,1.4137379831084373,0.011589188196515617,0.00022384305879648593,-0.051057816712686055,0.0069843258233732875,0.08521360474450408,0.008698720809516475,-0.04353018345215176,
2018-02-05,-3.9411420009050033,1.4135386274640416,0.011631907018658726,0.00022440466805920514,-0.02515836784695402,0.006981829229156931,0.09057771463455529,0.007924029317338925,-0.021456851201225646,
2018-02-06,-3.941089287646022,1.413542162024843,0.011663015640796684,0.00022509492894631788,0.0005305261316888021,0.0069781242408886186,0.0993603440671637,0.006662368901884622,0.00045271077543418414,
2018-02-07,-3.938872549205416,1.4136774717108893,0.011689998997062686,0.00022582287769100858,0.021669190212889156,0.006977154261811455,0.10229909003647696,0.006244335146680357,0.01849341457177367,
2018-02-08,-3.935683957514339,1.4138860854260593,0.011719969592692392,0.0002265231213856454,0.03182933541965216,0.006978109082637171,0.10017776522938292,0.006554133550689511,0.027160800495602544,
2018-02-09,-3.935086763183232,1.4139253914410188,0.011750184513423047,0.00022722081365486775,0.0059718274877189614,0.006978237239050161,0.10000193949596514,0.006581907303986712,0.0050958222667372155,
2018-02-12,-3.9349417978691488,1.413934936892136,0.011780406692857492,0.0002279182741339634,0.0014497027201239021,0.006978259356144524,0.0999965800371801,0.006584419677669624,0.0012370424300804927,
2018-02-14,-3.9325152902506573,1.414075388719191,0.011805021592188322,0.00022866570691231974,0.023343430672920995,0.006976724374644715,0.10394820078037799,0.006016760304987557,0.019923510611519646,
2018-02-15,-3.929638713223323,1.4142533392759982,0.011832497810000848,0.00022938816592315897,0.028215213806647377,0.006977424091714285,0.10195127518958516,0.006306900880733035,0.024079140116821662,
2018-02-16,-3.9263401244861185,1.4144653662489073,0.011861635451834862,0.00023009538587141575,0.03273254433154893,0.006977804326366309,0.10077397906478132,0.006477558565612721,0.02793275208481738,
2018-02-19,-3.92272476561898,1.4146955844465523,0.011890363134440085,0.00023080638619679946,0.03577207235533031,0.006977602994770045,0.10106652002787392,0.006435696410267657,0.030527454566092516,
2018-02-20,-3.920260240206857,1.414863631709947,0.011922076157403334,0.0002314888931815651,0.024913878212110774,0.0069783694890960144,0.09892178933928039,0.006745126630382062,0.021258867506613655,
2018-02-21,-3.921692606039896,1.4147403320055556,0.011963974542306088,0.0002320583622392301,-0.01570146308988285,0.006981689723056582,0.09122499125333002,0.007852752554680554,-0.013391595636404574,
2018-02-22,-3.922195392206779,1.4146974674811243,0.012005480064005666,0.00023263321021570025,-0.005492891011180667,0.006981523349789964,0.09153397834760572,0.0078036364355127084,-0.004684934634045845,
2018-02-23,-3.9240871088643003,1.4145311182965874,0.012048346349683286,0.00023319141436233714,-0.020912307995091695,0.0069820702784377485,0.09045948720558952,0.007954606663978455,-0.017834892640621547,
2018-02-26,-3.9252507736388242,1.4144412691662087,0.0120855676861404,0.00023381714519902057,-0.012270273203387028,0.0069801499982869875,0.09483609331556393,0.0073225044698995755,-0.010467482077878287,
2018-02-27,-3.9257503474369413,1.4144022000795984,0.012123347721498435,0.0002344366081275404,-0.005291464554181502,0.0069804309926125374,0.09441125287751818,0.00738341648335373,-0.004513842506629118,
2018-02-28,-3.9240162586325806,1.4145337152184438,0.01215978571655302,0.00023507100793594332,0.01817200402161845,0.006980082690422147,0.09542639338498986,0.007237239144842521,0.01550225960560958,
2018-03-01,-3.9236235843914864,1.4145634043054394,0.012196086609791337,0.00023570687312352717,0.004110526025155714,0.006980126938847217,0.09552895145072192,0.007222697731077412,0.0035066048594529775,
2018-03-05,-3.926528519022411,1.4143091103187595,0.012238777107703415,0.00023626770977459844,-0.032064625163652494,0.0069824243964596135,0.09059624480555836,0.007930670805659366,-0.02734466921528167,
2018-03-06,-3.9267486901731647,1.4142929199423018,0.01227387126134703,0.00023691673420553165,-0.0022832022869110347,0.006979941363930266,0.09643085591490522,0.0070910827965786054,-0.001947804501829964,
2018-03-07,-3.926857400754516,1.4142852525747127,0.012307127676948,0.00023758471862890212,-0.0011116768831573864,0.0069794795553555404,0.09778972919044382,0.0068971188527214705,-0.000948436554450538,
2018-03-08,-3.9247673797058136,1.4144245247887663,0.012337885639562028,0.00023827725235996014,0.020982488280644418,0.006978828029660079,0.09960787399224909,0.006637545184866347,0.017903058933729454,
2018-03-09,-3.9238371555348515,1.4144919153934723,0.012372296588145969,0.0002389330175251292,0.009596163139197422,0.0069799346253275356,0.09693709428118251,0.007022661425028076,0.00818651414075866,
2018-03-12,-3.9220373237427952,1.4146277127947575,0.012408489529161194,0.00023956978242568633,0.018825274294600902,0.006980515814512198,0.09560720146173995,0.007213568267857384,0.016058558060196404,
2018-03-13,-3.911857032999808,1.4151177409394908,0.012425268524240734,0.0002403769612876119,0.09320400370539073,0.006975602584867462,0.10922589522190673,0.005257586855199203,0.07956198086935906,
2018-03-14,-3.903577534090933,1.4155412322984393,0.012444562629208221,0.00024116581363467545,0.07697626118311174,0.006976069168190536,0.10755911993672798,0.005501583896639419,0.0657050551101186,
2018-03-15,-3.8954443762383413,1.4159571471108081,0.012463830051904498,0.0002419546888646671,0.07560249904902605,0.006975939687030274,0.10757789695969859,0.00550133682881286,0.06453364312323195,
2018-03-16,-3.886938321085784,1.416357362827441,0.012479605755103691,0.0002427682359038725,0.07740755349954753,0.006975055831669386,0.10988662950841252,0.005170241126858911,0.0660827948076328,
2018-03-19,-3.8824440223134453,1.4165864290720884,0.012498711534478082,0.00024355809247856495,0.04173410868216454,0.006975508950627126,0.10768886443857953,0.005488705806367139,0.03562607608991186,
2018-03-20,-3.8789094408054035,1.4167953698341273,0.012524151310578843,0.00024429755059405286,0.03419081733184992,0.006976701901096313,0.1033780934142634,0.006111019810113526,0.02918179918695607,
2018-03-21,-3.8752208138612754,1.4170142786130688,0.012549771795866454,0.00024503558139703186,0.03572377534511162,0.00697651562159737,0.10325411881845566,0.0061278175900153775,0.030490990124699024,
2018-03-22,-3.8712631583109416,1.4172384458364082,0.012573390300035507,0.00024579053044301695,0.03782175967486001,0.006975825917690966,0.10463964618136058,0.0059269379655116725,0.03228485537746728,
2018-03-23,-3.866618806856607,1.4175001018531395,0.012596782647539736,0.0002465473753043888,0.044317852236649635,0.006975565336206566,0.10479640189994667,0.005904077104954609,0.03783136775391327,
2018-03-26,-3.8637331037138627,1.4176677205845722,0.01262149070936588,0.0002472933422259668,0.027776034234198832,0.006975665542702392,0.10389183417665215,0.006034653112087633,0.023710315772285995,
2018-03-27,-3.863004378347931,1.4177152491583254,0.01265122628980364,0.00024799444818733433,0.00726142824937881,0.006976727972973161,0.10035565193310372,0.006545347846301379,0.006197592384406647,
2018-03-28,-3.86439732168912,1.41762297563302,0.01268165201080481,0.0002486891416965277,-0.013948753252760682,0.00697674090598977,0.09986149413846025,0.0066151808432806216,-0.011905168475069061,-0.3919394151039911
2018-04-02,-3.8678869425705704,1.4173491095178798,0.01271949537339871,0.00024930631023606994,-0.03697634764436142,0.006978772487204183,0.09437440698615308,0.007406521535722203,-0.03154988058622088,-0.9789208255762564
2018-04-03,-3.870674701487984,1.4171327044963307,0.01275688291463216,0.0002499290118048114,-0.02943114907375044,0.0069785431514419755,0.09472137531659208,0.007352924651595567,-0.025112803531145644,-0.7613068587557327
2018-04-04,-3.874414941846993,1.4168465059754347,0.012793657338354697,0.00025055881851528805,-0.039294196449565,0.006978315429386538,0.09518556674927409,0.007283480685583673,-0.03352976924306361,-0.9978159202541986
2018-04-05,-3.8776827194003585,1.416567950876122,0.01283514396853833,0.0002511336389672142,-0.03569009793966327,0.006979842438593111,0.09155978105999915,0.007804828660979359,-0.030447726469798653,-0.891623754312729
2018-04-06,-3.88185770556537,1.4162279435637912,0.012874664478610019,0.0002517325187489523,-0.04484918134163696,0.006979223053871879,0.09308946206194017,0.007581126392044747,-0.03826486542796559,-1.118026891242272
2018-04-09,-3.885660394762739,1.4159443789006072,0.01291034633897789,0.0002523748705588897,-0.03960887094344834,0.0069780927588041445,0.09600599832292009,0.007159120076632895,-0.03379935974167303,-0.9665097061671828
2018-04-10,-3.889319632388734,1.4156637225455335,0.012947257304706063,0.0002530037436750743,-0.03848537196514634,0.0069785312974266975,0.09508125916799713,0.007292546251802577,-0.032838582831287155,-0.917100368511022
2018-04-11,-3.8946192175104577,1.4151770979676166,0.012991982526421243,0.00025353769492777176,-0.05955850892571135,0.006981213146018619,0.0889811584828996,0.008170529898993582,-0.050800228693754335,-1.4331113371677011
2018-04-12,-3.9006004520840176,1.4144691421032567,0.01304732403683399,0.0002539120402043001,-0.07480737043697427,0.0069857194255823025,0.07995515065723652,0.009463718083184136,-0.06376553373303118,-1.7403622011337003
2018-04-13,-3.9056847377800117,1.4138907958870548,0.013101096868106149,0.0002543138859453106,-0.06249862474004164,0.006985191616533685,0.08135036118221665,0.00925374308006667,-0.053277628547860445,-1.3882937426677986
2018-04-16,-3.9139220804534336,1.412943327807577,0.013155351585302115,0.0002547086827316131,-0.10179308541063659,0.00698567870978484,0.08092241865144699,0.009307784272927734,-0.08676856592560611,-2.1967698932106337
2018-04-17,-3.921103200838303,1.4122066431536462,0.013204901890050922,0.00025517775259358434,-0.08449183825432982,0.006983990668961949,0.08499188244968137,0.0087190037422699,-0.0720383666396156,-1.717976873295718
2018-04-18,-3.927048127318456,1.4116371103754781,0.013251564506574057,0.0002556882261252709,-0.06802336879741322,0.006983208404333224,0.08739535523237799,0.008372604712717705,-0.058003724589781314,-1.2995269865044257
2018-04-19,-3.9327536463025234,1.4110726499744444,0.013299598042222822,0.0002561795986455922,-0.06614356494862061,0.006984061533108554,0.08625962311676837,0.00853386722460884,-0.05639392080959915,-1.2192195865217408
2018-04-20,-3.940421794478713,1.4099287900227473,0.01336395464330893,0.00025638646964836696,-0.10740043338618399,0.006992141137626068,0.07139773960331479,0.010650422122452314,-0.09146366431990316,-2.0255813200906645
2018-04-23,-3.9468579150701384,1.4090517533896822,0.01342499353764609,0.0002566630031994794,-0.08621220717892886,0.006990696624124906,0.07465439990496053,0.010172998253540922,-0.07343465472629696,-1.5930563409328582
2018-04-24,-3.95420604447926,1.4081797564162921,0.013480648511009425,0.00025703851924664813,-0.0922458106437487,0.006988510649453164,0.07965813686108744,0.009452971005456163,-0.07859859253449386,-1.6791888164550879
2018-04-25,-3.962414736299431,1.4070972185378723,0.013540484321142694,0.00025734000171306773,-0.10829910526349185,0.0069910248566145815,0.07579648788601963,0.009995815531311092,-0.09224371198707892,-1.9618656740624663
2018-04-26,-3.9702457656253713,1.4060062506447593,0.013602439453973228,0.0002576016176565053,-0.10616748166193268,0.006992643750985954,0.07376109146938768,0.010275913830065063,-0.09040716722214093,-1.847296390246157
2018-04-27,-3.9742503434902994,1.405581445557123,0.013653558979973232,0.0002580515687033767,-0.0478816491402041,0.0069881162915258295,0.08363491936549336,0.008871981129813519,-0.04080014674628352,-0.6898655131612274
2018-04-30,-3.9791103172560436,1.4050047180338983,0.013709285952849983,0.0002584281027774211,-0.061069195055452496,0.006990621025860331,0.07958142826888619,0.009443836990173066,-0.05201866298932423,-0.9473130928298692
2018-05-02,-3.982586816916991,1.4046450022722294,0.013759369870409606,0.0002588936921992405,-0.041135910778750784,0.006988731333080517,0.08451252434024814,0.008744567820647666,-0.03504899107638337,-0.5463011338174386
2018-05-03,-3.986096459142388,1.404312748957488,0.01380566380052773,0.0002594123695212897,-0.040033217659487974,0.006987771178985058,0.08766825228112024,0.008299440668683298,-0.034114151311021246,-0.5289935858526686
2018-05-04,-3.989811459729744,1.4039750895450516,0.013850187965883044,0.0002599540759214194,-0.041693649403955924,0.006987565498245866,0.08910231271344966,0.008098581373026709,-0.03553012759577534,-0.5668170528518838
2018-05-07,-3.9900766035921817,1.403954694168924,0.013887376817799507,0.00026058242346083994,-0.0027961802415763515,0.006985602987933867,0.09482359487956434,0.007294013391670291,-0.0023834937175415405,0.21091381814685992
2018-05-08,-3.992465610241641,1.403763904512226,0.013926198869315003,0.00026119223911150294,-0.025529713476139193,0.006986377905727917,0.09357749555990853,0.007473239246351819,-0.021759384964553874,-0.2394110141518486
2018-05-09,-3.995794991227724,1.4034719720339675,0.01396911461768564,0.0002617533506633357,-0.036836543265231114,0.006987906100523673,0.09038255739988048,0.007925077989993683,-0.03138951153606229,-0.4491078180085998
2018-05-10,-3.9975206615505066,1.4033368430773145,0.014007050577293406,0.00026237279233456637,-0.018309216055154565,0.006986567884354162,0.0942514588054441,0.007380379162372552,-0.01560481466836805,-0.057574451559116384
2018-05-11,-3.998186117665565,1.4032846464145516,0.014045050171041542,0.00026299133921718485,-0.007064157081980049,0.006986769092158304,0.0942017720352927,0.007388944237373225,-0.006020557468561449,0.17658019942018874
2018-05-14,-3.9971520178467457,1.403360563729074,0.014080106213992168,0.00026364131709239174,0.010725314580781742,0.006986085573620046,0.09641673547479966,0.0070783298662775735,0.00914174045294125,0.5361894744436553
2018-05-15,-3.9977340811792343,1.4033128268836754,0.01412005780630071,0.0002642374221221077,-0.006278909427020807,0.006987622742243677,0.09270134236751366,0.0076027287785479835,-0.005350661999901973,0.2003219195915218
2018-05-16,-3.9990127628087384,1.4032071050364046,0.014160368684189146,0.0002648293848591996,-0.013835232471318903,0.006987844975957617,0.09242212822624456,0.007641494097767596,-0.011789515235195225,0.060185858080463825
2018-05-17,-4.000587260501229,1.403079984435449,0.014199631978558827,0.00026543347250883835,-0.016888136276126176,0.006987641646946286,0.09323099167056305,0.007527213120336503,-0.014391426664209561,0.014349866466020253
2018-05-18,-4.002283954266018,1.4029419352909769,0.01423923676889153,0.0002660336538990983,-0.01825047600836438,0.006987856179809351,0.09296709653000942,0.007564139390592112,-0.015551883238426711,0.004802168719162311
2018-05-21,-4.005895297253221,1.4026154932837778,0.014283463993325292,0.0002665779351862538,-0.04042765562443229,0.006989432227662139,0.0893285284893086,0.008074720192329458,-0.03444208293800344,-0.44174667851111865
2018-05-22,-4.006210649060447,1.4025906831118882,0.01432159215149857,0.0002671949676662863,-0.0033513120420494147,0.006987665871281792,0.09409801393293546,0.007403121994722489,-0.0028558506097198233,0.3388824839938431
2018-05-23,-4.006674532303236,1.4025557520390237,0.014357770264568973,0.000267833078051196,-0.004853740905210735,0.006987236622731996,0.09557231254152598,0.007196732076673774,-0.004136412936199818,0.30682591141038923
2018-05-24,-4.008163905818951,1.4024135407574636,0.014404376736929946,0.0002683462792930888,-0.017041825975475433,0.006990586494300976,0.08739518393505492,0.008344838268194685,-0.014516277484347029,0.04764134628636195
2018-05-25,-4.00830556750514,1.4024010284902464,0.014447611742916628,0.0002689034383120217,-0.0015719465586334636,0.006989584139114688,0.09011864010933703,0.007959728114477153,-0.0013391807219260699,0.37077628103752597
2018-05-28,-4.006312737565262,1.4025422084506576,0.014481085296906218,0.00026956955096913267,0.02042281913416044,0.0069869112522448,0.09757859220058201,0.006912853680174745,0.01740536812600979,0.822580836845956
2018-05-29,-4.005284635837186,1.402619119657143,0.014516968814789232,0.00027021073087503676,0.0107329027834977,0.0069876621494841945,0.09578971773190946,0.007165927805063922,0.009146144226344077,0.6224694917425019
2018-05-30,-4.004436239752206,1.4026809225735282,0.014551662124232543,0.0002708641709800859,0.008775634930377585,0.0069874298532429935,0.09667631934457697,0.0070425578178146125,0.007478488598193778,0.5790765835019439
2018-05-31,-4.001999415516659,1.4028570751759268,0.014586005148109867,0.0002715210789783479,0.02513863269459815,0.0069874026686370765,0.09693543261285707,0.0070072467559703575,0.021422918214508258,0.8978688307431908
2018-06-01,-4.000092615895491,1.4029893363000867,0.014618501291690459,0.0002721963037552807,0.019399270878423636,0.006986976537955016,0.09829233444486545,0.00681783995846,0.016532893613311117,0.7670143611159794
2018-06-04,-3.9979637927561233,1.4031467646360831,0.014653844716085477,0.0002728427142673439,0.022131022035202896,0.00698773579922393,0.09619181328277068,0.007113468855892268,0.018858960160523353,0.8119767441392922
2018-06-05,-3.99575361027114,1.4032925235218066,0.014684083947729309,0.0002735393076359575,0.02211828783171743,0.006986473244093787,0.09992556846167186,0.0065899714676145695,0.01885151482486691,0.8111569990789949
2018-06-06,-3.992890361771134,1.4034880852520262,0.014715874862188526,0.0002742211137097975,0.02897866672148819,0.006986842344530982,0.09880539113563701,0.006748472319280364,0.024697341403481232,0.9418918725018545
2018-06-07,-3.9900988408477827,1.4036900126627456,0.01475022086372899,0.0002748775795258606,0.02879851870013095,0.006987465960397654,0.09693279548223661,0.007011729069193685,0.024541618076506566,0.9319997507774669
2018-06-08,-3.988076068296721,1.4038448293775792,0.014787082731696955,0.0002755077229702136,0.021280473184896564,0.0069881173078274305,0.09505298747291396,0.007275059792534697,0.01813317456882757,0.8347978133910152
2018-06-11,-3.9863767136888746,1.403975517693758,0.014824163543762307,0.00027613559817663745,0.017909124494653206,0.006988175331206097,0.09488764279648323,0.007297303462154947,0.015260308433726166,0.8085605431683339
2018-06-12,-3.987524207534175,1.4038742247133218,0.01486734284539906,0.0002766928420928252,-0.012727258079911152,0.0069899736553246964,0.09016033446446886,0.007958743336563238,-0.01084206634619278,0.17112584016243337
2018-06-13,-3.990184839751135,1.4035976404205042,0.014917591200185083,0.0002771552005958891,-0.03154242106194527,0.006992424816004917,0.08435091940897327,0.008768645002689913,-0.026860863395102186,-0.2287347289807627
2018-06-14,-3.990382827446476,1.4035810264487976,0.014958583639155561,0.00027773969373748764,-0.0021547996168909123,0.00698948283947788,0.09188218421284004,0.007710216567882853,-0.0018357544746692156,0.5032120590021579
2018-06-15,-3.991184067359284,1.4034978060921632,0.015008824937923049,0.00027820290544975523,-0.009498375306613127,0.006992662017553143,0.08435546995601502,0.008761535941459798,-0.008088342570141904,0.34707829643274923
2018-06-18,-3.9921068199497287,1.4034109686730962,0.015054858252935791,0.00027872497025853627,-0.010502763379053093,0.0069913711446126445,0.0878580766929573,0.008268054409404185,-0.008945280681231793,0.3474519804658117
2018-06-19,-3.9944475921567526,1.4032028031754806,0.015098433044585257,0.0002792787262841351,-0.026054651871072032,0.0069907764786946444,0.08984085523794298,0.007989571253753866,-0.02219282594978722,-0.019385722932268375
2018-06-20,-3.9962130239589153,1.4030516222616254,0.015140349194677008,0.00027985278725590947,-0.019367618231465933,0.006990462896641012,0.09115378984981853,0.007805859866109945,-0.01649768585667921,0.18616060695237385
2018-06-21,-3.997264828962411,1.4029648513129906,0.015180614338022544,0.00028044624466381254,-0.0113779721874252,0.0069901596791709705,0.09244221959498317,0.0076262225997275265,-0.00969238194594979,0.42304685759646726
2018-06-22,-3.9973846034420157,1.4029555675776064,0.015218104104250476,0.0002810706944234954,-0.0012665237554383424,0.00698955003007758,0.0945694694554915,0.007330091792140916,-0.001078988636622924,0.7026252857629974
2018-06-25,-3.9963447915250945,1.4030390747684136,0.015257164602943152,0.0002816776541408306,0.011136469631920498,0.006990116103526308,0.0933699773167542,0.007498533518003418,0.00948671593705619,1.0196895294931658
2018-06-26,-3.9973478596118768,1.4029468705502612,0.015302175022644377,0.00028221300925908364,-0.011310744353814073,0.006992008563084786,0.08868276528980985,0.00815191425675725,-0.009632565787715208,0.40365837417603895
2018-06-27,-3.999155284590658,1.4027817582430822,0.015346924290894154,0.0002827519291721873,-0.02033264725074524,0.006992062902503529,0.08889275245332001,0.008120551403999978,-0.01731575164695265,0.1569160534373113
2018-06-28,-3.9982682372521317,1.4028549871574072,0.015387221219603796,0.00028334504736712726,0.009598746147958082,0.006990883924946293,0.09241283443203878,0.007629008330486092,0.008175892335636092,0.9337366113894281
2018-06-29,-3.996618276765279,1.4029919596935927,0.01542776290713447,0.00028393528460773996,0.017891222153822994,0.006991099897850529,0.09222178745907234,0.007655851288852889,0.01523867648622712,1.1198518085389322
2018-07-02,-3.9935426712711246,1.4032468117284078,0.015468221474674495,0.00028452646263114027,0.033327078967648305,0.006991212837060739,0.09228548043888776,0.007646995857706696,0.028385560586272618,1.4692193132286506
2018-07-03,-3.9912684052743783,1.4034519097705096,0.015512412780028056,0.00028507258123990027,0.02545686471436781,0.006992446906886391,0.08933802423291354,0.008056689007188405,0.021678462916458585,1.2220624016635109
2018-07-04,-3.989319469801346,1.4036164999092275,0.015553719095262174,0.00028565397656227833,0.021271299690295287,0.006991727721249881,0.0916227734745191,0.007737662536580325,0.01811599816091025,1.0795335037569547
2018-07-05,-3.9928383190783636,1.4033061713222519,0.015596937976453439,0.0002862123591554133,-0.03904925404229154,0.0069924295477391245,0.09011309852952719,0.007947106662768412,-0.03325350221749801,-0.4701023107802344
2018-07-06,-3.9977569445968295,1.4028185773369324,0.015645251816543224,0.0002867044296644691,-0.057217046700158924,0.0069941932040880365,0.08596433759053781,0.008521830703264408,-0.048712516007174855,-0.9520484589194029
2018-07-09,-3.999164309585518,1.4027015979975297,0.015685870574747386,0.00028729417444139466,-0.015271534721103208,0.006991995782504916,0.09215609396111069,0.007659959626784445,-0.013005716261320188,0.11440558231061128
2018-07-10,-3.9996482602572025,1.4026635118000523,0.01572405142348157,0.0002879113002663312,-0.005146648702917034,0.006991492484536009,0.09403219446666763,0.0074001937330219186,-0.004383362410782965,0.35103357624087345
2018-07-11,-4.004822244879579,1.402029270411393,0.01578121950245337,0.00028826768484036653,-0.06613430705332757,0.00699795105679059,0.07823450267958766,0.009590202376323223,-0.056274112629337125,-1.3352980855277647
2018-07-12,-4.010587445917687,1.4013949800585812,0.015833991890521634,0.0002886960176258856,-0.07017054437044301,0.006996434378386892,0.08215984484418795,0.009039267950712788,-0.05972151680277271,-1.4442218074873863
2018-07-13,-4.014641004248047,1.4009564308450084,0.015886079667102954,0.00028913521486296974,-0.04898371206700425,0.006996435886065608,0.082753187933478,0.008952959975201473,-0.041689586123640154,-0.8760667004527258
2018-07-16,-4.017626172368813,1.400640244807599,0.01593728853531886,0.00028958783517472154,-0.0357466736152503,0.006996399051970779,0.08350897632869846,0.008845187689702478,-0.03042382480330552,-0.5713960281202632
2018-07-17,-4.02144041412206,1.4002286567585562,0.015989292299533834,0.00029002895814731166,-0.04605319686205611,0.006996974837251301,0.08282251859023268,0.008937230791504769,-0.03919243254614457,-0.9211840161555953
2018-07-18,-4.025004749624345,1.3998672705976127,0.016038663321594985,0.00029050850092145897,-0.041900102535533,0.006996360496907423,0.08506746491281056,0.008624946935082775,-0.035661175564747793,-0.8566390284354137
2018-07-19,-4.027408271951456,1.3996524060080549,0.016082566171193628,0.0002910601953095775,-0.026839191993124345,0.006994929685555602,0.08955270813397186,0.008005628098372892,-0.02284750771132593,-0.4593408750715976
2018-07-20,-4.02828840551017,1.3995707010148613,0.01612811792175731,0.00029159096726977555,-0.009976360953487529,0.006995698241970567,0.08822190404069598,0.008189859366002885,-0.008491684199860572,0.06898553693336781
2018-07-23,-4.029081920630946,1.3994966190256526,0.01617391613877737,0.0002921185471016447,-0.00901517269665586,0.006996023513556262,0.08801995785070162,0.008217478655314307,-0.007673182698502146,0.08207456426966273
2018-07-24,-4.027955136666907,1.3995954568750923,0.0162169729116168,0.0002926804127192034,0.01248898582666147,0.0069954411373565565,0.0902222149723803,0.007914001249711441,0.010630772270278754,0.8798668095891238
2018-07-25,-4.025356043892278,1.399801297605234,0.016255472076084503,0.00029329466791985635,0.02771766605308912,0.006994404876903285,0.09377026080228411,0.007426337042503396,0.023597100303490492,1.4258023395964363
2018-07-26,-4.022657516798197,1.3999971963714957,0.016290043547184718,0.0002939498601911975,0.027899323577076807,0.006993602391927641,0.0967237462451744,0.007021631392615695,0.023754477651653616,1.3835917865126586
2018-07-27,-4.018769470049406,1.40025332534257,0.016320217112094783,0.0002946468380772182,0.03890854357713014,0.006992731664733382,0.09992784081169546,0.0065828465300084285,0.03313224469969711,1.7399927012902936
2018-07-30,-4.0171774495563355,1.4003604383983006,0.016351323672688056,0.0002953349739821309,0.016039528684664184,0.006993003800653391,0.09925606446236944,0.006678067531563247,0.013657794914024635,0.842739741511289
2018-07-31,-4.014469482834633,1.4005412616001074,0.016382076910142016,0.000296026213907073,0.02721284478995578,0.00699295473704264,0.09951060767825438,0.006644773936807303,0.02317213106129934,1.2263038181982617
2018-08-01,-4.015488379958635,1.400459412031898,0.016421147972102278,0.0002966330300115055,-0.010917181457176461,0.006994940000672361,0.09332968660438769,0.007497316823972023,-0.009293499587064602,-0.23939059148725386
2018-08-02,-4.0144611736777875,1.4005308925097797,0.01645376087684496,0.0002973067155669795,0.010464365608109816,0.006993381390149146,0.09816230809550748,0.0068308467573350165,0.008910015100015656,0.5628999704195139
2018-08-03,-4.014976588291103,1.4004890838890822,0.016493268927138843,0.0002979086855666209,-0.005542475219255216,0.006995063269555547,0.09299358011096871,0.007543312156319583,-0.004718075233816066,-0.05244277811059971
2018-08-06,-4.015398824767144,1.4004558959666746,0.016531371549192448,0.00029852628292153323,-0.00448853573308039,0.006994716700329052,0.09406998209433749,0.007393930756282206,-0.0038210903460580425,-0.0022691925372627163
2018-08-07,-4.014695243140613,1.400508648862741,0.016567354562087203,0.0002991664019659647,0.007354217803314356,0.006994219005437698,0.0956704907778593,0.007173148454005023,0.006261090908829203,0.4440785162160253
2018-08-08,-4.014910509864893,1.4004920381943582,0.016604629727015853,0.00029979292833866127,-0.0022731985306165825,0.006994560918249839,0.09469772278158609,0.007307178919513848,-0.0019352169465385316,0.06678522568773981
2018-08-09,-4.013927832638348,1.400567500885259,0.016641689759594364,0.0003004217613820212,0.01035922011391488,0.006994535087658303,0.0948601550830061,0.007284591896979693,0.00881903277761431,0.5350895824838782
2018-08-10,-4.0139684963169255,1.400564117085529,0.016682350910118847,0.00030101086237035773,-0.0004415156443773327,0.006995487536302066,0.09210019870296263,0.007664053976732127,-0.00037582083947462763,0.10859309475748165
2018-08-13,-4.012928375456788,1.4006519413731444,0.016723669139935896,0.00030159248819945135,0.011356593392033432,0.006995709175129513,0.09158739986830422,0.00773333028521666,0.009666496070680708,0.5384562711811284
2018-08-14,-4.012289203641432,1.4007056962567332,0.01676481605159167,0.0003021762232186648,0.006968661788630648,0.006995726136944328,0.09172088339815179,0.0077138029106859265,0.0059315655800400435,0.35950261127077726
2018-08-16,-4.010690840870541,1.4008406071500266,0.01680612884002745,0.0003027581168333147,0.017451137695456254,0.00699584622731698,0.09159074891188919,0.007730779256214027,0.014853754412916587,0.7513438503594567
2018-08-17,-4.009550361799534,1.4009368670840099,0.016847444173304756,0.0003033400544215293,0.0124522487431582,0.006995931968974019,0.09158820182044193,0.007730325338728314,0.010598757574310724,0.5378920818511991
2018-08-20,-4.011423802744304,1.400783699087697,0.016887339944423457,0.0003039382996193898,-0.020211638743954374,0.0069956499291239736,0.0926911948359411,0.007578207697721411,-0.017203872181449142,-0.7189479360369982
2018-08-21,-4.013518879482109,1.4006088764030653,0.016928148996188646,0.00030452615370594836,-0.022777001248942774,0.006995979351964527,0.09198211454207525,0.007675403918232976,-0.019386560970442446,-0.7911973499868055
2018-08-23,-4.015475502787454,1.4004353841911925,0.016971660598994798,0.0003050820291606499,-0.021775969958143904,0.006996805887245349,0.08985240653372316,0.00796714048587542,-0.01853234737157372,-0.7294890434573167
2018-08-24,-4.018852685715741,1.4001332448616983,0.017015573918561407,0.0003056331131569151,-0.037720845367338995,0.0069970245935588055,0.08953094490323961,0.008009876940769805,-0.032101162906707614,-1.299705238089575
2018-08-27,-4.019829443841605,1.400045193465685,0.017059828590734755,0.0003061801040844378,-0.010943247087082497,0.0069972407790482635,0.0892567003277367,0.008046185498019429,-0.009312625436354693,-0.25603066629325727
2018-08-28,-4.021158176004317,1.3999190648559852,0.01710635692360642,0.0003066982938211732,-0.015200698632426679,0.006998032052828657,0.0874125719378203,0.008297553471045724,-0.012934223770264097,-0.4003681667570233
2018-08-29,-4.0233754701284035,1.3997134564066793,0.01715186983017723,0.0003072297729474266,-0.02512811162400208,0.006997883924313675,0.08823958430560909,0.008182407511653025,-0.02138187896954946,-0.7586658863076805
2018-08-30,-4.025488375183126,1.399514966982677,0.017197957865270518,0.00030775399978626064,-0.02407304159137791,0.006998212551567497,0.08777058963247351,0.008245298926974185,-0.020483142486460437,-0.6916440256648513
2018-08-31,-4.0255209130183065,1.3995120634991638,0.017241787882317984,0.00030830673396612393,-0.00036317451741485485,0.006997738648935813,0.08959283655830445,0.007994733589060048,-0.00030903694251804836,0.2621649207806603
2018-09-03,-4.024367554845395,1.3996014173938354,0.017279296442287227,0.000308931658108202,0.012203579946810095,0.0069962712463308655,0.09450982235855783,0.007321941189466828,0.010386598895532728,0.7843744353455439
2018-09-04,-4.023762181040112,1.399658601509702,0.017325624685517182,0.00030945275309598373,0.006912911182911152,0.0069987505560189685,0.08757147159350272,0.008272074434857783,0.005881569196674263,0.5852391726245347
2018-09-05,-4.022920656337179,1.3997290296201084,0.017366599092671207,0.00031003932623295804,0.009162537028361228,0.006997422624942891,0.09184407117026461,0.00768652941740016,0.007797051210278738,0.6864848353322004
2018-09-06,-4.0222986215076695,1.3997792919132181,0.01740599542669666,0.00031064363713269376,0.006683841335203944,0.006997159181169376,0.09306546913880448,0.0075199710150192995,0.005687967766757396,0.5703285039237365
2018-09-07,-4.021337211046918,1.3998576297470915,0.017445763073819186,0.0003112437335827428,0.010362424911290802,0.006997371554522005,0.09277852133861086,0.007559797493740702,0.008818185087751118,0.6951064080107797
2018-09-10,-4.020820678062657,1.3998993270286653,0.017485108626474684,0.00031184847435688216,0.00554797189842926,0.006997373182538513,0.09310302822677627,0.007515770147550334,0.0047211952895480636,0.49137801515414486
2018-09-11,-4.017570480404459,1.4001197644676209,0.017516570606930168,0.00031253320430487503,0.032836653228248025,0.006995677464578555,0.09898078332178006,0.006713151837467763,0.02795000289725813,1.5478571725991288
2018-09-12,-4.013498514108804,1.400396613112879,0.017548128839883027,0.00031321683257452387,0.04116809599837268,0.0069957523603645985,0.09891072678746654,0.006724834815512197,0.03504121067730992,1.796040300802018
2018-09-14,-4.012741785624479,1.4004543489060681,0.01758490290576977,0.0003138487838099829,0.007960602752776325,0.006996921409180046,0.09505919436321647,0.007252691156936906,0.006774725535935389,0.4805140348115687
2018-09-17,-4.013657743465032,1.4003818507875438,0.017623335385879586,0.00031446307979290586,-0.009764856929685983,0.006997331665115547,0.09380146039497712,0.007424391268236294,-0.008309715860207234,-0.22028821994191605
2018-09-18,-4.015124260840719,1.4002686395199455,0.017660643483696756,0.0003150894716548986,-0.01549316694887981,0.006997089398842019,0.09465575246984245,0.007307174057564627,-0.013184860121905118,-0.4420264562385369
2018-09-19,-4.0167273964743675,1.4001414169256448,0.017699198190359144,0.00031570250229270635,-0.01710782165817637,0.00699741312758152,0.09370775927410274,0.007436516281423399,-0.014558275966463086,-0.4939745681789216
2018-09-21,-4.021387038885692,1.3997306912216596,0.017742458166795504,0.0003162616550811182,-0.05175051124838337,0.006998639474807613,0.09004050972482258,0.007936650171703027,-0.044030515623944666,-1.7647818384031295
2018-09-24,-4.028084025280838,1.3988679350747961,0.017801771821775145,0.00031658640294205493,-0.08786674650669646,0.007003883859941131,0.07621753008273373,0.009818915359495898,-0.07470305430022783,-2.8665367342441703
2018-09-25,-4.032476186331011,1.3983766489956293,0.017855377793713878,0.0003170059400183445,-0.05395816511468432,0.007001964648758926,0.08139937747768597,0.009104944138160001,-0.0458870361796766,-1.6138152408842261
2018-09-26,-4.035252714787759,1.3981308122406042,0.017898899017133433,0.0003175631736225645,-0.030908794629315395,0.006999147736839504,0.0898297229007619,0.007953618313926068,-0.026295997940762206,-0.7904626965335568
2018-09-27,-4.039162506842999,1.3977182794937992,0.017950059728149555,0.00031801944916312196,-0.04681301486068978,0.007001566793670107,0.0835193389461385,0.008812351608469953,-0.03981292850973972,-1.2925638112372921
2018-09-28,-4.041685681444875,1.3974704311346389,0.017998154108274298,0.00031851861739440166,-0.02930322175597677,0.007000845870886534,0.0861057061536777,0.008458058339947295,-0.024923992048151433,-0.6660966298475334
2018-10-01,-4.045341983676608,1.397006213021796,0.018056964968128347,0.0003188546561744652,-0.04768084677145268,0.007004650482249217,0.07668282925549859,0.009735945233273988,-0.040533139045306754,-1.2619567145350803
2018-10-03,-4.045951434942447,1.3969577497235546,0.018095698611587333,0.0003194672468924512,-0.006513913782915992,0.006998872777505884,0.09356145723589408,0.007439966179548875,-0.005542001712113276,0.18774054946134652
2018-10-04,-4.04271103150747,1.3971139220757673,0.01811183366892962,0.00032027244615811444,0.029593688731237577,0.006994883564807191,0.10949643568956989,0.0052772181809142915,0.025192505415501998,1.4055065718545272
2018-10-05,-4.040265805267471,1.3972679855778225,0.01813992235587494,0.0003209869773544984,0.02411983647158422,0.006996935035344029,0.10137822629436342,0.0063874190124239396,0.02052670619526431,1.1800331663245969
2018-10-08,-4.037838670857501,1.3974059960181016,0.018163348132192548,0.0003217393954892469,0.023199648074283097,0.006996127919956872,0.10461944949331625,0.005948816112949023,0.019745875936468593,1.113398599047149
2018-10-09,-4.03634329421301,1.3975013391463298,0.018191941028373036,0.0003224491142111778,0.014802537815859829,0.006997011549943765,0.10102163987639555,0.006440998794543911,0.012597267082581354,0.8042524167861745
2018-10-10,-4.034095916939965,1.3976149794297048,0.018210103165316457,0.0003232398635074373,0.02077775812157956,0.00699519271624386,0.10816264487703944,0.005469323625296118,0.017686901259187593,0.9882465422631163
2018-10-11,-4.031466746538377,1.3977104273801264,0.018214200109684383,0.00032411346900342665,0.022451379646233782,0.006993282031831395,0.11710507073574876,0.004251317822134895,0.01911677986898752,1.0302129680194287
2018-10-12,-4.022560237639647,1.3979393627783074,0.018205376316238833,0.00032504156803397157,0.07139090553025085,0.006991890685080889,0.12475691171834641,0.003206786585499047,0.06079964026933027,2.654950901151443
2018-10-15,-4.014818900205879,1.3982445015795804,0.01821280346440475,0.000325897739014987,0.06728356077347986,0.00699309745984472,0.11505540647337158,0.004535116717442693,0.05729175617816118,2.354754079407673
2018-10-16,-4.010082078161369,1.398469287693378,0.018228125254532872,0.00032670704525233473,0.04304828419022755,0.006993735799867614,0.11003509509410825,0.00522172063360823,0.03665214304080422,1.4775849865573312
2018-10-17,-4.001582087299084,1.3988212078084636,0.018237634772703227,0.0003275519301209648,0.07472003908341929,0.006992623796148069,0.11375784818306021,0.004709849183735106,0.06362820554743287,2.4089792327083535
2018-10-19,-3.9965604180604535,1.3990267358704036,0.01824667823498248,0.0003283995669624598,0.04402892890566701,0.006992201802250562,0.11405385875704262,0.004668023207655291,0.03749530712310367,1.3455556725105509
2018-10-22,-3.992064736132383,1.3992163009858303,0.0182569863970681,0.0003292400971040722,0.03969347980582594,0.006991979027417282,0.11325995982369744,0.004775724284039866,0.03380428897902732,1.1644220782724182
2018-10-23,-3.987014435541093,1.3993717843955131,0.018254800288560965,0.00033014324132993637,0.041770386060719034,0.006990276960697952,0.12090624644811404,0.0037223359500884504,0.035581713198935105,1.1915854272348938
2018-10-24,-3.9846896605157496,1.3994585186349806,0.018260096223867157,0.00033101141932708063,0.019973475983504407,0.0069905936775274844,0.11639311190818144,0.004342470961941146,0.017013448100607675,0.4875169410441603
2018-10-25,-3.9821194352705644,1.3995694879224991,0.01827144476160571,0.0003318461664121711,0.022824106593412274,0.006990868085939341,0.1126101139891766,0.004861933459013604,0.019440858012023554,0.582423268363536
2018-10-26,-3.9776495716890596,1.3997100006223084,0.018270134974441257,0.00033274605259466026,0.03712605579444439,0.006989087719786017,0.1203969418742705,0.0037847462328692064,0.03163086513478497,1.0320817448918065
2018-10-29,-3.978246327986304,1.3996745643571322,0.018295446757993095,0.00033348269008423364,-0.005773959586425903,0.006992066451069009,0.10335304366295466,0.006137255490930701,-0.004917234742910281,-0.31782057177233985
2018-10-30,-3.978230541352643,1.3996756731471638,0.01832835572922285,0.0003341517236012583,0.00016117311028462922,0.006993113277813832,0.0979483093244117,0.006879497637755944,0.0001372381239086451,-0.11806486324032138
2018-10-31,-3.977484431019772,1.3997420147234432,0.0183718652330874,0.00033470510084007617,0.00830265624933979,0.006995252489418122,0.08986405199305597,0.007990403828251587,0.00706750967163039,0.1555263969825207
2018-11-01,-3.9793379975818097,1.399583600494167,0.01841365276700139,0.00033527990598303795,-0.020318094075773452,0.006994643091107644,0.09122738358850752,0.007796707146123151,-0.017296974953117328,-0.7648424349271502
2018-11-02,-3.980084591552422,1.3995281050015864,0.01844920839490644,0.0003359238391998097,-0.007777273791097272,0.0069931173515270775,0.09599687379743455,0.007135597134844569,-0.0066223071613507045,-0.34956783174613243
2018-11-05,-3.978516437863635,1.399630736481269,0.01847902942294842,0.00033662323784421354,0.015652470362016224,0.006991905248377249,0.10018569928695098,0.006556887015839469,0.013330305562954337,0.395747221672534
2018-11-06,-3.9800463333053453,1.3995028293774636,0.018519864541414462,0.0003372096861268983,-0.016634057514777645,0.006994181458083059,0.09197367751980605,0.007689471056105479,-0.014161656367761566,-0.6381492823674308
2018-11-07,-3.9807280277424213,1.3994440644583745,0.01856207563578177,0.00033778024735194105,-0.007499727244737464,0.00699448765699349,0.09089589725470427,0.007835607505621971,-0.00638472666616785,-0.3359263974583032
2018-11-09,-3.9813541525059564,1.3993998510633758,0.018595349461160416,0.00033844752483342094,-0.0064095738992495654,0.006992504982904934,0.09768586389316573,0.006898024064281126,-0.005458195956258294,-0.29855592522697644
2018-11-12,-3.981594537715411,1.3993822315987965,0.01863030096755634,0.0003390980570284717,-0.002492392139687105,0.006992854696120219,0.09644758769174476,0.00706929872658427,-0.0021223383296185006,-0.1657838775015116
2018-11-13,-3.98293746491674,1.3992724983917912,0.01867013509235297,0.0003396963388905672,-0.01447898332116715,0.006993932441698303,0.09275010348038354,0.00757879227920153,-0.012327340263654563,-0.5422771571963454
2018-11-14,-3.982054609898366,1.399324815891553,0.018695516286925985,0.00034043430137439346,0.008545501188202742,0.006991085120315209,0.10331225740074053,0.006122227194119707,0.0072785638767172145,0.19781194721705478
2018-11-15,-3.9801887156170066,1.3994338178505825,0.0187202427349551,0.00034117741743707857,0.01798183934150721,0.0069909560000613255,0.10376548504980794,0.006061780275056967,0.015316174057526055,0.49384226859149577
2018-11-16,-3.9805302683186192,1.399411398909833,0.018750194101087858,0.00034187562079836855,-0.0034123439552216084,0.006991813267651599,0.10009328077556172,0.0065699533938291,-0.002906134620824119,-0.180664297322678
2018-11-19,-3.981815570869967,1.3993175053874884,0.018784971763518434,0.0003425275585800167,-0.013308506914654572,0.006992690229630268,0.09657751689127692,0.00705515073527714,-0.011332814850772976,-0.4838224290208859
2018-11-20,-3.9827607532235634,1.3992573730289206,0.01881352061075544,0.0003432383610980675,-0.00934962743490697,0.006991440098643162,0.10109304998266251,0.006431524569980956,-0.007963067793660628,-0.36395555673111857
2018-11-21,-3.981980113751995,1.399290210498051,0.018823978992163173,0.0003440799216641398,0.006896628509790226,0.006988719232583666,0.11319146311274421,0.004761380011065442,0.005876138027392841,0.1433477933226061
2018-11-22,-3.981082484449935,1.399331723458859,0.018838427615094955,0.00034489694303016635,0.008113221770014611,0.006989074289565078,0.11063783630042552,0.005116704804177585,0.006912361447017901,0.16742627939310853
2018-11-26,-3.9828804978634165,1.399220497172008,0.018865675914586485,0.00034561854114445017,-0.017625250975080498,0.006990816685096379,0.10201349280208036,0.006310621449205118,-0.015012746264870813,-0.68739455768369
2018-11-27,-3.984771331697597,1.399065702148843,0.018905534036924618,0.0003462154676503087,-0.020389271691306554,0.006993163450545227,0.09273670304694207,0.007591983936868547,-0.017361241674507255,-0.7702990209370442
2018-11-28,-3.988026489803342,1.3986409349100666,0.018965185283672345,0.00034652841823934645,-0.04287148522460971,0.006998790660113687,0.07592827933743691,0.00990791983415481,-0.036475249771815044,-1.466773255685127
2018-11-29,-3.9903528935834753,1.3983918920088545,0.019016809076876025,0.00034697403517285394,-0.02797687023466544,0.006996162355334114,0.08315454018336486,0.008901742729730775,-0.023811787485087166,-0.9845399979936796
2018-11-30,-3.991997542225575,1.3982183756719855,0.019067839081297583,0.0003474289497793841,-0.019657834587529344,0.006996086264918145,0.08366377460227252,0.008826828616158916,-0.016731438030118895,-0.7207018648846476
2018-12-03,-3.993856064195733,1.3980183469925302,0.019119728554938927,0.0003478716495198768,-0.022412363713372407,0.006996487023526608,0.08292396080689543,0.008924925635390575,-0.019074816884304013,-0.7933145837689941
2018-12-04,-3.995212297127697,1.3978590914828888,0.019175252364725715,0.000348258384858092,-0.017011841914202463,0.006997802548265673,0.0797228741487517,0.009361450126600064,-0.014475794290515154,-0.6031344820750174
2018-12-05,-3.996642431838301,1.397705097614028,0.019227195561093122,0.00034870118904192164,-0.017256502056510747,0.006996913768990339,0.08287512184802763,0.008923817141879484,-0.014685846842269257,-0.5964448949651522
2018-12-06,-3.99873764710753,1.397505992647212,0.019273785484771225,0.0003492188748005195,-0.023979022953523277,0.006995662748304492,0.0873770075323638,0.008303297728267132,-0.020410581012820117,-0.7894565423074295
2018-12-07,-3.998825591375634,1.3974978296204925,0.019319346583716233,0.0003497498490275589,-0.0009969336408381935,0.006995629076378414,0.08821476626074298,0.008188134480737706,-0.0008485788941783312,-0.05605325763597242
2018-12-10,-3.999505272812908,1.397442699641278,0.01935892306118197,0.0003503523181392249,-0.007312706199757102,0.006994416215704241,0.09294526796342545,0.007538929871987897,-0.00622557402980739,-0.24730033853776914
2018-12-11,-4.000871021248749,1.3973186049515904,0.019403535960395717,0.0003508950471976241,-0.01534915678180937,0.006995781771302766,0.08897872731741648,0.008084788724994352,-0.013064747404055055,-0.49046271184998425
2018-12-12,-4.00250962335426,1.397161106601618,0.019450612897687514,0.0003514061135016409,-0.01884056545970303,0.006996580225874496,0.08697202369086708,0.008359534129123726,-0.01603470090815584,-0.5774760472601144
2018-12-13,-3.9991199750301214,1.3974232397760704,0.019488037692896285,0.0003520318849072905,0.03583695339009907,0.0069944755805954875,0.09458528148977347,0.007314605446477647,0.03050904913346386,1.1739093625287784
2018-12-14,-3.9956321641948143,1.39770173274789,0.0195268902742551,0.0003526420320137284,0.037303990807778575,0.006994921961518862,0.09349698945829751,0.007465500762495248,0.031755954464101066,1.1911334944739127
2018-12-17,-3.9945225208603232,1.3977915086065058,0.019566327688943473,0.00035324561094912806,0.011925599458001201,0.006995166017334583,0.09304717455914835,0.007527995463199241,0.010151610385230825,0.37637488305685063
2018-12-18,-3.9955914419904652,1.397709080281252,0.01960360253989751,0.00035387261567455434,-0.01128788468763453,0.006994803295818808,0.09469631908208252,0.00730237130648301,-0.009609256960137813,-0.36046812915788484
2018-12-19,-3.9969137954787954,1.3976181263384746,0.019635701452255242,0.0003545513793408201,-0.013420471387339816,0.006993863331189683,0.09853256641773206,0.00677725395421776,-0.011426240946526889,-0.43040504763026904
2018-12-20,-3.996697978837745,1.3976319295580786,0.019664497852548826,0.0003552601112647623,0.002138826832625007,0.0069933190145379425,0.10090421429110759,0.006453640562890679,0.0018211471257689738,0.035172337130217966
2018-12-21,-3.995320431457731,1.3976938676835546,0.01967769022830898,0.00035608461782137994,0.012362288139603272,0.006991051543886454,0.11143142470535124,0.005010247680420693,0.01052953291525327,0.33786867469608073
2018-12-24,-3.99550733979664,1.397683298637311,0.019700906127808445,0.00035683909857544513,-0.0017836285011521014,0.0069923434568048585,0.10479106988272559,0.0059255872156240945,-0.001518918249047374,-0.19504617161477325
2018-12-26,-3.994159569728328,1.3977488256940906,0.019717444919491463,0.00035764181343437586,0.01233537034994825,0.006991291971892206,0.10926060832195927,0.005312127234183252,0.01050624446971149,0.29498171237436477
2018-12-27,-3.9925479666258044,1.3978439421700126,0.019742561765527307,0.0003583809702815865,0.015573224817402753,0.006992380366910126,0.10348550935465652,0.006107692981846882,0.013261915524191537,0.3871969026677571
2018-12-28,-3.990137293925399,1.3979795740185628,0.01976554003316863,0.0003591371554365901,0.022968313712634192,0.006991896737548393,0.10495645133404803,0.005905172240635727,0.019560810891983138,0.6417099942707711
2018-12-31,-3.9875497313440813,1.3981284269280438,0.01978951151956529,0.0003598855561350782,0.02481417694760335,0.006991889001879645,0.10427759045892682,0.005998704280842517,0.021132851362301253,0.6892012373092978
2019-01-01,-3.985205781019467,1.398277246415106,0.019817920063428796,0.0003605969643293227,0.023165003029449238,0.006992445846932385,0.10118497811697026,0.006424324092385696,0.019726770790184034,0.6038405362542314
2019-01-02,-3.984169963703626,1.3983532338971225,0.019852864191448535,0.0003612468545225257,0.010739571715281393,0.006993492177308394,0.09644866139001027,0.007075466697447847,0.009144197925477826,0.12474356257797509
2019-01-03,-3.9815058233678706,1.3985232405270072,0.019881520950944757,0.0003619563383242385,0.026374769533424214,0.006992234463620708,0.10101094276403406,0.006445805324258361,0.022460811315491824,0.7458265698987968
2019-01-04,-3.978631941837517,1.3986850177432786,0.01990455136672149,0.00036271243589025483,0.027389631397491065,0.006991233273976585,0.10492589289160784,0.005906513086053164,0.023328410194832117,0.7820502802686744
2019-01-07,-3.9762735632022075,1.39884292332885,0.01993537453017137,0.0003634023167158506,0.0237107812344588,0.006992385462452723,0.09946440026540301,0.006659653429803541,0.020191717019589106,0.6280369550589108
2019-01-08,-3.974182087795189,1.3989812050687143,0.019965634404457585,0.0003640974522045706,0.020941974579453237,0.006992177710579309,0.09987001937585484,0.0066030898538096666,0.017834376026097942,0.5181738717547706
2019-01-09,-3.9709899520412058,1.3991870578371528,0.019994771898452588,0.00036480276096490053,0.031708102836260466,0.006991885662143332,0.10067255585952664,0.006492118733864736,0.02700403667246931,0.9344153668870065
2019-01-10,-3.96788593568852,1.399393240114318,0.020025246290965984,0.0003654960004522889,0.031128128121896914,0.0069920222525348494,0.09971741122789791,0.006623664499125934,0.026509586420568,0.9846577928584699
2019-01-11,-3.9606549311142167,1.3997528751439237,0.02004282899760785,0.00036629213433628607,0.066592780257408,0.00698997093001178,0.10858541340896705,0.005400510809360152,0.05672892139815744,2.4574074230818637
2019-01-14,-3.948718106797028,1.4002610454041906,0.020053746092307666,0.00036713068537375516,0.10573048002112984,0.006989034368341983,0.11289861083391481,0.004806279704447208,0.09008153470655955,3.6212576396329443
2019-01-15,-3.940467937504018,1.4008181272401763,0.020084934518647415,0.0003678169425754937,0.08316199340685948,0.006991744525016448,0.09920600691528922,0.0066987552025157705,0.07082589783983373,2.7373474879047848
2019-01-16,-3.93230738174259,1.4013842519832342,0.020117354545151102,0.0003684917034258447,0.08300525240818057,0.006991811204983161,0.09831372744098031,0.006820348431374295,0.0706917333256154,2.585075709247722
2019-01-17,-3.928151828085495,1.401728513866401,0.020157762788447834,0.0003690827194621366,0.04501696111784881,0.006993277284627328,0.09231084359995967,0.007647381667223759,0.03833082571328461,1.2469579744150716
2019-01-18,-3.9253700157201887,1.4019635038058476,0.020199056342318868,0.00036966380180810906,0.030361912042948802,0.006993399846814413,0.09162177801487954,0.0077396291483267515,0.025851961881066643,0.7471726995561493
2019-01-21,-3.9218360930319447,1.4022699804716192,0.020241531735772884,0.00037023115411048766,0.03896563829127064,0.006993638146655238,0.09069330936728558,0.007865305926229733,0.03317656248099077,1.029800063303347
2019-01-22,-3.9182457235601715,1.4025621860588027,0.0202811891052304,0.00037083146438440275,0.038650916880063946,0.006993032635922725,0.0928922199417491,0.00756012045174018,0.032911448313960534,1.0028790623944484
2019-01-23,-3.91489869243919,1.40279095417281,0.020312996175580664,0.00037151289001558494,0.03389037694003605,0.006991536771750163,0.09876051620504217,0.006750238110725408,0.028863999068425628,0.8417835653758424
2019-01-24,-3.913450860068942,1.4029080301418755,0.020352363356955623,0.0003721164233158817,0.01554878624039091,0.0069930104834142,0.09311545916600059,0.007529588950243728,0.013239910901857499,0.19415221464082497
2019-01-25,-3.913733205048429,1.402882850013376,0.02039609088480388,0.0003726688628269884,-0.0031477098316470276,0.006993993696107014,0.08969854103078166,0.007999507529637922,-0.0026799223014446483,-0.4527272709369132
2019-01-28,-3.9163095540415624,1.4026122975892215,0.020446917333441495,0.0003731265810018955,-0.030729699677030986,0.00699582314071056,0.08383905538325573,0.008804265157099185,-0.026156055064490147,-1.3642961776550921
2019-01-29,-3.9199981380827795,1.4021844942191062,0.020501915828584055,0.0003735212455993316,-0.04599446505754656,0.006997111834533265,0.08019625919341057,0.009301192427827698,-0.039141683923910264,-1.8315228546112752
2019-01-30,-3.923388237555747,1.4018186395148882,0.020553936457833377,0.0003739624577524074,-0.04093763298889552,0.006996407894565036,0.08281132115985508,0.008936879773122982,-0.034841781733028654,-1.6113295288662413
2019-01-31,-3.9254054677135004,1.4015732483497996,0.020610913047359288,0.0003743257915810133,-0.025727157610611506,0.006998058098295642,0.078408590186465,0.009538215173343328,-0.021891071133071094,-1.080055902424466
2019-02-01,-3.9271923661917514,1.4013533186640248,0.02066837979008272,0.0003746814790282057,-0.02292113898988557,0.006998440496599557,0.07795853770790609,0.009595059210266809,-0.019502382455206302,-0.9826569834407062
2019-02-04,-3.929875744545321,1.401012135178785,0.020727161058950866,0.00037501512228513636,-0.0349668493715507,0.0069991258042734145,0.07674063868484576,0.009757341349644549,-0.02974852599134259,-1.338651020018643
2019-02-05,-3.9320731409516028,1.4007611456923204,0.020781616872270196,0.0003754209297505156,-0.027238398303365052,0.006998085811190029,0.0806727466794601,0.009214546452743376,-0.02317688423006281,-1.0722794131341102
2019-02-06,-3.934590622632351,1.400445080906509,0.02083992192030838,0.0003757637214141791,-0.03261820771203805,0.006999564628890645,0.07718025781714336,0.009689826878337408,-0.027748647175064534,-1.2115413280486171
2019-02-07,-3.93712268994614,1.400137820708902,0.020896875689891493,0.00037612985572675617,-0.032287901322886725,0.006999455657864805,0.07842155141851577,0.009516264142858326,-0.02746807973849208,-1.1817947561868678
2019-02-08,-3.938569782434637,1.3999915213121517,0.02094620889462154,0.00037661199148070044,-0.017006310800975477,0.006997631697556153,0.08509149958696902,0.008602653359825607,-0.014471441049273892,-0.6927456072304131
2019-02-11,-3.9398600398010144,1.399863751881485,0.02099464492795284,0.0003771063443539992,-0.015030761481213517,0.006997704367292731,0.08584111776306487,0.008500529452647607,-0.012790223722189964,-0.6136221866126123
2019-02-12,-3.9416066992551704,1.3997101461917232,0.02103786816026105,0.00037766723893952153,-0.01938969079182229,0.006996743507063518,0.09008186220755213,0.007922028845686645,-0.016501661674466206,-0.7366366398036029
2019-02-14,-3.9439765607240767,1.3995145307102974,0.02107825172582688,0.0003782610514680818,-0.02567297239343258,0.006996363828162223,0.09230958661852094,0.007619510449667328,-0.021850255356635984,-0.9186743295832911
2019-02-15,-3.9448431377316684,1.3994498182497928,0.021114105581022058,0.00037890334066008677,-0.009049739257455336,0.006995654770032179,0.09575712436996556,0.0071507541448111835,-0.007703009721133469,-0.41158111801823766
2019-02-18,-3.9413301706896013,1.3996305746264326,0.02113314669241363,0.00037968900045542514,0.032649626285899735,0.006993149555226235,0.10759593421698842,0.00553624642000719,0.027800854656089058,0.8432814330447849
2019-02-19,-3.9350928422172884,1.3998360249558537,0.02113355150123004,0.00038058094297863153,0.052258433963096707,0.0069912353199246225,0.11935544177840156,0.003931429127137096,0.044509756599985906,1.3927003603782444
2019-02-20,-3.9283047929365402,1.4001152575712563,0.021142874181252203,0.0003814275021303313,0.05960676099000839,0.006991973099223536,0.11388052576595871,0.004684579580653157,0.0507631452789834,1.547042537058013
2019-02-21,-3.9237008450050923,1.400322998408801,0.021156105822746893,0.00038225083964686684,0.04132926496255074,0.006992233741564246,0.11139680165180066,0.0050264827533941046,0.03519609590581041,0.9777942356929007
2019-02-22,-3.9206161032211977,1.4004864950898026,0.021176368847614563,0.0003830268437795191,0.028888002320027084,0.006992897212765371,0.10678280033770678,0.005659674185506668,0.024598754284946622,0.5882492680971557
2019-02-25,-3.9198006264510776,1.4005525778430539,0.02121578931309051,0.00038362903075151724,0.008763332131004553,0.006995862859203676,0.09305555899620349,0.007540824912653563,0.007459002164985407,-0.028910790352332846
2019-02-26,-3.923642987523051,1.400138108687309,0.02126776205024778,0.00038407020562942617,-0.04638331712908528,0.006998663247608164,0.08283929028361392,0.008935737704818243,-0.03946385036844546,-1.6435695250473832
2019-02-27,-3.928707009760423,1.3995637777312684,0.02132186664407224,0.0003844798652913314,-0.06253678801652995,0.006999212069692727,0.08097669224766145,0.009183889583341105,-0.05320337313701273,-2.0393778601186088
2019-02-28,-3.9289803990987155,1.3995446902368716,0.02135463324252703,0.000385152132587035,-0.0027884795437795873,0.006994503022336312,0.09804243997498652,0.006845126204855014,-0.0023739050780910986,-0.33496953134382584
2019-03-01,-3.9290265703757754,1.3995411958051567,0.021391046434261145,0.00038578790203767623,-0.00048427100989467675,0.006995200955039716,0.09534181505109708,0.007215859804904245,-0.0004122313580037229,-0.2778506625519459
2019-03-05,-3.929805285798042,1.3994849741972235,0.02142532240408397,0.00038644531323901694,-0.008033513844104334,0.006994839075807512,0.09693335162897715,0.006998383151395756,-0.0068388104665935145,-0.5066651425520549
2019-03-06,-3.931214110243775,1.3993756133494644,0.021462874612422272,0.0003870690194381293,-0.01491099586511968,0.006995465625928919,0.09448225044636326,0.007334241706476938,-0.012692371395134572,-0.6974516198284608
2019-03-07,-3.9344666118062124,1.399103984710901,0.021503716846711842,0.00038765642074396636,-0.03537047804323468,0.0069961416548856015,0.09195526162980784,0.007679529754483368,-0.030104754083700058,-1.2614193754196055
2019-03-08,-3.9391264424220123,1.3987003510971032,0.021546195794992434,0.0003882248408442742,-0.05139226698590793,0.006996520454897186,0.09067182455830289,0.007853975655686489,-0.04373895633759872,-1.6682648014860004
2019-03-11,-3.9428309933106713,1.3984006829138973,0.021585617950766103,0.00038882844969042815,-0.03981087919956838,0.006995942346567035,0.09305373212403718,0.007527293775746254,-0.03388506287147841,-1.3200886589659455
2019-03-12,-3.946431745694857,1.3981170769663516,0.021623839557493498,0.0003894452009257225,-0.03831708595956762,0.0069957622515276485,0.09397250062244383,0.007401553130762744,-0.03261445910249705,-1.2343798347849442
2019-03-13,-3.9485756220690416,1.3979612869818139,0.02165841600459356,0.0003900997282393312,-0.022168217386543176,0.00699513647224745,0.09670946187517172,0.007027627969411114,-0.01887067037105261,-0.7633482586183372
2019-03-14,-3.949551503958428,1.3978956972134897,0.021689444195383066,0.0003907881627870222,-0.009827471016622624,0.006994563943696861,0.09930142635230142,0.006674124829593828,-0.00836630851665987,-0.4126114073893753
2019-03-15,-3.952244870468528,1.397645234175311,0.021735061024093595,0.0003913178780254845,-0.030551450456692386,0.0069974094162379725,0.08815838429398531,0.008198073559018528,-0.025998440462807082,-0.9680204819074634
2019-03-18,-3.9546465509972606,1.397449385657188,0.021774844743167456,0.0003919174503974288,-0.025887472406398437,0.006996208646810282,0.0927738518086941,0.007565378150806452,-0.022033304927036923,-0.8316715867362808
2019-03-19,-3.955132294738257,1.3974103246283343,0.021814001623246062,0.0003925240050574853,-0.005208714768976996,0.006996135322262415,0.09325596861043191,0.0074991683334803315,-0.004433279611207652,-0.2645749139745957
2019-03-20,-3.9528664065647776,1.397582263728483,0.02185053919945398,0.0003931585878380975,0.023790050750201353,0.006995688231281302,0.09524520133527554,0.007227353230726736,0.02024965697355441,0.5192168013037815
2019-03-22,-3.9497156706935934,1.3978072847823526,0.021884325677174906,0.0003938208583319604,0.0323847020890371,0.006995238220258647,0.0972908709341066,0.006948374984308165,0.027567040622940908,0.7342355031617235
2019-03-25,-3.9464724208413777,1.3980107237698889,0.02191221626404265,0.00039453713208153075,0.031941602835524385,0.006994304857070955,0.10153685364243865,0.006369091387924211,0.02719348674542843,0.7106231759396368
2019-03-26,-3.9446462588296862,1.3981269774996283,0.021940765291584077,0.0003952475689092742,0.01806801329342811,0.006994397954321485,0.10107154461500842,0.006434228703034062,0.015382000170152565,0.33526667922729897
2019-03-27,-3.9416986404069663,1.3983011759860773,0.02196594460525922,0.0003959862517564442,0.02849830727661562,0.006993865770705251,0.1034313509960107,0.006112590644703797,0.024263559939939228,0.6131700389859761
2019-03-28,-3.940506765963162,1.3983907746111248,0.022002022851149394,0.0003966250163100706,0.012468597319484687,0.006995566147430678,0.0955900983298034,0.007185942632664,0.010613227671399272,0.18745602667494057
2019-04-01,-3.939432389647918,1.3984878143120756,0.02204634100055619,0.0003971707613184783,0.012043716970496554,0.006997161392513595,0.08920637357019076,0.008057288392645683,0.010249233761671306,0.18123151516738292
2019-04-02,-3.9407612714270503,1.3983355289295496,0.022100900857158937,0.0003975740236721611,-0.016493216853960213,0.006999672780901448,0.08057141253275196,0.009233212894389912,-0.014030733629661896,-0.5755206509377953
2019-04-03,-3.9425915975729757,1.3981384573170823,0.022152875206288513,0.00039801726827940235,-0.022095889610215913,0.006999052888200824,0.0828355942310158,0.008918926367927144,-0.018798576541520617,-0.7036896803125957
2019-04-04,-3.9408012836860022,1.3982636312918806,0.022185723317117306,0.00039868900072431485,0.018272551685219796,0.006995169982718603,0.09797831839882817,0.0068503828559135305,0.015554414765709623,0.3870375341172298
2019-04-05,-3.9401283047322533,1.39832177256645,0.02222810820447771,0.00039925896696941615,0.007416352231648382,0.006997036605705736,0.09074258243522752,0.00783960534146316,0.006311447162199002,0.10184007301577021
2019-04-08,-3.9399992385439755,1.3983341749363807,0.0222751960574297,0.0003997703823646385,0.0014843159755892898,0.006998148269931062,0.08695331075074851,0.008355613046355013,0.0012629785388380554,-0.04977153211596606
2019-04-09,-3.94179764945766,1.3981472188733648,0.022325694306764576,0.00040023542175215233,-0.02138448371964241,0.006999068416677968,0.08409886987509725,0.008742603537545014,-0.01819329156706928,-0.6456756056051419
2019-04-10,-3.9412149865627684,1.398190092325117,0.02236086532213595,0.00040088441829399374,0.006052817163611834,0.0069959968619820465,0.09626309190277878,0.007083222670235753,0.005151820207085933,0.1099434769902867
2019-04-11,-3.940604792271317,1.3982295694700226,0.02239017382532584,0.0004015885336896588,0.006069915876583565,0.00699513726586307,0.10052763561443664,0.006503738389182633,0.005167008546267837,0.14176761114940317
2019-04-12,-3.939049748250641,1.3983290197235145,0.022418941522600547,0.00040229719148820753,0.015409956955983795,0.006995108576197628,0.10091163947555944,0.00645363603389739,0.013117761015907448,0.4819830610196187
2019-04-15,-3.9455517551083386,1.3975725102473093,0.022474152549572548,0.0004026908671476969,-0.08128852470441306,0.007000591582629576,0.0799867740414848,0.009306473194785739,-0.06914284557286976,-2.3803633506360202
2019-04-16,-3.9523157693548416,1.3967568409198021,0.02253085255402206,0.0004030612057237471,-0.08600888164235787,0.007001086213771161,0.07864320657754062,0.009483547651497197,-0.07315274438521335,-2.4592752098905626
2019-04-18,-3.959672704990084,1.395844058348479,0.02258872388783964,0.0004034126930400256,-0.09484309606035346,0.007001566881218847,0.07756954318067304,0.009624133007449255,-0.08066093087818871,-2.5596114466297024
2019-04-22,-3.966107514498677,1.3950556949833017,0.022646107069670116,0.00040377301343973545,-0.0824791964106577,0.007001618987966139,0.07801736424000268,0.009558329851470992,-0.07014531922461309,-2.0803299933730206
2019-04-23,-3.9707054742254484,1.3945488799133696,0.022699149581725066,0.00040420248989794083,-0.05614127317048734,0.007000660943155101,0.0818998121543905,0.00902749512632348,-0.04775248333976734,-1.2803203456855563
2019-04-24,-3.974996256841443,1.3940286421223034,0.022756135359220636,0.0004045701612670937,-0.054744531596849555,0.0070019747596560215,0.07837828712451414,0.009503009266703262,-0.046555709766032294,-1.2019878406838336
2019-04-25,-3.9800873576509366,1.3934168096800417,0.022812774532457107,0.00040494392363148537,-0.06469611218275961,0.007002135769884521,0.07869253093773912,0.009457020238453673,-0.05501744329996683,-1.4412530720575343
2019-04-26,-3.9851485644924898,1.3927044628452512,0.02287563471066325,0.0004052082001106267,-0.06950511853403984,0.007004307746745365,0.07281775714222292,0.01024883993891237,-0.05908868401375322,-1.5185956270598282
2019-04-30,-3.989086403442911,1.3921388990319845,0.02293927547649836,0.00040545819874476943,-0.0546576312611915,0.007004875794981897,0.07204554715522411,0.010347389746254876,-0.04646255798119725,-1.0595726909179324
2019-05-02,-3.9929760904144973,1.391736257790878,0.022989713790777293,0.00040592712690052415,-0.0462312532353657,0.007001451711346483,0.0841354430039703,0.008709286747138095,-0.03931880566289969,-0.8100092230566961
2019-05-03,-3.9925479395671566,1.3917624231299532,0.023016461462485607,0.0004066535492902665,0.004184584066148744,0.0069973308919831,0.10231622559679165,0.006252793267293406,0.0035610054172074967,0.5938993567339422
2019-05-06,-3.99451219770605,1.391617634849866,0.023051728379797264,0.00040730183016440255,-0.02042439975729149,0.006998867487148083,0.09617213539859999,0.007088985811479977,-0.017376979149025473,-0.11437880838294119
2019-05-07,-3.9950028211837365,1.3915826335852683,0.023085485708014487,0.0004079646914247274,-0.005043009471726201,0.006998754427182235,0.09728783585217264,0.006940551032807754,-0.0042906370379398595,0.3137882636646126
2019-05-08,-3.996172623294401,1.3914981357725582,0.02311979651252846,0.00040862195514695677,-0.012074846335825562,0.006998941556223447,0.09687925445425985,0.006997837517777899,-0.010273111325144413,0.10845141118286579
2019-05-09,-3.9980826598158252,1.3913426104304447,0.02315954672679434,0.0004092224940459444,-0.020587900546193083,0.006999971749362442,0.09277471091036321,0.007554210870824524,-0.017513321614291755,-0.14107110066274856
2019-05-10,-3.9980442867965778,1.3913450891501806,0.023188737852670907,0.00040992703955514007,0.00038148455383790747,0.006998253379539844,0.10058865781391046,0.006497562512021934,0.0003245936686440132,0.4439852005359899
2019-05-13,-3.997143391898428,1.3914020206374027,0.02321691452642583,0.0004106402110449175,0.008892670594274676,0.006998124584181765,0.1013075755588841,0.006402068604533666,0.00756664370078397,0.6659336629636663
2019-05-14,-3.994616492272907,1.3915307598953581,0.023235342817594873,0.0004114284794926994,0.023402860952617566,0.006996832589190578,0.10797396227053824,0.005501005121381048,0.019916830080727976,1.04523682413821
2019-05-15,-3.992396156520744,1.3916534446469155,0.02325739472310964,0.0004121904946079571,0.021036732645758782,0.006997207837818644,0.10554565623624274,0.005831929968556855,0.01790219413501326,0.9528972216906574
2019-05-16,-3.9890998078453577,1.3918616874628764,0.023285522221796525,0.00041290365671193977,0.03252645539153676,0.006997935716536258,0.10134361816271747,0.006402259743776378,0.027677033420724584,1.2363612401162811
2019-05-17,-3.9866360857238305,1.3920081467392793,0.02331088061649463,0.0004136398831321722,0.02385453633554313,0.006997444847712654,0.10328107353972722,0.0061396823791853355,0.020299448737768344,0.968790757298546
2019-05-20,-3.9878922933384238,1.3919040016007838,0.023351390281002582,0.00041423099775562435,-0.013626383546014864,0.006999786485546602,0.09218936266919348,0.007642903793497199,-0.011591738221781611,-0.06629627527873115
2019-05-21,-3.9886413272086703,1.3918543085572892,0.023381768220188136,0.0004149245650228551,-0.007509566048720551,0.006997995266581106,0.09974396195291617,0.006617298945404183,-0.006389898295093843,0.10112787422141463
2019-05-22,-3.9872929619315887,1.391930108181055,0.023404610167251188,0.00041568072766736064,0.012840119327218957,0.006996877318573765,0.10501189612961405,0.005903342627429333,0.01092741782828277,0.6758124631704614
2019-05-23,-3.985404687640004,1.39202132094604,0.023420676286437236,0.00041648488000821973,0.017239343048200517,0.006995980121856003,0.10953284509190149,0.005290965249082435,0.014673201913732115,0.8320815556960607
2019-05-24,-3.982103501994591,1.3921848306583913,0.023437840050694977,0.000417281659483473,0.030337778793550818,0.0069959713156225525,0.10881434886440895,0.005389640206161304,0.025821918674411748,1.2463201435432274
2019-05-27,-3.9800573334088876,1.3922985653447857,0.0234601512636256,0.0004180416317720192,0.019417817683087257,0.006996427750290037,0.10537582642388586,0.005857233199463771,0.01652634497920147,0.9528089451693242
2019-05-28,-3.976873580902203,1.3925082335127283,0.02349016617429829,0.00041873810855107984,0.03183483438381529,0.006997326053505054,0.10000845200888164,0.0065861240367941125,0.02709088747963051,1.3142935071232464
2019-05-29,-3.9764892384215966,1.3925400424978847,0.02353058335643165,0.00041932999230070354,0.004165563673090844,0.006998932669004492,0.09226662002299534,0.007636177874723241,0.0035440081384248145,0.5043686155005312
2019-05-30,-3.9776720557695575,1.3924192497159578,0.023580308492792607,0.00041980567100519307,-0.01395775755879125,0.007000786466418713,0.08474264888029319,0.008654168222810458,-0.011871936581883347,-0.04475312482360137
2019-05-31,-3.980594473433167,1.3920424398925864,0.023639716987582066,0.0004201308400121534,-0.03838625214001201,0.007003288396555464,0.07613188317916397,0.00981627021041457,-0.032638218788958895,-0.7914897621335335
2019-06-03,-3.984230430748669,1.3914881869342717,0.023705500026143005,0.00042033574335469863,-0.052025239295977244,0.007005385853048075,0.06988833429129597,0.010653539816731896,-0.04422163282065128,-1.163236661272968
2019-06-04,-3.9867590781313655,1.3912103330880996,0.023758433650140177,0.00042076745724312444,-0.030841675849820227,0.00700180728755393,0.08198800204663444,0.009009038533610746,-0.026228929375678334,-0.518677993927142
2019-06-06,-3.988066579804449,1.3910868353971928,0.023804850963052144,0.0004212894244862013,-0.014944968874494258,0.007000515350422005,0.08748774815549408,0.008263496026248415,-0.012712113195345154,-0.04334580566709979
2019-06-07,-3.9896037971259606,1.3909334211279598,0.023853673774204148,0.0004217796977674607,-0.0179797766426244,0.007001232049073239,0.08549701990553779,0.008532601504586441,-0.015291939422068523,-0.13190460512403873
2019-06-10,-3.991708809719101,1.390668438339869,0.023912205558862233,0.00042212258292152,-0.027356837630757802,0.007003864478124934,0.0769464885361482,0.009686162986645265,-0.023258457421395207,-0.41494286870997704
2019-06-11,-3.9943207612495315,1.3903263852430863,0.023972319558337517,0.00042243854950749763,-0.03461343178908294,0.007004539418764315,0.07546063465612071,0.00988209140506735,-0.029425091714385232,-0.64392841275539
2019-06-12,-3.99707682360181,1.389978652679326,0.024030976379238504,0.0004227804121903705,-0.0358733392732411,0.007004375192903242,0.07682759419986633,0.009693342487901102,-0.03049686185072531,-0.6847374532439768
2019-06-13,-3.9992773545046565,1.3897303048191116,0.024085088123524556,0.0004231959351565624,-0.027185190779345447,0.007003439418412966,0.08094594298444531,0.009135409871876932,-0.02311392808172208,-0.4310924569833315
2019-06-14,-4.0014632023867955,1.3894972047344523,0.0241368127611562,0.00042364693744448967,-0.026327112139806097,0.007003128877302627,0.08302649643194232,0.00885399368610787,-0.022385348162218932,-0.4029122608362404
2019-06-17,-4.003094273094014,1.3893365970969636,0.024185098451527616,0.00042414552218982986,-0.018980043353749032,0.007002603800629797,0.08593608965053767,0.00846192152964876,-0.016139511799492468,-0.17715657145036465
2019-06-18,-4.003466588960862,1.3893010219868829,0.024232063446349605,0.00042466131411097037,-0.0042781746078848215,0.007002555143887373,0.08702680488116621,0.008315488109116174,-0.0036379331727474096,0.25264888913737366
2019-06-19,-4.004061732621388,1.389243279610519,0.024279696267371077,0.0004251683618514326,-0.00688226687397453,0.007002910467493918,0.08647494661621845,0.008390022854580587,-0.005852018415529514,0.16475440148595624
2019-06-20,-4.00515001368067,1.389130942941087,0.02433002204505637,0.00042563907388193335,-0.012922289143141086,0.007003704984059911,0.08421735864501755,0.008693248401081481,-0.010986626462663907,-0.013672339356679617
2019-06-21,-4.005149055170577,1.3891310237467456,0.024371398519690543,0.00042622243279132293,1.0475466163839542e-05,0.007002050960656993,0.09150047153156395,0.007713800738833501,8.908423193787485e-06,0.3924158636810925
2019-06-24,-4.007064118686583,1.3889476674411403,0.02441844387284852,0.0004267369996637884,-0.022023371246961077,0.007003341600409815,0.08695596575709486,0.008325533068904795,-0.018725405801809814,-0.2555268658519298
2019-06-25,-4.0080097552716065,1.3888639144792467,0.02446203073235687,0.00042729448048808177,-0.0105358571787324,0.007002796323633952,0.0897541195729306,0.007949325856721565,-0.008958826552428079,0.12434012202745326
2019-06-26,-4.009183261883507,1.388770008140539,0.024501032353026343,0.00042790387617802373,-0.012573037043334345,0.007002088648811791,0.09333517493470349,0.007468866780876543,-0.010692157293421545,0.07689405948655892
2019-06-27,-4.011198909344355,1.3886116821761607,0.024539179450785046,0.0004285222525862227,-0.021446048930929607,0.007002054967637061,0.0939868908878845,0.007382523694138477,-0.018237887210434067,-0.18186047211699438
2019-06-28,-4.01125246923104,1.388608092146451,0.024570049124601052,0.0004292116640711778,-0.0005389952266536824,0.007000984968567599,0.09936987200676069,0.006660596480658137,-0.0004584357974675157,0.5038889133629169
2019-07-01,-4.012128008444118,1.3885437187051552,0.02460515347991934,0.0004298608493571702,-0.00909429730547373,0.007001686207680565,0.09627343198377121,0.007078440382309326,-0.007734268651983456,0.2388321698882665
2019-07-02,-4.0124712642395775,1.3885164420156628,0.02464380456769813,0.0004304734539840449,-0.0036672044346559574,0.00700231029577507,0.09360148897500607,0.007438006246565299,-0.0031185055263076578,0.40887547189316054
2019-07-03,-4.0130529138265,1.3884743635092942,0.024678161406109646,0.00043112990610391633,-0.006007118392807875,0.0070016278714861244,0.09682672271270774,0.007004773939348634,-0.005108811930689683,0.32343582509138563
2019-07-04,-4.0135113545697285,1.3884399843689346,0.024714161958703518,0.0004317699911971335,-0.004795162345330617,0.007001908622834023,0.09560484300908637,0.007169546698051316,-0.004077928672723274,0.37922925896171544
2019-07-05,-4.0107854460975485,1.3885600770529394,0.024726086397573236,0.00043259904242638937,0.024299493765252755,0.006998860411468066,0.1121796403873285,0.004942188720676135,0.020673911027733638,1.316709823702001
2019-07-08,-4.009473936808479,1.3886289582129643,0.024745772500793035,0.00043337750410477825,0.012243705695413887,0.006999608017031165,0.10711702173315835,0.005625842513575557,0.010415782696815867,0.9129332553659208
2019-07-09,-4.005516927811761,1.3887896808275049,0.024754184443110592,0.0004342264060925871,0.03458963319942132,0.006998366570959093,0.11439869783829479,0.00464655446370496,0.02943079668562376,1.575147103291313
2019-07-10,-3.999856376558514,1.388996825021041,0.024758243473756682,0.0004350979270841535,0.048343559594556496,0.006997838216166714,0.11709007985179952,0.004284835359111068,0.041136513057240975,1.9329035614672072
2019-07-11,-3.9940095247817946,1.3892276162897064,0.024765439377722485,0.00043595332927082864,0.050771695198169375,0.006997877000017068,0.11515967221300115,0.00454566797040428,0.043202423334854245,1.9268825682319979
2019-07-12,-3.9887711736359317,1.389467175641943,0.024778950237400267,0.0004367724459070534,0.047120209353773035,0.006998207062556627,0.11116994635007171,0.005084004411740918,0.040093426314578906,1.763860000507734
2019-07-15,-3.980213375290693,1.3900211896049115,0.024808126524966098,0.0004374756239585941,0.08507769585138636,0.006999806416261372,0.10058803614271722,0.006511859041601714,0.07237397710590798,2.7099222431057894
2019-07-16,-3.9692424155585377,1.3905916526744895,0.024827357779772,0.00043825724581855133,0.10212230420873691,0.006998344293927833,0.10742961410008031,0.0055860771454189695,0.0868916510938984,2.9808151112113674
2019-07-17,-3.9598220267161106,1.3911532722070512,0.024852785367822018,0.00043899219757005935,0.09126286545725382,0.0069988829814884015,0.10322258451154599,0.006153866961638341,0.07764582646846385,2.5770559996309124
2019-07-18,-3.947343020808308,1.3916768773882018,0.024862636869269334,0.0004398334868040289,0.1099402914237082,0.006997006620896036,0.11350712051243039,0.004762632283123295,0.0935615370186671,2.8878816277602533
2019-07-19,-3.9390037473690946,1.3920962171387992,0.024880388080707375,0.00044062551467081187,0.0769196354776911,0.006997574264345247,0.108415405083817,0.005451660658468617,0.06545494314156564,1.9384311802090117
2019-07-22,-3.9348101171375354,1.3923792598715523,0.024911496023733794,0.0004413116857953769,0.04226926777877793,0.006999037697463948,0.09921227529909354,0.006696182537025866,0.035961611155645556,1.0153435154526138
2019-07-23,-3.930741856392786,1.3926628401922727,0.02494409514419738,0.0004419841941823881,0.041456870169727544,0.006999081111093316,0.09813236571148973,0.006840369751971476,0.035270225288817514,0.9668361861632748
2019-07-24,-3.9266039196259954,1.3929250884225934,0.024972349962396743,0.00044269602324894375,0.04086810284387976,0.006998323210644076,0.10125101188566965,0.006416941626152349,0.03477308565252102,0.927478439574641
2019-07-25,-3.9242988844174778,1.3931088542944667,0.02501109042124107,0.00044330666594010864,0.02463958648932074,0.006999796959143506,0.09355007680492888,0.007458155677772718,0.020960455733108674,0.4607490279826213
2019-07-26,-3.9219584893358457,1.3932723528439217,0.025043820308530803,0.00044397836539049557,0.02387198176822558,0.006998754343426568,0.09803941308079371,0.006848972617451182,0.020310493355962578,0.41465255491464065
2019-07-29,-3.920825264643786,1.393363944815087,0.025083198395525717,0.000444582349702643,0.012177062855665,0.006999752346403001,0.09306223557291245,0.007521680084178994,0.01035887569790006,0.07964368010881569
2019-07-30,-3.9224675111521567,1.3931869645112585,0.025135268729296643,0.00044502570563755695,-0.019849734034279365,0.00700224165105644,0.08273393011386561,0.008916003787399093,-0.01687991853755122,-0.8276004487929373
2019-07-31,-3.925037400559373,1.3928802043489874,0.02519162369047833,0.00044540382944173814,-0.03255355133634197,0.007003300518336961,0.07894344247311406,0.009423247224289494,-0.027678870236378827,-1.1621247991833497
2019-08-01,-3.928786617509728,1.3925203945951583,0.02523872627026103,0.00044591663849109293,-0.04313326026230868,0.00700128763715518,0.08692171487976405,0.008341816770651394,-0.03668488097296674,-1.4232284317244945
2019-08-02,-3.9324270702874147,1.392128985299444,0.02529074646633939,0.00044636200008871946,-0.043979620811037456,0.007002459828906337,0.08277590189620336,0.008899787867567382,-0.0373984500240212,-1.4183851290509615
2019-08-05,-3.9371861892214994,1.3915060439246663,0.025350837834609792,0.00044667823318542,-0.06305007892515668,0.00700462662760786,0.07548156981269101,0.009880104599350263,-0.053598593402442773,-1.8526344738067753
2019-08-06,-3.9402239151382017,1.3912039628376123,0.025399530183137346,0.0004471708547160227,-0.03548709649809911,0.007002061131018922,0.08560085824053866,0.00851242048135034,-0.03017847696576581,-1.092595129672768
2019-08-07,-3.9425956095522756,1.3909794936718114,0.025446057419680316,0.00044769186239326407,-0.02713922449138284,0.007001805368431195,0.08738991104285197,0.00827102358330583,-0.02308023082362176,-0.8480206936362106
2019-08-08,-3.9453403479984352,1.3906539350020488,0.02550221481425111,0.0004480750501943343,-0.034692051330480034,0.007004133002671299,0.07911721391199518,0.009384243862124358,-0.029493637945536832,-1.0128947759602929
2019-08-09,-3.9470870996041643,1.390472746214407,0.025552745627458556,0.0004485427763728486,-0.02078290731042287,0.007003015221207438,0.0840475097944021,0.008718163678231508,-0.01767152295447083,-0.6307136186098158
2019-08-13,-3.949068736928052,1.3903250339147066,0.025588524908918647,0.0004491859473812937,-0.020689522576176067,0.00700047891144763,0.0957797511562554,0.007139473574440713,-0.01759849245352818,-0.6087449232872039
2019-08-14,-3.949794727341326,1.3902691368179223,0.025625766777029144,0.00044981390986235015,-0.00766781353254764,0.007000858856047544,0.09468023840078332,0.0072898351723076436,-0.006521882495679421,-0.2742592451091832
2019-08-16,-3.94791634906619,1.3903802405186068,0.02565091964548327,0.0004505520517111052,0.01816441272359537,0.006999254256601096,0.10340979935431373,0.006116558920732478,0.015453339285985024,0.3842099902037441
2019-08-19,-3.945780026917422,1.3905094238263926,0.025677060830086806,0.0004512819784100522,0.020796810786231745,0.006999424487978115,0.10272354596707342,0.006211688374417285,0.017692416585319393,0.44843535067723495
2019-08-20,-3.9436834696802894,1.3906628912283459,0.02571194825501231,0.00045193309227837094,0.02173918536006525,0.007000643393015513,0.09644138924286606,0.007059482653615961,0.018490900375930153,0.4704095353789321
2019-08-21,-3.9410549041900436,1.390855336622542,0.02574684308616782,0.00045258411840892987,0.027257116091406353,0.007000638847112957,0.09643593553444756,0.007060372548249189,0.023184352914526585,0.6149692539513345
2019-08-22,-3.9410861759317806,1.390852567264715,0.02579037151122725,0.00045314124061297134,-0.0003482175852891345,0.007002081439940451,0.08980517658514973,0.007952952246342954,-0.00029612582978622015,-0.09104748331896408
2019-08-23,-3.942084947632619,1.3907482302536136,0.025841165880265228,0.00045360425935124255,-0.011915659046399796,0.007003554034289888,0.08382009731471542,0.008756293772341016,-0.010131000409856483,-0.3731362577628478
2019-08-26,-3.944252458947806,1.3904934592278513,0.02589694221426442,0.00045399327221595743,-0.02727914457433034,0.007004763706342923,0.07945671864016576,0.009339406705669434,-0.02318942641319488,-0.7550887051732583
2019-08-27,-3.9461693708184797,1.3903263908929206,0.02593979612376008,0.0004545591914731328,-0.02121900011874267,0.00700216050470555,0.0903394061900419,0.007873525330863993,-0.01804453115783744,-0.5944584299561905
2019-08-28,-3.945921255693957,1.390347910797551,0.025982430474135683,0.00045512764643910574,0.0027412306623597615,0.007002233691352118,0.09051231183483964,0.007850453785496259,0.0023311044264975322,0.006898863016071285
2019-08-29,-3.944860462031918,1.390434859445237,0.02602251021987671,0.00045572508008110584,0.011467052566843883,0.00700189222596421,0.0925079619069806,0.00758247572157119,0.009751897556768085,0.21048920293881804
2019-08-30,-3.9445662137649053,1.3904627674026535,0.026069124221755346,0.0004562448430531218,0.0033701377813732947,0.007003172959533241,0.08731045615957718,0.008280954437762616,0.0028655339147753978,-0.01964400581152113
2019-09-03,-3.943934575099237,1.3905179682052073,0.026112098936913217,0.0004568093102883246,0.006999455932029441,0.007002588651431481,0.0902411089950225,0.007886441902052226,0.005951938248548672,0.06772583770561211
2019-09-04,-3.9422345382094224,1.3906579021862158,0.026152370117981445,0.00045740462854185736,0.018407043824832492,0.007002213186138538,0.09235795307453863,0.007602197416379438,0.015653139876750544,0.35775719942605544
2019-09-05,-3.9372821797537227,1.3909896518745462,0.02618320925322711,0.00045809427456238876,0.0498261604666288,0.007000855537091003,0.0993927368539003,0.006658142735130671,0.04237981485225184,1.160704700553262
2019-09-06,-3.9310256284345773,1.391367672717944,0.026209297538284913,0.00045882445418201446,0.060888616728928646,0.007000280982864412,0.10275403934694544,0.006208399265839825,0.05179327630265895,1.4040843080536656
2019-09-09,-3.9260025507995944,1.3916507532291453,0.026232192980696154,0.00045957957029453246,0.04786034294097519,0.006999900728794778,0.10495281325455444,0.0059147196573680625,0.04071333455667947,1.0242864372641671
2019-09-11,-3.9206847070622066,1.3919033683286048,0.02624740180260781,0.0004603882336568392,0.0483147356550786,0.006999044287633747,0.11006670460440757,0.0052285311310186645,0.0411049017890317,1.002523237171464
2019-09-12,-3.915074889584864,1.3921470991152642,0.02625869574195068,0.0004612207869498077,0.049828437333000686,0.006998587001276861,0.11258264913772369,0.004891399363592085,0.042395489153525645,1.0086346760252791
2019-09-13,-3.9093819027944905,1.3924359656347103,0.02627681615523787,0.00046200997767854456,0.05263485734606732,0.0069990998641375765,0.1081600117759012,0.005488122016685863,0.04477999171132119,1.0474906798911106
2019-09-16,-3.9054513372672632,1.392661200568912,0.02630043166485969,0.0004627591551130388,0.03762593780316248,0.006999544359289695,0.10446425409487091,0.005986161338490805,0.03200886772843958,0.6305810909785785
2019-09-17,-3.899528508380819,1.3929488235196974,0.02631660397075431,0.00046356146897223944,0.054117855356947686,0.006998585995629153,0.10944315600421933,0.0053147514602739174,0.04604505784812929,1.0328199485223795
2019-09-18,-3.896005265583383,1.393155487185902,0.026341286311645642,0.00046430232570678006,0.03396430081601487,0.006999338954130064,0.10373370606159404,0.006084731946169406,0.028894714123969933,0.48429706218972696
2019-09-19,-3.8913575623518417,1.393368912604089,0.026355005932800168,0.00046512038597643746,0.04185716481917989,0.006998015192818417,0.11103722030909124,0.005098898100456249,0.03561620775456831,0.6722285445017311
2019-09-20,-3.886578229732259,1.3935414861512865,0.026358561793515343,0.00046599464124993494,0.04070847921212284,0.00699698729369122,0.11740386062270859,0.0042392531123147765,0.03464388129273033,0.6181443695210964
2019-09-23,-3.8844661110395498,1.3935925059002479,0.02634713040359378,0.000466929621163569,0.01673534913067165,0.006995849552008499,0.12620702897905797,0.0030486217265603688,0.014244495241715782,-0.027002282986667608
2019-09-24,-3.8807357105878615,1.393742374602734,0.0263551034362512,0.000467781087088857,0.032527273333378126,0.0069968009470665,0.11468531079917275,0.0046074781906895925,0.027682218300363104,0.3736423652830731
2019-09-25,-3.881099759740872,1.3937193991656136,0.02638310911284278,0.00046849433554133437,-0.003589346708309904,0.006998565404887079,0.10142490614451606,0.00640100803501527,-0.0030539303892034297,-0.6007948467817308
2019-09-26,-3.8826428792149423,1.3936201130645625,0.026412018855367127,0.00046920003714488913,-0.015310697112542293,0.006998434674525338,0.10078701594889232,0.006484753784969052,-0.013027071616331654,-0.9042788076064204
2019-09-27,-3.881816693655923,1.3936628500595893,0.026431052222250666,0.0004699833870690311,0.007680385107265764,0.006997080566114831,0.10757085061240969,0.005564433870169293,0.006536102753354811,-0.2991078978633208
2019-09-30,-3.8811355258424554,1.3937141571074179,0.026467186886961504,0.00047062105146394715,0.007130847654276629,0.006999052897180667,0.09552410126995976,0.007195083995053676,0.0060667294970961905,-0.31943831681144064
2019-10-01,-3.879318985190069,1.3938165106065432,0.026490093032025472,0.0004713762945840928,0.017305986324554823,0.0069971668817506855,0.10496602842038674,0.0059143406914766465,0.014727426807105815,-0.05666509506273176
2019-10-03,-3.878857647299996,1.3938437196392663,0.02651507293561744,0.0004721153396134066,0.004455480332070216,0.006997266737081539,0.1035439179818041,0.0061068685518348926,0.003791568006839441,-0.40834165164644176
2019-10-04,-3.8787723795877804,1.3938497211034855,0.026548128590927297,0.0004727837055627766,0.000871806582143364,0.006998177609115004,0.09780576788677735,0.006883940018392075,0.000741801883986426,-0.49369586798863385
2019-10-07,-3.8769641846359746,1.3939509121624023,0.026570744888865013,0.00047354135542047686,0.017193675056077495,0.006996751140904121,0.10516628620165797,0.005885365321078152,0.014632719118813142,-0.05555332564497393
2019-10-09,-3.874083916921142,1.3940851208733085,0.026585210394560854,0.0004743556446938957,0.026048388730890437,0.006995798759839199,0.11057373815283107,0.005152284553674676,0.02217156274249632,0.18757436333824373
2019-10-10,-3.8704625154592978,1.3942437381749844,0.02659699076014956,0.0004751864007941963,0.03224783750434046,0.006995408849382888,0.11229904831158458,0.00491869576229487,0.027449866930046696,0.3639456078097475
2019-10-11,-3.8613765674332696,1.394613153620678,0.02660560530842143,0.0004760353348163473,0.07949219198255353,0.006994964455688604,0.11429988027028112,0.004647191585492554,0.06766930397647108,1.606988471647217
2019-10-14,-3.8605476785339077,1.3946628317361298,0.026631309370704282,0.0004767684630400434,0.008043644223839408,0.00699645633135963,0.10304892612048376,0.0061760707049373035,0.006845851499116762,-0.2848470739057079
2019-10-15,-3.863218290097831,1.3944756672045726,0.026664158221518644,0.00047743864143395007,-0.02726126745672719,0.006997196756300125,0.09796358764911446,0.00686558436265778,-0.023199290664686956,-1.1994915034499303
2019-10-16,-3.8656345336677114,1.3942931077833494,0.026700447184546935,0.00047807494273151204,-0.0253224911794101,0.006997551577791427,0.09541887299955616,0.007209378411069627,-0.02154830276731623,-1.1306302752124548
2019-10-17,-3.869556786774739,1.3939281034724915,0.02674611008502839,0.0004786043760125096,-0.04451494293023117,0.006999014008859423,0.08811093194424509,0.008199590672954287,-0.037872302277813574,-1.638791383130081
2019-10-18,-3.8743577071669013,1.3934103014580603,0.026798182545398303,0.00047904685197453027,-0.05802144862509717,0.00700024533738907,0.08274389050820607,0.00892432069004263,-0.04935464761289765,-2.0192865574316627
2019-10-22,-3.8934727016082533,1.3915328781233172,0.026846249517911862,0.00047954587275508235,-0.22191377638471543,0.006999448410005382,0.0861370337288741,0.008460147744448233,-0.18878748283219693,-5.159106747086109
2019-10-23,-3.9082442839835965,1.3899511696742122,0.026898046269114535,0.0004799931909881121,-0.1780106972468074,0.0070002648394727396,0.08298143091289986,0.008885468534017333,-0.1514203965277705,-3.611093545098994
2019-10-24,-3.92325423382217,1.3882997249457623,0.02695100432855393,0.00048042374199007036,-0.18310683882794,0.007000609887608379,0.08197372602056785,0.00901902265923454,-0.15574762639739959,-3.298428588411656
2019-10-25,-3.936572269166681,1.3864663774199535,0.027013004248312166,0.0004807036403815757,-0.1807956601957903,0.007002936533498098,0.07366346808373668,0.010140439896751107,-0.15373068411561874,-2.9542577459490196
2019-10-27,-3.9468567994523784,1.385245462188021,0.02706915386967871,0.00048108565891770894,-0.12995642574090827,0.007001642647229186,0.07913829752598506,0.009394804642955324,-0.11052246581264846,-1.9834680870235188
2019-10-29,-3.956838398024794,1.38340838430919,0.027141411964261352,0.0004811459546005377,-0.1586293691958085,0.00700653476526116,0.06292402613096403,0.011580944235889798,-0.13481340092586258,-2.2961853649853365
2019-10-30,-3.965324225207604,1.3814304063626328,0.027220587697367526,0.000481014533573631,-0.15568858144903786,0.0070096265142875185,0.054505135211780756,0.012704707873548453,-0.13225577104949338,-2.120656493974096
2019-10-31,-3.9713098289160182,1.3801251134469166,0.02729798443423326,0.00048093962585136395,-0.10540391833912821,0.007009204526379584,0.056787297879723114,0.012383722885107588,-0.08954488269906768,-1.3215639950362947
2019-11-01,-3.974731417899265,1.3797098563457266,0.027355138458967972,0.0004813085399314872,-0.0437442615333099,0.007003200071731646,0.07821800764979364,0.009492836011728734,-0.03719437834575956,-0.4042063219188443
2019-11-04,-3.9749471857025043,1.3796864738202443,0.02740758674115786,0.00048175010090265757,-0.0026183726176096656,0.007002543762723979,0.08240530846828616,0.008930174920528427,-0.0022265290594507547,0.19607769017899138
2019-11-05,-3.9770552753862387,1.3794586754517766,0.027459906035222463,0.00048219334384721904,-0.025547923728240995,0.007002864652462501,0.08251510792653083,0.00891651199881992,-0.02172364149735806,-0.14920550767214064
2019-11-06,-3.9762084519272767,1.3795383553279543,0.027506219969077792,0.0004827180380380775,0.009671031317575185,0.007001988618669583,0.08756289077702686,0.008239025762732648,0.008224398362065344,0.35766680440815357
2019-11-07,-3.9743200715354785,1.3797068032355106,0.027550151053986928,0.000483271894682447,0.02110250006554537,0.007001821079721261,0.08948609813685245,0.007982367351405562,0.017946330033742797,0.5134363115092956
2019-11-08,-3.9705246900778692,1.3799299267920668,0.02757504847634607,0.00048401233643822176,0.036640071088360315,0.006999332019292189,0.10358553749681144,0.0060896049032779535,0.03117112388870602,0.7262341262031613
2019-11-11,-3.9656231248167084,1.3801673838296735,0.02759119093603932,0.0004848155284908652,0.04477830037193442,0.006998544870640139,0.10946295907722746,0.005302948875557925,0.03809891454625891,0.8233799090557713
2019-11-13,-3.9683459248558006,1.3799188879864952,0.027636078922979944,0.0004853564858442044,-0.030691253971261823,0.007002353707891878,0.08871582899941717,0.008096633764492127,-0.026098968151559987,-0.28854999785083485
2019-11-14,-3.9698496627563733,1.379768634535475,0.027684965552143326,0.0004858461698943899,-0.01760156501188792,0.007003139849670802,0.08543205672661768,0.008536368835310865,-0.014966189286583997,-0.0961504765177279
2019-11-15,-3.9701119096049706,1.3797469500321453,0.02772543540882488,0.00048643915028722876,-0.0028440975584524963,0.007001729864486786,0.09220740259700104,0.007624388011999207,-0.0024187550391268076,0.12038628986837975
2019-11-18,-3.9688035094797347,1.3798385572710599,0.027758302010510997,0.0004871100584844037,0.013361073953859659,0.007000679789040237,0.09792626923210411,0.006856278112881684,0.011364593422714009,0.3608984877179503
2019-11-19,-3.9633358378115155,1.3801150377381832,0.02777632081625387,0.0004879004357919877,0.05052001910042048,0.0069990065163311735,0.10822782266472841,0.005472691262718867,0.04298133068874321,0.897856998485772
2019-11-20,-3.958721883703822,1.3803629326889815,0.027797048163333206,0.0004886716061856865,0.04335484147931101,0.006999258874592929,0.10642304181634482,0.005717814720107748,0.03688402390021572,0.7845914628541545
2019-11-21,-3.9555453760455146,1.3805566730477667,0.02782353950473933,0.000489398155583827,0.030997348640172895,0.006999834634848943,0.10247675358241058,0.0062502235605482025,0.026368748407021414,0.6023554113325709
2019-11-22,-3.9523329408958103,1.3806942114527756,0.027834216813181163,0.0004902344207700978,0.028434555344980517,0.006998193478078794,0.11297645103746944,0.00483701620581596,0.024194310214710413,0.5565321046119861
2019-11-25,-3.9496639452178113,1.3808305390410667,0.027852645668143716,0.0004910216027878023,0.024722385527833346,0.006998767508059675,0.1079586626053652,0.005514337932223145,0.02103398483587604,0.49235684453319273
2019-11-26,-3.94580817346784,1.3809839749991883,0.02786020314053384,0.0004918752154621564,0.03354690254080417,0.006997679241929499,0.114936744019247,0.004573774223565132,0.028546386676158164,0.6046945138428992
2019-11-27,-3.9424131096866946,1.381144892903378,0.02787530160850191,0.0004926844813433329,0.030823436139219673,0.0069981259553513146,0.11014553230895437,0.005220634826790821,0.026227207083538318,0.5512007063183691
2019-11-28,-3.9404158901458177,1.3812679339143064,0.02790222294424303,0.0004934071245746445,0.019545802268847723,0.006999161095984481,0.10218150748715929,0.006295009497997064,0.016628775122445205,0.3831451480630106
2019-11-29,-3.937745713915601,1.3814072651366274,0.027921618425123362,0.0004941876539324139,0.024880126194731567,0.006998173380127638,0.10732165139830724,0.005600101110036466,0.021169988866931888,0.4566693953462605
2019-12-02,-3.9334467506155155,1.3815852107555642,0.027930874361002445,0.0004950321772192743,0.03774971287697415,0.006997099605683863,0.11388068868486168,0.004713827083046575,0.032125385308502175,0.6325783824594157
2019-12-03,-3.9313845794761693,1.3817071087631925,0.02795591508201137,0.0004957702568911062,0.019925606143171848,0.006998405051971729,0.10349352107679582,0.006117656183327505,0.01695372816956464,0.3720168161985659
2019-12-04,-3.930099714289586,1.381804334674921,0.027992267010823843,0.0004964058100654609,0.013474227206265788,0.006999674673216266,0.09535724512540021,0.007215694840234442,0.011462484448081511,0.2803244016178616
2019-12-05,-3.930800492628627,1.3817327481123765,0.028042036691370387,0.0004968816455473842,-0.008273751973611354,0.0070017983138046715,0.08469897832037601,0.008652249036798948,-0.007036321092737552,-0.019184276719653164
2019-12-06,-3.931502230693212,1.3816631357133329,0.028090555865776096,0.000497375041522707,-0.008183667875107048,0.0070015053499445324,0.08574860017470182,0.00850625906452183,-0.006960001279960437,-0.0012141410255191746
2019-12-09,-3.927609221697721,1.3818956653287229,0.028116139807209374,0.0004981095489377291,0.03775225609796529,0.006998124594485726,0.10311990322880246,0.006159356802054364,0.03212284401464238,0.6738604886678536
2019-12-10,-3.920673335071425,1.3821772077683891,0.028124638487356985,0.0004989587802597797,0.06064967535310384,0.006996492105528593,0.11435983104468493,0.004642109591306281,0.051617965241447905,1.0035353235083824
2019-12-11,-3.916420926092141,1.382423951633362,0.02814887406454909,0.0004997036934558721,0.04086815241550923,0.006997860403769482,0.10405190173633352,0.006037558597324315,0.034775427568689565,0.7179118720209758
2019-12-12,-3.913991420936089,1.3825465363030058,0.02816681461426037,0.0005004947805474836,0.022434322414599528,0.006997112671634,0.10829411787677683,0.005464157436018422,0.019091798346757116,0.457959125901651
2019-12-13,-3.9141701761577012,1.3825322321999347,0.028205724678109338,0.0005011036034145289,-0.001913411720663838,0.0069995328714271415,0.09342224659853887,0.007475705785933564,-0.001627766556048016,0.11006756180973531
2019-12-16,-3.9169133390598887,1.3822116479579758,0.02826118770182488,0.000501495325745403,-0.03439673352653205,0.007002480926616267,0.07975068039734981,0.009320194364140118,-0.02924947101232611,-0.34959147109212474
2019-12-17,-3.919246072305295,1.3818818847375858,0.02832421042776196,0.000501756385763172,-0.03210556756430716,0.007004311274547309,0.07265821545542796,0.010271216035332079,-0.027294029870281733,-0.30001205151256977
2019-12-18,-3.9211542853816788,1.3816312626980578,0.02838442691992381,0.0005020701270711708,-0.025318525702319405,0.007003677900032644,0.0753682540136693,0.009898761186753407,-0.02152608234440656,-0.18327635223586256
2019-12-19,-3.925108506292737,1.3809163156300903,0.02845614464166881,0.0005021455559744106,-0.06224073594278412,0.007007158999626026,0.06353107576833672,0.011486802929591176,-0.0528914527440385,-0.7107292867026086
2019-12-20,-3.92846440426845,1.3804042224790078,0.02852206993013106,0.0005023521186534154,-0.04811879236402028,0.007005580507413024,0.06974194095158182,0.010642269390481364,-0.04090000299302865,-0.483087637048513
2019-12-23,-3.9313432374292496,1.3799849474782935,0.02858630247625385,0.0005025934485518616,-0.04028917887884287,0.00700538269300261,0.0714542525042992,0.01040664050203754,-0.03424595643996042,-0.34882162907386033
2019-12-24,-3.933535783148018,1.3797235515022614,0.028642718477825103,0.0005029739681810505,-0.027793962836626385,0.007003751027706628,0.07888568217696842,0.009404775330834598,-0.023630478836111024,-0.15499464835742974
2019-12-26,-3.935329636963638,1.3795407020241899,0.02869253191262538,0.0005034525324039873,-0.021189726413156862,0.00700267667576337,0.08465677095795172,0.008629157097471158,-0.01801830870847887,-0.05423033720062493
2019-12-27,-3.9357599715001905,1.3794996936272492,0.028739399136857264,0.000503970034216214,-0.00494024035228513,0.0070023894106081945,0.08710801618254499,0.008300891053131481,-0.0042010182555927145,0.19356886827952943
2019-12-30,-3.935767141176988,1.3794990995344139,0.028780006296837322,0.0005045622376490929,-7.784491864271104e-05,0.007001570623165846,0.09210205268103859,0.007631748427258815,-6.620450519712051e-05,0.2687587038291355
2019-12-31,-3.9346707808514783,1.379575807734199,0.028812870926845084,0.0005052335916528515,0.01119558151908251,0.007000645358509433,0.09792794806068475,0.006851649434589939,0.009522726862551067,0.44053437726440015
2020-01-01,-3.933370539415788,1.379671833467536,0.028848199128345964,0.0005058808618140272,0.013528494294159366,0.0070010932230449435,0.09611131936917709,0.007098035542540559,0.011506317432772306,0.47298266984926485
2020-01-02,-3.9318996406150166,1.3797730457221222,0.02888026900260142,0.0005065592270161611,0.014932195702932916,0.0070007436821311825,0.09850519173696172,0.006778122695397518,0.012700834146038176,0.48993379424948935
2020-01-03,-3.9318352285146343,1.3797791361124645,0.02892674163535507,0.000507080672722537,0.0007367501323685133,0.007002956134328191,0.08742733465878867,0.008266561585336955,0.0006264574312133675,0.2809303314571686
2020-01-06,-3.932622550647043,1.379707228526644,0.028971682951823886,0.0005076214003518919,-0.008879204116851724,0.007002755808781988,0.0886703495096232,0.008098426939421007,-0.007550188701523908,0.1453350977902507
2020-01-07,-3.934907662827903,1.379496709107206,0.029017013739443438,0.0005081574066413505,-0.025862765528585463,0.007002896237588527,0.0883552912519976,0.008139864981009727,-0.02199125527440593,-0.09733505854841684
2020-01-08,-3.9400144531296633,1.3788632163455017,0.02907502105786277,0.0005085112156890435,-0.06595996946652338,0.007005488924433175,0.07742256921983269,0.009604200347995272,-0.056065376623186225,-0.6802835959920973
2020-01-09,-3.941625162221247,1.378721590398003,0.02911828724124597,0.0005090725906324977,-0.01789496913910149,0.007002767185157512,0.09000904550677855,0.00791428844597298,-0.015216473519014784,0.06839933781836259
2020-01-10,-3.941648255955769,1.3787196162732036,0.029160280988067125,0.0005096487177001513,-0.00025374004574540976,0.007002683588071395,0.09101336154621553,0.007780107367703424,-0.0002157631426591422,0.33405416162792145
2020-01-13,-3.9356919571331765,1.3791431099231553,0.029193860693111,0.0005103129478865044,0.06115388693297685,0.0070015787214527305,0.0973985321508679,0.006925048777614562,0.05200927964278357,1.2441991673721797
2020-01-14,-3.931567613089767,1.379476252513027,0.029233272053086817,0.0005109176342937088,0.044338875949807566,0.007002462478073857,0.09301868743984663,0.0075135551530220975,0.037703931466884555,0.9585016763976498
2020-01-15,-3.9302617899042933,1.3795961678828084,0.029278463174178766,0.0005114554322408741,0.014760957255313123,0.007003436789507197,0.08846466817073484,0.008123820678237728,0.012550356378124405,0.4925411962547676
2020-01-16,-3.929873786657759,1.379633691294971,0.02932594999552619,0.0005119642957129185,0.004480962062399563,0.007003902992522978,0.08658927282379421,0.008373963367711394,0.0038096396095035345,0.30565586737649936
2020-01-17,-3.9282871634390593,1.3797629031133445,0.02936574080955034,0.0005125649770380921,0.017111034769334843,0.007002735004447122,0.09272514725662293,0.007551373725520635,0.014549944285560557,0.4926972263531012
2020-01-20,-3.923446558793204,1.3800328396110326,0.029388150760260814,0.0005133236922076121,0.045979672020079576,0.007000652801671512,0.10527705903907869,0.005870779103647756,0.03910930321950801,1.0134674868245142
2020-01-21,-3.9202446114768783,1.3802210035738562,0.029412936435839504,0.0005140639484631325,0.03089167287245065,0.0070009189466068555,0.10365082297569857,0.006091090100578872,0.026274782300429678,0.7268399265104477
2020-01-22,-3.9189625695166628,1.3803233063205917,0.029451767322633465,0.0005146744530981605,0.013717270820138516,0.007002661463558723,0.09346188298138142,0.007457951955380934,0.011664263727496404,0.3324980500455894
2020-01-23,-3.915416476301298,1.3805824474115103,0.02948657353719299,0.0005153262934225712,0.03675030211617081,0.007002090683073601,0.09649153914858354,0.007051400287796701,0.031252584025230234,0.8778639234434727
2020-01-24,-3.912078776333739,1.3808140943298546,0.02951900515947981,0.0005160008301725493,0.03397657019096467,0.007001772174368657,0.09823534126016285,0.00681784291476238,0.02889510717347399,0.8503683849294426
2020-01-27,-3.9088425494888765,1.3810181470551834,0.02954701497767042,0.0005167146232345525,0.03191458739680719,0.007001221638306162,0.10140274742157937,0.006393713407343429,0.027143644359924224,0.7954697189668264
2020-01-28,-3.907117058388213,1.3811429252673373,0.029581329947340803,0.0005173711297729427,0.017815143835516523,0.007001959968859545,0.0968552999961669,0.007004053029600409,0.015150342758520452,0.3051028362300676
2020-01-29,-3.902055800421631,1.3814365798368946,0.02960551950264175,0.0005181159268618749,0.048636884238206335,0.007000734192857435,0.10406213403378078,0.006037692877673144,0.04136898884069318,1.29828438269216
2020-01-30,-3.8976979076944573,1.3816656762386008,0.029625217634451372,0.0005188940003874032,0.0406883246910299,0.007000228154557566,0.10710425558844552,0.0056305194044223095,0.03461069835235442,1.0003989418677828
2020-01-31,-3.889598837940209,1.381919862637228,0.02962308086232529,0.0005197933961054486,0.06704197225625208,0.006998507199579079,0.12080595903848737,0.0037914516842628776,0.05704191761397226,1.796681859436785
2020-02-03,-3.886221572136975,1.3820760884078276,0.029637048246507168,0.0005206093028007976,0.030462545540583363,0.006999467890776921,0.11086617166429925,0.005128454232146964,0.025915161199286274,0.6030198873596103
2020-02-04,-3.8809927331186818,1.3823500922562943,0.029656578301073176,0.0005213883311859086,0.04876752879785062,0.006999784382459801,0.10721968381805055,0.005618571521279718,0.04148573944682887,1.1811582485322822
2020-02-05,-3.879841215228557,1.3824371326728422,0.029692883413390263,0.0005220244118607928,0.012072987217291775,0.007001525558948191,0.09537969927406051,0.007209517825304751,0.01026773877332765,0.018782288358234117
2020-02-06,-3.8793334430135444,1.382470444960727,0.029722695372349135,0.0005227223233712585,0.005071122224824087,0.007000570149524122,0.10013014723388211,0.006569016956803031,0.00431343656007499,-0.2314943678625546
2020-02-07,-3.878683235175883,1.382516857174016,0.029756393242407208,0.0005233845015969449,0.006681386459015393,0.0070009385380745874,0.09731630428052972,0.006946494350187737,0.005682809219649698,-0.19327597636329183
2020-02-10,-3.8801258871774342,1.3823914626540696,0.029799071631645888,0.0005239514373457935,-0.015944735328265125,0.007002124844959468,0.090478265825702,0.007864321192222405,-0.013559391916341923,-0.9332989405137775
2020-02-11,-3.880838685714681,1.3823345132738738,0.029837947851535217,0.0005245612666853525,-0.007628823064402823,0.007001509620674659,0.09343492845869238,0.007465028316293162,-0.00648811592988352,-0.6444370073432666
2020-02-12,-3.8815467962325925,1.3822708694298178,0.0298821455329764,0.0005251104884288779,-0.007932227073375486,0.007002295429019049,0.08927007653226458,0.008023452110909945,-0.006745396097805667,-0.6290056724106378
2020-02-13,-3.882050438144203,1.382219616974879,0.02993182395452059,0.0005255893658709461,-0.005941475015972308,0.007003241107685343,0.08476715129776492,0.008626217362031518,-0.005051820902391313,-0.5394047369108654
2020-02-14,-3.8827133187142886,1.382158501802327,0.02997717827873835,0.0005261248684502527,-0.007503865894876505,0.007002535998233227,0.08833854167595043,0.008144491573839374,-0.00638090770058497,-0.5711327712385533
2020-02-17,-3.8839455489599226,1.382032368848348,0.03002712830781896,0.0005266004508799066,-0.014576199383983912,0.007003396276587281,0.08453714258245344,0.008653349934115111,-0.01239333953658317,-0.7832453250949543
2020-02-18,-3.884765344075528,1.3819448511830594,0.030078894554149634,0.000527050743135874,-0.00987864386902082,0.0070038214585702715,0.08298660488975798,0.008859279314961811,-0.0083987569095747,-0.6058790806528592
2020-02-19,-3.884113746765796,1.3820025351913963,0.030122458207390436,0.0005276084489911945,0.007258162429849335,0.00700250929766123,0.08977441825388553,0.007947467267972371,0.006171997445527211,-0.016847279231118253
2020-02-20,-3.881394570863573,1.3821768396911545,0.03015127187255216,0.0005283159399966568,0.026965439602816943,0.007000628584314731,0.10083929438105795,0.006463996223522142,0.02293629240334738,0.6514320300381284
2020-02-24,-3.876032789102417,1.3824235056092513,0.0301650686596419,0.000529133498561119,0.04831394153354296,0.0069992277531041305,0.1109779411690837,0.005105481156524023,0.0411031487373581,1.3378376702633676
2020-02-25,-3.874280570666816,1.3825462381966085,0.03019792295295084,0.0005298040697811446,0.017892203326631773,0.007001150410300846,0.09793195413741877,0.006859556931952423,0.015217635085113201,0.32832637224286804
2020-02-26,-3.8725340447855108,1.3826409261174948,0.03021903782795432,0.000530572205298506,0.016452105097260805,0.0069998384482762716,0.10615820109222086,0.005755368101919242,0.01399542873072157,0.2945127300511137
2020-02-27,-3.870394689158568,1.382744893370817,0.030235229899567416,0.0005313742750000745,0.019550990444678007,0.0069993331472635355,0.10942441166835763,0.005317748664263215,0.01663278014981806,0.3990594754837547
2020-02-28,-3.8667876849678557,1.3827896055566335,0.030205077663303694,0.0005323542759142719,0.026446828920493104,0.006996898154638611,0.13638702021916785,0.001690644498476036,0.02250716538395281,0.6222330298497013
2020-03-02,-3.8623131590777113,1.3828772100838544,0.03018676354207018,0.0005333089239990475,0.03441001511536701,0.006997006197353414,0.13003556886396797,0.0025459020266998308,0.029283659850433352,0.8621994223529036
2020-03-03,-3.8607729684956458,1.3829380513018288,0.0301939390283855,0.000534164076982337,0.013373051613860376,0.006998013843698914,0.11517121346253062,0.0045495388585335235,0.011379114626443254,0.14731393345984123
2020-03-04,-3.8612272847017444,1.3829075062994218,0.03022483369349619,0.0005348517025748656,-0.004572448655657091,0.006999915426506119,0.09935949866524008,0.006680228627418247,-0.0038896344978436304,-0.43308651224188166
2020-03-05,-3.864455339076035,1.3826024446523661,0.030271191914323523,0.0005353726350713886,-0.036880453411015424,0.007001869211621055,0.08752751324164526,0.008271634940493182,-0.03136425716702007,-1.4795775929391501
2020-03-06,-3.8687075894260294,1.3822382594370786,0.0303131831994712,0.0005359471344342601,-0.04671468185869898,0.0070010371784843956,0.09102599398743076,0.007795947672065875,-0.039732304973879806,-1.7382532731143812
2020-03-09,-3.8673998269641885,1.3822610315277162,0.030291655803611615,0.0005369102857262801,0.009922321960479152,0.006995891854338688,0.13180004307959128,0.0022950364570195206,0.008445453525496305,0.16620639200886686
2020-03-11,-3.868054153428372,1.382249696745875,0.030269990861861485,0.0005378737764845825,-0.004961662785484933,0.006995696668000212,0.1318764479718148,0.002284472430131183,-0.004223271707640919,-0.33208650881888574
2020-03-12,-3.8590792484136736,1.3820233376319315,0.030136496275784606,0.000538725246866653,0.049129632372180154,0.00699687511113514,0.18267804136430735,-0.004607384647797188,0.041811152713837174,1.4337177126070089
2020-03-13,-3.854150186291821,1.3819827473591682,0.030061343368937784,0.0005397133691569849,0.031148423145823223,0.0069945680163466485,0.15824435473914722,-0.0013031244815597813,0.026517215433095487,0.8036846180764917
2020-03-16,-3.8510899074430984,1.3819013137007872,0.02992297010912125,0.0005405445804346092,0.016578924319021304,0.006995974734863629,0.1845885046481166,-0.004911878286786228,0.014111099865191434,0.2904313420921461
2020-03-17,-3.851793404896416,1.381920060510127,0.029785128420075187,0.0005413756851027449,-0.00381520684378156,0.006995183283395392,0.18439300465831873,-0.0049137072005225515,-0.0032476688451499314,-0.4613534081823103
2020-03-18,-3.8583783706983805,1.3820465964597144,0.029676944907384113,0.0005422988132866132,-0.03816495654944063,0.006993085352711974,0.17253958597945782,-0.0033155009471478357,-0.032497405690156356,-1.7199397668696068
2020-03-19,-3.8594498724446793,1.3820601989553047,0.02959041419177491,0.0005432687524005466,-0.006560001815800298,0.006991534566805846,0.16333863562629292,-0.002073550583106394,-0.005587071113149378,-0.6079611705629806
2020-03-20,-3.8659924402942543,1.3816312911916864,0.029619997050871524,0.0005439661239653407,-0.06520409862397081,0.006994097925830631,0.10033982506691114,0.00657792642901063,-0.05551315823181291,-2.6414687131725265
2020-03-23,-3.874404128587497,1.3815774380836643,0.029580063754044577,0.0005449603883994952,-0.059449536649946566,0.006989589535792038,0.1414929159628747,0.0009058625358047565,-0.05064651307762347,-2.323836626421596
2020-03-24,-3.8700061790703324,1.3816969958008718,0.029573244263746554,0.0005458814469221161,0.03557616136195563,0.006989855440680912,0.12362068724670451,0.0033606131923897076,0.030307048290419303,0.8984074634453065
2020-03-25,-3.8679232833720056,1.3818178194168207,0.029597432215071925,0.0005466263490449794,0.020002494918244906,0.006991518709126289,0.10413179490059923,0.0060404272788309055,0.017035912208935855,0.35690113182998073
2020-03-26,-3.8639431774685553,1.3821711964937262,0.029640841548278316,0.0005471802489629715,0.044245546311959316,0.00699350160288831,0.08995494993751525,0.007986726492513896,0.037672776739361424,1.1489149535542738
2020-03-27,-3.8617744935044374,1.3824222800855135,0.029695687201753453,0.00054757498657004,0.02699276490739244,0.006995226314467298,0.08034315756679192,0.009301884880955652,0.022977265968021854,0.5598334698361657
2020-03-30,-3.860060332399188,1.3825451633127734,0.029729581482445897,0.0005482352666765587,0.01762880037454906,0.0069916757952506806,0.09723640116340157,0.006970594972382581,0.01501392447437766,0.2447138057580443
2020-03-31,-3.8599094471409416,1.3825618152817043,0.029782482818950844,0.0005486616178015175,0.0018387470449754417,0.006994536454496527,0.08205873595222576,0.009056149934487799,0.0015653656464706955,-0.2852788192445498
2020-04-01,-3.8561040631945893,1.3826723173685844,0.029778334640858387,0.0005495737973484056,0.0311715949935234,0.006988319678799547,0.1220785765740534,0.0035449609461131225,0.026560669032896556,0.6760715120895354
2020-04-03,-3.8502681697129058,1.3827366154554808,0.029747472449858234,0.000550557912042702,0.04264367683935966,0.006987289887118655,0.13685249289520252,0.0015077988499553644,0.03634114703031699,1.026936693741501
2020-04-07,-3.8479287804747377,1.3829403702769345,0.029790084625228898,0.0005511225700352233,0.025822895963256265,0.006992374464631056,0.09059360505099275,0.007890471376395125,0.021990394278788017,0.4343926149646068
2020-04-08,-3.8404043994456445,1.3832432592828188,0.029798632704432667,0.0005519743802421519,0.06577623638089936,0.00698858597489572,0.11439360843816987,0.004604839415413935,0.056044430012169855,1.7847623758871614
2020-04-09,-3.839028010983165,1.3833592330069326,0.0298397862900768,0.0005525565910845244,0.015002934462051698,0.0069918223110194975,0.09174128341098706,0.0077300693679150205,0.012777284890510998,-0.011625140813990844
2020-04-13,-3.8371344558504648,1.3835056536873247,0.029877111678286012,0.0005531818419964164,0.019998941531638614,0.006991168425470806,0.09468276757070841,0.007321421494257007,0.017033739238563328,0.19311794030517385
2020-04-15,-3.833153118758439,1.383745245030705,0.029903142958395537,0.0005539139668335924,0.03870219733738889,0.00698974687900026,0.10287108655144596,0.006190639288300987,0.03297060549760644,0.8744762982205487
2020-04-16,-3.8305305821854296,1.383876991623946,0.029921162397122746,0.0005547070734662142,0.024214227493930096,0.006988903068160323,0.10830560560590669,0.005440875339667794,0.020630718342319554,0.3439184685722715
2020-04-17,-3.8338004374495758,1.3834639106916669,0.02997956292766776,0.0005550431759717766,-0.04239990020893103,0.006994560025144994,0.07711940943336143,0.009742497747484362,-0.03609584239461938,-1.969509351637635
2020-04-20,-3.8343549696868457,1.3833917499316146,0.030039160577493125,0.0005553590198315541,-0.007296450176274227,0.00699481566182949,0.07600027737777264,0.009889844829882864,-0.0062113799554612825,-0.7248867051538324
2020-04-21,-3.831663074272571,1.3835413397721743,0.030061678607169004,0.0005561197496994584,0.025566694793654143,0.006989296504902489,0.10528914417764258,0.005850965162564285,0.021781805262376608,0.4354379652747166
2020-04-22,-3.83070729497314,1.3836177481832872,0.030100539941683796,0.0005567290140362006,0.010220595121758436,0.00699122184680553,0.09351503391383877,0.007475925834320298,0.008705141799476124,-0.09245621293952763
2020-04-23,-3.8317249349477636,1.3834096966216662,0.030175782274690078,0.0005566941975000573,-0.017110700109364885,0.0069993378929258596,0.05947389458754772,0.012159149555019894,-0.01455672135749353,-1.028035508912889
2020-04-24,-3.8318694424315507,1.383394426685873,0.03022691494516286,0.000557148549772985,-0.0017287167357595834,0.006993355431249057,0.08359234384546517,0.008833104624560799,-0.0014719429701415265,-0.4708899700467368
2020-04-27,-3.832280562558593,1.3833461802394666,0.03028242695405645,0.0005575358665627187,-0.005154911847065513,0.00699435712709125,0.07975308584107871,0.009359315510699089,-0.004388601915804813,-0.5696230137882466
2020-04-28,-3.8343156248609067,1.3830756724276834,0.030342921040947598,0.0005578378490677362,-0.027080664131067245,0.006995605443333112,0.07514816817137517,0.00998896520683724,-0.023050839808670176,-1.2930156246400417
2020-04-29,-3.8364612656986967,1.3826884461796511,0.03041435797817608,0.0005579075549011836,-0.033586453500348945,0.006998726412626223,0.06388411440248284,0.011529238954278757,-0.028575765919805818,-1.4623820477662872
2020-04-30,-3.8382579390338565,1.3819340270816134,0.030505077506747143,0.0005572712767129006,-0.04937158283099574,0.007007867707227366,0.03639083926699356,0.015280431673017398,-0.041951153302543176,-1.9117050797496717
2020-05-04,-3.8412874789601417,1.3814721635199037,0.030570800830624696,0.0005574746172104519,-0.04328693530142402,0.006997759589422501,0.06998739700996214,0.010669814309876128,-0.03683414299229426,-1.641101332459881
2020-05-05,-3.844102479679714,1.3810783660771384,0.030633351807365747,0.00055774174330638,-0.038479143529577264,0.006997360811387042,0.07315653263978147,0.010234049062514055,-0.03274491574347138,-1.4491622491192038
2020-05-06,-3.8461015085259094,1.3808780987654354,0.030682309954345996,0.0005582294620728306,-0.023401776017010434,0.006994971462993573,0.08542209979030621,0.008557782604081621,-0.019921205706063816,-0.9093358588739279
2020-05-07,-3.8472490682508074,1.3807789002300925,0.03072477877920917,0.0005587995663052638,-0.012653022715060303,0.006994251183828683,0.09069451235015366,0.007839908105498904,-0.010772234809262926,-0.5211339356486399
2020-05-08,-3.8470884528889155,1.380792681173939,0.030766898140886005,0.0005593734608670017,0.001765619795913942,0.006994449351709869,0.09096826070012198,0.007805159343114465,0.0015031295355552032,-0.01923701904379536
2020-05-11,-3.8483430596452712,1.380642418516654,0.030823321770381527,0.0005597483775035165,-0.01589798758382699,0.006997132820030427,0.0789160734803904,0.009451677861291124,-0.013529283098666411,-0.6132419166420898
2020-05-12,-3.849631025658711,1.3804807159817125,0.030881653292708748,0.0005600915785013496,-0.01669088448667022,0.0069977356272443,0.07716583351040317,0.009688074653592468,-0.014202819552702195,-0.6250599215150124
2020-05-13,-3.8500227040690813,1.3804350786974484,0.030936968070993796,0.0005604849200725662,-0.004901328771129698,0.006997329421430944,0.07991269891489962,0.009311206490158276,-0.004170943084821133,-0.22877757151971173
2020-05-14,-3.8522983795294254,1.3802700278076643,0.03097150670068372,0.0005611405699995533,-0.02352280978063348,0.006994277076520121,0.09674335173248909,0.0070166315726426865,-0.020026225984063117,-0.8539463523563439
2020-05-15,-3.8544973972961354,1.380123605425244,0.03100213885070923,0.0005618330200250308,-0.022080640320756295,0.006993975141737898,0.09959030783373159,0.006631256172522797,-0.018799241535873534,-0.7930963660223423
2020-05-18,-3.8577363634425152,1.379775537798756,0.03105405279955625,0.0005622777124983038,-0.03907128357921419,0.006997157578852855,0.08289889273314704,0.00890852806978721,-0.033249779782318356,-1.3307731007286272
2020-05-19,-3.8601159786778845,1.3795269145888063,0.031104778036146433,0.0005627398213410752,-0.02835648029433102,0.0069970618606003485,0.08391786324217812,0.008767773975082382,-0.024131780088831434,-0.9538424189015666
2020-05-20,-3.8623233168204356,1.3792981767551322,0.03115515808203884,0.0005632069840277784,-0.02621203245038739,0.006997131185096036,0.08421087325941196,0.00872644401410223,-0.02230660255613337,-0.8722657988534103
2020-05-21,-3.8656579165080114,1.3788507231630343,0.031216119991043366,0.0005635040781749481,-0.04465080274268285,0.006999382124434086,0.0746817410381771,0.010021176879542695,-0.03798589083902826,-1.437260773826094
2020-05-22,-3.8676299933207843,1.3785442215240757,0.0312825742039576,0.0005636937593376836,-0.028489291219015556,0.007000895930930667,0.06922168746186726,0.010758485937829321,-0.024231526361372602,-0.8871310872671209
2020-05-26,-3.8664363272385045,1.3786318714949946,0.03131767615890773,0.0005643438387783507,0.012392923580120119,0.006995414462437625,0.09631836060012522,0.007072582216151753,0.010549043176686368,0.4427606628022195
2020-05-27,-3.8662057402999985,1.3786604962929805,0.03137559082979393,0.0005646952847187678,0.002973691876826834,0.006999278176672341,0.07754231038624242,0.009626013444455198,0.002529854014971633,0.16505514923971934
2020-05-28,-3.86572418059128,1.3787155762501064,0.03143017241910557,0.0005651011036181272,0.005977859421182785,0.006998791283208615,0.0805572153490983,0.009213993378743368,0.005085988855617174,0.2722313490655601
2020-05-29,-3.864125354662234,1.3788471984355781,0.03147044431093972,0.000565696309131589,0.017304400142343468,0.006996639402253896,0.09239418390087374,0.007606284204532467,0.014727187168015021,0.6489188354934332
2020-06-01,-3.8657666730026574,1.3786062165174071,0.03153485091746699,0.0005659290312751629,-0.023019538367548442,0.007001272331021094,0.0713010971035561,0.01046858170322123,-0.019578183195593013,-0.6702267147281888
2020-06-02,-3.866414510647573,1.3785187119027822,0.031596121909123885,0.0005662224438101335,-0.008710025797211252,0.0070007230679668235,0.07437838417459543,0.010046424277296346,-0.007408483052426362,-0.17561772859601307
2020-06-03,-3.8679420375400575,1.3783217651094233,0.03165558798547222,0.0005665486318061285,-0.020074529716491263,0.007000542157218697,0.07609278593609448,0.009810779935590264,-0.01707522572033149,-0.532868273842486
2020-06-04,-3.8704805320004305,1.3778907884355613,0.03172517979404352,0.0005666721443989898,-0.03852402764181839,0.007003280514111343,0.06589379708619196,0.011187217439178306,-0.03275540038184488,-1.120900768243194
2020-06-05,-3.871299172362469,1.3778029206336087,0.03177714853523477,0.0005671187978733391,-0.00988250186757167,0.0069995717975488096,0.082837359709968,0.008891250730855522,-0.008407138096020006,-0.15309972008980216
2020-06-08,-3.871286154034384,1.3778045171344941,0.031834641790869235,0.000567479525780369,0.00016707159964290952,0.007000880750522345,0.07792065265925394,0.009555788589074351,0.00014210282095916682,0.16637731538834288
2020-06-09,-3.871654435665741,1.3777623739348344,0.03188930308501006,0.0005678858299286894,-0.004576274187094498,0.007000564761794151,0.08047630371363546,0.009209063516917736,-0.003892527670242174,-0.019234617006308987
2020-06-10,-3.873857963035093,1.3774471899034288,0.0319528078003479,0.0005681391606730113,-0.030523358394730415,0.007002683360297886,0.07219151119794007,0.010325994516380733,-0.02595497264381663,-0.8899549567946619
2020-06-11,-3.875223736515313,1.37731834541882,0.03199919985455184,0.0005686620671947926,-0.015606349163518551,0.006999619833998486,0.08751396408664108,0.008255901701209548,-0.01327637818124039,-0.3696239565413191
2020-06-12,-3.8763338560006098,1.377238476471251,0.032033363780050755,0.000569321282249962,-0.011445364787072698,0.006998158183741741,0.09699293171947232,0.006978278897595333,-0.009738647198593853,-0.19757362216319774
2020-06-15,-3.8773069728996967,1.3771738297824858,0.03206385719486119,0.0005700145294797948,-0.009764176723274787,0.006997891195243096,0.09966195068625407,0.006620802818032757,-0.00830847264354695,-0.11540062092691533
2020-06-16,-3.8772498901408903,1.3771782668030599,0.032101513831129316,0.0005706378575932983,0.000604815607121445,0.0069988438017018935,0.09438043286937424,0.007336154229143477,0.0005145758938471801,0.26936773014742116
2020-06-17,-3.8770001608842346,1.3771978979293091,0.032139676552713645,0.0005712557356740764,0.002656817618569285,0.006998984044493879,0.0939956340662797,0.007388962686820475,0.0022603697568079895,0.3395028238029611
2020-06-18,-3.874740803518051,1.377359945745533,0.03217365037257952,0.0005719160848448672,0.023261090134122142,0.006998523768023807,0.09713033022771013,0.00696647557313365,0.01979139337879232,1.050148170301689
2020-06-19,-3.8743949245857565,1.3773863589654844,0.03221048380622987,0.0005725477169719595,0.003640791205150151,0.006998913036798652,0.09500103488629773,0.0072548021743533845,0.0030975471430387813,0.33214247449128614
2020-06-22,-3.8732206340571573,1.3774634609598992,0.03224040081283254,0.0005732455877366188,0.01173438629464485,0.006998134566413374,0.1000725985248288,0.006570603053183388,0.009984603898969269,0.6019047084754894
2020-06-23,-3.870419800829703,1.3776637503554219,0.03227422253218341,0.0005739071670584518,0.02880279238838046,0.006998583809846011,0.09724172537466315,0.006953818672225166,0.024506267795857184,1.220485958060509
2020-06-24,-3.869395748312054,1.3777420489899628,0.03231110047144579,0.0005745381511524218,0.010783215186020101,0.006998955840658114,0.09496727089120395,0.007261158494035476,0.009174190782944791,0.5490546298178194
2020-06-25,-3.868613933734134,1.3777890626489047,0.032336988872583045,0.0005752701561105509,0.007596949398250175,0.006997729034630777,0.10291164741734853,0.006188491784981044,0.006464498822227327,0.4344356291876659
2020-06-26,-3.868338155779859,1.3778291918078607,0.03240109938248539,0.0005755102353450143,0.0038524700143955926,0.007003687032784884,0.07158471143048574,0.010416475353772858,0.0032754070910794297,0.3226608619984355
2020-06-29,-3.86895714774102,1.3777576508659533,0.03245615568248219,0.000575909880371578,-0.007726022797355903,0.007001817322036646,0.08011780153857606,0.009259737355677287,-0.00657049301981516,-0.127163617600027
2020-06-30,-3.8679001397731807,1.3778557741738735,0.032501806104042234,0.0005764415158187255,0.011996074024515302,0.007000320623630001,0.08811282471906923,0.008179618408471957,0.010204082331751962,0.6937571317494008
2020-07-01,-3.8680598614720223,1.3778402001719903,0.032549621595851175,0.0005769453644440685,-0.0018499746585218801,0.007000761974642002,0.08633723608361951,0.00841849471369588,-0.0015735234379246066,0.12244830584817372
2020-07-02,-3.8687912593534635,1.3777261539175805,0.03261629895578044,0.0005771351610485046,-0.010604206161626273,0.007004680503140364,0.06897243134406439,0.010754813012082134,-0.009014519451181258,-0.2155311379799983
2020-07-03,-3.870490158841807,1.3773966976219325,0.03269025195442579,0.0005771556305030221,-0.027864558550089846,0.007006912522871733,0.06096990502431413,0.011823488789739801,-0.023679810369845455,-0.9217455703273656
2020-07-06,-3.873467473766249,1.376572401435595,0.032773663243595964,0.0005768840915504782,-0.06120679363726378,0.007010715546785272,0.048643536893744135,0.013467396956337486,-0.0519864344241423,-2.244691814764292
2020-07-07,-3.874400617819211,1.3763509198141004,0.03285338933002212,0.0005767419614053543,-0.01735096365087596,0.007009505898608145,0.053780531833150756,0.01276480234475194,-0.01473971014303821,-0.3628877912854029
2020-07-08,-3.875011233708099,1.3762678350366857,0.032915110291643984,0.0005770332527467336,-0.008260016590323715,0.007004653494792078,0.07392429327601661,0.010058669556685145,-0.0070217766598226206,0.07723259967543476
2020-07-09,-3.874116141069273,1.376368050451893,0.0329689672215603,0.0005774548377084031,0.011027334710107084,0.007003443495229874,0.08117035188979999,0.009087909077015802,0.009375872147399988,0.9979903403052478
2020-07-10,-3.874243397016434,1.3763526482172597,0.0330260413265592,0.0005778260114718526,-0.001625560165261497,0.007004373236633974,0.07828436614048065,0.009475032030432384,-0.0013819315023386736,0.4514357059129218
2020-07-13,-3.8726684174286845,1.3765275095487057,0.033079537437367114,0.000578252784023635,0.01932872097174254,0.007003992128478987,0.08148390108438362,0.009046709903968305,0.016432748787336138,1.504784961126126
2020-07-14,-3.8698448536337393,1.3767300446518644,0.03311356859755862,0.0005789133586942021,0.029088504326811204,0.007001424656905963,0.09706802946009696,0.006962719735714793,0.024739317844893804,1.912715765330093
2020-07-15,-3.8662586720268948,1.377150842183182,0.03316935320345929,0.0005793045857968548,0.04513831677375535,0.007004863273785564,0.07944872257464919,0.009322401927983883,0.0383705872483322,2.5128900252304693
2020-07-16,-3.856095372820428,1.3783194739960014,0.03322430427135368,0.000579708964130974,0.12673403011596918,0.007004894016352936,0.08019392421409148,0.00922113667299918,0.10773192634785289,4.8920354637124674
2020-07-17,-3.8450422933753057,1.379239018728133,0.033265098270966416,0.0005802991896941917,0.1202091701728305,0.007002842177780131,0.09194872096056235,0.007649538972854177,0.1022153238824437,3.9399044806253456
2020-07-20,-3.833134250885199,1.380272623998285,0.03330780070556767,0.0005808675067919368,0.13165044265596393,0.007003257017658585,0.0904519745613402,0.007851134028110157,0.1119373464193032,3.6955005116555295
2020-07-21,-3.8241612984910205,1.3811447281142586,0.03335553764977316,0.0005813738095008522,0.10387596705710056,0.0070041305423842355,0.08638140898603014,0.008395629332568618,0.08831075483531414,2.696366679797964
2020-07-22,-3.8154693337743972,1.3817640657509618,0.03338921760628617,0.0005820370934353838,0.08931366750756631,0.007002364914374915,0.09731953640675546,0.006934410532976197,0.0759496772426349,2.1862018972125177
2020-07-23,-3.80750566836967,1.3822465662531684,0.033415407251179106,0.0005827661448894557,0.07756303315364921,0.007001657353280965,0.10267346545036972,0.006220753400023404,0.06596395388582721,1.8081484727691362
2020-07-24,-3.7978928670651118,1.3827778941435651,0.033437374850906795,0.0005835277481772183,0.09105459309221775,0.007001301022743804,0.10557184407844948,0.005835267308904872,0.07744187439205952,2.0209804368991753
2020-07-27,-3.7912818007291254,1.3833604127667056,0.03348071006025021,0.0005840878117865521,0.07349855765909385,0.0070037057546946425,0.08994824587783246,0.007925578973160022,0.06248901419470165,1.5515357686108082
2020-07-28,-3.790379675716301,1.3835286264588957,0.03355350865302582,0.00058414205250936,0.014481823803897953,0.00700978086761099,0.062293605076298865,0.011615504681446336,0.012301882264651454,0.16495024676656456
2020-07-29,-3.788580223586147,1.383757827068622,0.03361263647136671,0.0005844789529161544,0.023560124600281895,0.007006520388504359,0.07637702094886772,0.009728327571050195,0.020022944408250254,0.3564931973026065
2020-07-30,-3.7865812807721198,1.3839999476542524,0.03366974761247516,0.0005848497261579313,0.025548867957584598,0.007006273314728606,0.07823997592948698,0.009476763746734744,0.021713875100314084,0.3855867763536142
2020-07-31,-3.784552387217746,1.3842327078758725,0.03372462737248598,0.0005852558848553775,0.02528188239117135,0.0070060251094284385,0.0802508896680142,0.00920660170863924,0.02148772642113883,0.36472468474296627
2020-08-03,-3.7819727235815095,1.3844592013671506,0.03376786549776583,0.0005858183204160874,0.028656174294178882,0.00700433626070563,0.09002121531486405,0.007903828646242294,0.0243614969738708,0.4337428487919183
2020-08-04,-3.780159154544479,1.3846096299711215,0.033808521195436675,0.0005864100276421391,0.0197025229806842,0.007004135334609972,0.09204755344322275,0.007634991930644055,0.016750202529125957,0.20810944314596425
2020-08-05,-3.7796836230716866,1.3846516534224778,0.03385203682883348,0.0005869689112799591,0.005295515320196564,0.0070046459567603605,0.08979890417436014,0.00793566797854767,0.004501681744324415,-0.14359355565433454
2020-08-06,-3.779503038863212,1.3846741272601528,0.033910251906018006,0.0005873217469921204,0.002338527560362458,0.007007208652014535,0.07722133000939073,0.00961025136329602,0.001987239412166275,-0.21722188917952892
2020-08-07,-3.780429104936173,1.384576542878593,0.03396153574239731,0.0005877808061646208,-0.011105626530205193,0.007006082739364211,0.08338710746688278,0.008786931677777342,-0.009438881883356842,-0.5449789581021952
2020-08-10,-3.78055091735847,1.3845654186699836,0.03400653683541441,0.0005883221268564879,-0.0013747579929335174,0.00700524625395633,0.08860644776998135,0.008091757724991445,-0.0011685723217134125,-0.3217091644213485
2020-08-11,-3.780773395287491,1.3845460884404952,0.03404929572429818,0.0005888900030341142,-0.00246115376070577,0.007005057157508757,0.09039578614444924,0.007854133210634264,-0.002092087345948457,-0.3669637113848584
2020-08-12,-3.7789714602178486,1.384674163651416,0.03408284939548707,0.0005895543250370749,0.018500238465924745,0.007004019853832673,0.09740064015723371,0.006922895137634218,0.015728333408128847,0.12582664072021874
2020-08-13,-3.777642608017654,1.3847672615682103,0.03411572465788335,0.0005902248601261725,0.013574035602638368,0.007004017286605238,0.09789661962696959,0.006858528997537789,0.011540231565108527,-0.011642325536086861
2020-08-14,-3.7754580164682494,1.3849068254391057,0.03414432162112078,0.0005909334382185442,0.021635793957966776,0.007003608446054022,0.10097117552741461,0.006450600849988442,0.01839516670247754,0.16374421783434173
2020-08-17,-3.773950902003657,1.385015444164931,0.03417848735592144,0.0005915914832452411,0.015545333488981683,0.007004217168437812,0.0969496386591427,0.006987223908845008,0.013215791822155154,-0.008631225131195602
2020-08-18,-3.772694197837984,1.3851195742847922,0.03421905845805028,0.0005921834605658288,0.013643892353587539,0.007004999932623607,0.09210745241201172,0.007631995120068587,0.011597994477259732,-0.05769484681453105
2020-08-19,-3.7716272907822184,1.3851980208929469,0.03425414864040947,0.0005928325426386021,0.011082938069812087,0.007004336907596392,0.09626572385818737,0.007078141884449585,0.00942194636806093,-0.12653037875931822
2020-08-20,-3.7709091049077976,1.3852494433365834,0.034288010312296065,0.0005934934761130641,0.007390768315713281,0.007004202135972074,0.09717337139278688,0.006957658722332616,0.006283240251224953,-0.22140773638103506
2020-08-21,-3.770690543628328,1.3852646747713702,0.0343206184801235,0.0005941661787957485,0.0022281505609997865,0.007004060395075956,0.09809089353992742,0.006835909140701205,0.0018942940720325652,-0.34643489081856843
2020-08-24,-3.7706195257433177,1.3852696653352934,0.03435360899713161,0.0005948352762991103,0.0007260649715119527,0.007004090814045794,0.09781202481412729,0.006873439869744323,0.0006172718406922684,-0.39768334445225756
2020-08-25,-3.7712020826224597,1.3852301270246623,0.0343849886608018,0.0005955191851097994,-0.005885479491378298,0.007003898984161118,0.09898205915006594,0.006717942130117553,-0.005003739891344949,-0.5691643605196375
2020-08-26,-3.7710344716495423,1.385242788291718,0.0344213126082237,0.0005961558347646973,0.0017579265938234556,0.007004428573827955,0.09534583156438793,0.007202386664042774,0.0014944478821607987,-0.3844411805252305
2020-08-27,-3.770968541387717,1.385247564340882,0.034455706514378036,0.0005968115544768566,0.000681226505039767,0.0070041857359411,0.09678170379069638,0.007010956163062533,0.0005791440938214265,-0.43621571280506233
2020-08-28,-3.7715525140724795,1.3852083847251135,0.03448655195376043,0.0005975002709743394,-0.00587690090459958,0.007003779985022132,0.09936745475921774,0.006666713699015691,-0.004996531408139049,-0.6111389768449902
2020-08-31,-3.773762603074417,1.3850319560906268,0.03452541175580752,0.0005981106471908432,-0.023655937804988092,0.0070046695680368205,0.09342639552729093,0.0074581120368677175,-0.020109684886536527,-1.0601200650848681
2020-09-01,-3.776578494656549,1.3848281097623476,0.03455977571861634,0.0005987666805858232,-0.02908851745936758,0.007004121449821274,0.09680423163762912,0.007007793661670302,-0.024729803644088832,-1.1801966119838094
2020-09-02,-3.778909580709437,1.3846300403303975,0.03460148414572554,0.0005993458337421755,-0.025554043627129985,0.0070050046194746,0.09122180766779245,0.007751001557339164,-0.021722207335105992,-1.0935844135867008
2020-09-03,-3.7813852622368556,1.3843600481939635,0.03465420883999906,0.0005997835610072848,-0.03013929552029726,0.0070066590922843045,0.08214132031558039,0.008958143572143303,-0.025613849778359565,-1.1982504431069378
2020-09-04,-3.784593745923291,1.3840543386353743,0.03470107674140047,0.0006003011965107426,-0.03684252690100287,0.007005773908469628,0.08708641768944721,0.008297735912919366,-0.031314540290889425,-1.3447414982244836
2020-09-07,-3.7883080039101427,1.3835970490636111,0.03475886272515383,0.0006006613215197574,-0.04785536802065682,0.007007673546926845,0.07761423933149281,0.00955565886706145,-0.04066394854948285,-1.5796288821389513
2020-09-08,-3.791126977409659,1.3832188406971637,0.034820079657646746,0.0006009632138115809,-0.03789493716444614,0.007008459247131485,0.07438918521710303,0.009980445799556035,-0.03219670198112112,-1.2967746923855965
2020-09-09,-3.793822062043032,1.3829332080643333,0.034871629258155484,0.0006014190017127545,-0.032410376044899714,0.007006815575318067,0.08315499424132596,0.008812999652786507,-0.027543310124675813,-1.1353217779811262
2020-09-10,-3.79520341579875,1.3827900227387944,0.0349222244275671,0.0006018881703045532,-0.01645054713325056,0.0070068090538606895,0.08397007981127069,0.008703985610881999,-0.01398018160914738,-0.7265346244796378
2020-09-11,-3.797656583848757,1.382456022312639,0.034984033562684314,0.0006021802262547606,-0.03323350084275578,0.00700901644970523,0.07381611891006815,0.010050112617857359,-0.02823395785638283,-1.107988145040989
2020-09-14,-3.8004435141949675,1.381617779723302,0.035069345371061836,0.0006018514387182461,-0.0609115943936267,0.007016427398211673,0.04575369228066745,0.013761626135084895,-0.051693588404472024,-1.6992517462053447
2020-09-15,-3.8029688904068064,1.381010127916763,0.03514957013892567,0.000601706508529902,-0.0475627199664741,0.0070145979670325235,0.05309570633510987,0.012775800184835472,-0.04037538219107972,-1.3377768753051715
2020-09-16,-3.8045086174928318,1.3806728284242547,0.035227317287578705,0.0006016386110961145,-0.027336064882443445,0.007014071045671356,0.05632584984878397,0.012338992241893788,-0.023206977693602582,-0.8505475836219001
2020-09-17,-3.8038232272389245,1.3807677173432658,0.03528986435148451,0.0006019207490067484,0.009377049864577103,0.007010394716299735,0.07309231195373904,0.01011927209318463,0.007964829856048183,-0.008273097915417879
2020-09-18,-3.803396192278138,1.3808178221062473,0.03534580720045027,0.0006023142255926967,0.00538638707766026,0.007009461680832783,0.07928040718752308,0.009302109606891644,0.004575785338502669,-0.10051487708608593
2020-09-21,-3.803114990854388,1.3808523949326448,0.0354036635236709,0.0006026771849177025,0.0036267232267910288,0.0070101323813336405,0.07753594806261276,0.009532799785249242,0.003080639949832431,-0.14547673660500438
2020-09-22,-3.805146011597377,1.3805034989939142,0.0354739788936069,0.000602801203786512,-0.031218112226493844,0.0070131995823134756,0.0650590506002893,0.011176074203307653,-0.02650593862581907,-0.9231962250216859
2020-09-23,-3.8037774866632375,1.3806447819093983,0.03552449209280075,0.0006032737757082126,0.016287347274486663,0.0070094616242592014,0.08402380762662506,0.008674396947712416,0.013836251347834505,0.1542799377666101
2020-09-24,-3.7979999770997996,1.380814915864075,0.03551941904429783,0.0006041826602673632,0.04717246717518364,0.0070046617527110295,0.12247630682495018,0.003606636770657223,0.040100904747180977,0.8349340693417846
2020-09-25,-3.795745685985908,1.380993636354245,0.03555801119540542,0.0006047966911293802,0.02408243917274877,0.0070081732606952565,0.09360725870503243,0.00742119553954178,0.020462014617509183,0.2911224928414192
2020-09-28,-3.794155952914318,1.3811228859455307,0.03559775605095058,0.0006053983968482125,0.017144949494566575,0.0070083879472562696,0.09272311196328246,0.00753863937170287,0.01456702363294049,0.10499773738372119
2020-09-29,-3.7958175557331755,1.3809126308383166,0.03565673688849828,0.0006057416084757047,-0.0217238792442771,0.007011438160150926,0.07648738976005556,0.009678524947125783,-0.018449432878565375,-0.8032687777534145
2020-09-30,-3.797487565398732,1.3807108242665158,0.035713863531839675,0.0006061155424641138,-0.02135605823397757,0.0070111895761539615,0.07819840380935926,0.00944961704026897,-0.018137696686649107,-0.786966534520735
2020-10-01,-3.799373717669762,1.3804457203354712,0.03577697926019481,0.0006063868906585495,-0.0260071582971646,0.007012510302392293,0.07252435077597755,0.010193498575103505,-0.022083715193421227,-0.8751204112954408
2020-10-05,-3.8020268208921224,1.3790527415607,0.03587064380938969,0.0006056404323332617,-0.08834300735413869,0.007024470410639636,0.030031841815450107,0.015767844184737704,-0.07488784625865286,-2.188037343804877
2020-10-06,-3.8047569562380645,1.3779834858556976,0.03596068942017827,0.0006051135364845073,-0.07251312118587894,0.007022301307822764,0.0376502252460468,0.014745685849893159,-0.06148793212743087,-1.7556257778814985
2020-10-07,-3.8073069099222803,1.377093486678748,0.036048910138631395,0.0006046785975224371,-0.06225785394247296,0.007021703879896573,0.040957943821381855,0.014295371918406189,-0.05279640900801397,-1.4754550515069036
2020-10-08,-3.80930877921931,1.3759396073258021,0.03614349457287501,0.0006038793405242314,-0.07210781693033397,0.007026468292508319,0.027762167574200303,0.016002139602433844,-0.0611079909186234,-1.6137074668448554
2020-10-09,-3.8110601477273574,1.3753254835679125,0.0362318330259084,0.0006034454602483225,-0.042978976268364555,0.007022847316996187,0.04074942355795959,0.014288934060571686,-0.03644144494036006,-0.9968854071657272
2020-10-12,-3.812052978493137,1.3750209831452063,0.03631772609767755,0.000603118500334638,-0.022151177495554286,0.00702223950699829,0.04482067673283367,0.01374646665024347,-0.018783387929961037,-0.5178566348668737
2020-10-13,-3.811769583034736,1.375088626114632,0.036397958929761956,0.0006029923301954003,0.0053407929921407415,0.007020534365145734,0.0530624307697842,0.01266534193056472,0.004529896970364433,0.18643020249232586
2020-10-14,-3.8124449433410024,1.374957806149631,0.03647233349771934,0.0006030308326275868,-0.011177488348831588,0.007019215635457485,0.060421472623333486,0.011703878449093236,-0.009482184254926196,-0.19721466343177094
2020-10-15,-3.8125190918043095,1.374949749919384,0.036525209598091204,0.0006034745433971812,-0.0009046840654685084,0.007015050382015149,0.08196061601781328,0.008905020608478567,-0.0007679251571897083,0.13018729125975306
2020-10-16,-3.8121185951696814,1.374997670140079,0.036582127507302366,0.0006038577543563708,0.005110943719859762,0.007016188150181121,0.07836060355580637,0.009376002421792306,0.004337631165560296,0.35614645663817496
2020-10-19,-3.809421207272185,1.375212743626501,0.03662107785893099,0.0006044696307052795,0.028912237171174304,0.007013902965383363,0.09329571701859336,0.007438839310450368,0.024545658818318827,1.1902439024439748
2020-10-20,-3.8076038268005297,1.3753863653052494,0.036668256405211805,0.0006049875424653704,0.020944144221138217,0.007015261667366639,0.08677272522890997,0.008289748051543325,0.017777533012763413,1.0139429490626075
2020-10-21,-3.801435577507423,1.3757508247517638,0.03669310039307938,0.000605725157881363,0.05958405066345129,0.00701293705773674,0.10352181874889262,0.006116728259598986,0.050592114593733584,2.2279497152855954
2020-10-22,-3.797737520059555,1.3759715623025899,0.03671839236032344,0.0006064589797127099,0.03582987350697486,0.007013108266628938,0.10321156861320457,0.006160712534559433,0.030421980262197224,1.4236693965586742
2020-10-23,-3.79506695396268,1.3761579748138577,0.03675103200375001,0.0006071307727205248,0.02725087728223219,0.007013885807094022,0.09799927060022952,0.006840605876181211,0.02313526859363435,1.1401807317378931
2020-10-26,-3.793763344151161,1.376251378357091,0.03678489073872791,0.0006077912225454328,0.013424426116516841,0.007014047684507477,0.09710730277808735,0.00695773081267258,0.011396716989052535,0.6979164192502407
2020-10-27,-3.7913340184082096,1.3763631380308552,0.03679808515925054,0.0006086075067968546,0.021834390606042753,0.0070122644600106735,0.11126144011910347,0.00511851582123702,0.018541101758215106,0.98302547158316
2020-10-28,-3.790280476850193,1.3764124649520786,0.036812062435735794,0.0006094189345114987,0.009512057509525995,0.007012272427456696,0.11075853536011145,0.005185725714337479,0.008077341337749289,0.5834139131830125
2020-10-29,-3.790172428365416,1.376418449014411,0.03683378295807352,0.0006101788286431865,0.001022679709798524,0.007012773889334163,0.10565232080157225,0.005851355292414327,0.0008683654826153742,0.3039321049699582
2020-10-30,-3.7929719070811063,1.3762101956070119,0.03686936360664376,0.0006108223395557127,-0.029211378531729615,0.0070140056797951805,0.09583521409814737,0.007129187935200185,-0.024799258069924335,-0.6819603091455034
2020-11-02,-3.79101457724607,1.376301294522488,0.03688307344327499,0.0006116354178769595,0.017644270951984176,0.007011980439802383,0.11093288242753264,0.00516308753838911,0.014983586217136136,0.8505191219389614
2020-11-03,-3.791963316695674,1.376240713134567,0.036911473689268726,0.0006123434762331388,-0.009389560493633375,0.007013069455126905,0.10104194442831484,0.006451993995019633,-0.007972414549049844,-0.03606328686849767
2020-11-04,-3.790920040286214,1.3763200030184943,0.03694805641419694,0.0006129771699509476,0.010971670461246141,0.0070138150977169635,0.09508820130398174,0.007226783214761393,0.009314749738555506,0.6258628040467279
2020-11-05,-3.7907744501694594,1.3763339330970845,0.03699520647452117,0.0006134933454687042,0.0016773587916043553,0.0070150802881261895,0.08679724188033486,0.008304769772511563,0.001423790438684236,0.3315155631631107
2020-11-06,-3.7909215551915145,1.3763181373590083,0.03704744157942109,0.000613942621882461,-0.0017828389891025864,0.007015814144847098,0.08251166984479548,0.008859879199833845,-0.00151316677306923,0.22657950393622012
2020-11-09,-3.790130167484606,1.3764100932227161,0.03710304611593359,0.0006143432189676296,0.009948940372510151,0.00701638886561986,0.07954492411022536,0.009242779659407412,0.008443372041220698,0.6256321647746158
2020-11-10,-3.7894210835921256,1.3764552896548874,0.03713141457830997,0.0006150522026513553,0.007016094039211218,0.0070129353673064115,0.10106533471723476,0.006441822461142,0.005957284126218099,0.5344209581503063
2020-11-11,-3.7880944580035942,1.376570155423749,0.03717406996012254,0.000615622293021338,0.014672417980897912,0.0070145417848093815,0.09041628927545879,0.007828687065154168,0.012455326963301872,0.7897266738535853
2020-11-12,-3.7864926304270075,1.3766912973472492,0.03721046147776466,0.0006162584848645677,0.016820370297257803,0.0070138198465913085,0.09523140978933989,0.007202096110797379,0.014280180424659505,0.8563363498007216
2020-11-13,-3.783790750055741,1.3768760645300666,0.03724212695583404,0.0006169389210459428,0.027372115386040008,0.007013336100296504,0.0987092277363554,0.006750197425796513,0.02324001792770325,1.1858870530029098
2020-11-14,-3.7814763182646836,1.3770541248084611,0.03727930966730488,0.0006175671080973871,0.02445600257363445,0.0070139288644969254,0.09463655329970443,0.007280841497229819,0.020762366990032532,1.0677007070340234
2020-11-17,-3.7801038702755645,1.3771565802905383,0.03731508476583544,0.0006182091913183588,0.014342337041528985,0.007013769746586173,0.09569207480935706,0.0071435695438359925,0.012176463420829009,0.7261259039154735
2020-11-18,-3.7778960590071167,1.377279015010237,0.037336899093050636,0.0006189687481351146,0.020908974167462624,0.00701243322071585,0.1055915632572519,0.0058556062443798716,0.0177548389110207,0.919265375080378
2020-11-19,-3.7779074987451144,1.3772782900369531,0.03736496506759536,0.0006196798490187259,-0.00011295331270577691,0.007012940483821649,0.1012784638495589,0.006418344593554361,-9.590727862196502e-05,0.23907628081833251
2020-11-20,-3.7784955800867723,1.3772325502634828,0.03740264077526632,0.0006203028236497496,-0.0062386123969515594,0.007013883735869855,0.09426476662423447,0.00733172227413151,-0.005296417233910944,0.04431030373068278
2020-11-23,-3.7789246476751135,1.3771807583860598,0.037459813743924236,0.0006206788160756034,-0.005492008698378292,0.0070166366173498446,0.07812580276284341,0.009430407027254279,-0.004660741107395339,0.06837692584132622
2020-11-24,-3.7791981747851837,1.3771502756511913,0.03751365886221862,0.0006211055915736462,-0.00337240057978061,0.007016090766259022,0.08110753856181606,0.00903888317753944,-0.002862178435229623,0.12637619353748042
2020-11-25,-3.780430857537792,1.377037191657331,0.037558957439868305,0.0006216452308577384,-0.013959253406637728,0.007014881878694932,0.08830577944963078,0.008101005875187228,-0.011849351360263327,-0.22677605321385727
2020-11-26,-3.7824429357767393,1.3768317539471575,0.03760902976971051,0.0006221247414404927,-0.023851047793183255,0.0070156271089452885,0.08436016129749647,0.00861336206085324,-0.020243878115845604,-0.5506521880347582
2020-11-27,-3.783529290783788,1.3767518997688841,0.03764410471373972,0.0006227739378078328,-0.011291255238750963,0.007013797798672677,0.09621206713317193,0.007072214433638501,-0.009586095076585366,-0.15181293002598098
2020-12-01,-3.7835099454769705,1.3767538932227783,0.037694578779661696,0.0006232480491282974,0.0002302494216799289,0.007015821440374474,0.0840189159911853,0.008657801959326595,0.000195421692165354,0.20751923491929503
2020-12-02,-3.7841942508759314,1.3766751388939191,0.03774980376755908,0.0006236550082249891,-0.008566373656892168,0.007016649888033355,0.0798827399281524,0.009193426765345762,-0.007269758029309514,-0.10673180612243095
2020-12-03,-3.784174982946021,1.376676729610567,0.037790292496167714,0.0006242493925167899,0.00020918873002262472,0.007014644719183313,0.09210787745752605,0.007604217721529526,0.00017757644302385245,0.16859429229471742
2020-12-04,-3.784327486874886,1.3766625794338851,0.037836113602622005,0.0006247829568070048,-0.0017353714126544517,0.007015408178923257,0.08787970560800197,0.008153975903252968,-0.0014729643741926424,0.08581146354406011
2020-12-07,-3.784225355979139,1.3766724720564465,0.03788386481570448,0.0006252927438242792,0.0011834672114332534,0.007015754604750088,0.08629803577175059,0.00835901701859587,0.0010044644917535095,0.17585433750230495
2020-12-08,-3.78568443470094,1.3764693677838113,0.03794676189824064,0.0006255738103068305,-0.020067528000486057,0.007018404057032803,0.07270844330032371,0.010121040948855013,-0.017025828677732946,-0.5629922606057135
2020-12-09,-3.786039237359225,1.3764198992420231,0.03800973593246907,0.0006258540450448446,-0.004884918211309319,0.0070185477446713385,0.07263226177741747,0.010126790183263651,-0.004144410705205104,-0.07451950982877802
2020-12-10,-3.7858304176013102,1.3764423506542411,0.038062099565609984,0.000626303385992681,0.0025343845867524806,0.007016822533724573,0.08239466062335875,0.008858723468954131,0.0021507244621652433,0.16397991264870823
2020-12-11,-3.7859491286982023,1.3764302396721695,0.03811217889663687,0.0006267838011381619,-0.0014073936966401135,0.007016636269012752,0.08434818002624098,0.008605255303184312,-0.0011943713752309293,0.004421840134091821
2020-12-14,-3.786524645783211,1.3763682914718929,0.03816459271677608,0.0006272324582363489,-0.006988724259725743,0.007017141136483185,0.08234937645562283,0.008864021239686515,-0.0059304881553714495,-0.1908968130046218
2020-12-15,-3.786209084117943,1.3763936061924424,0.038203767536374195,0.0006278410218420189,0.003389002578273015,0.007015501562531519,0.09311343322386284,0.007469666949162686,0.0028765102261889552,0.1922713702001887
2020-12-16,-3.7872962668214636,1.3762697700029485,0.03825859292421789,0.0006282549045640583,-0.013550501506509605,0.007017785689399936,0.08023191636104385,0.009138863933149208,-0.011497621723655982,-0.42015885851903556
2020-12-17,-3.789496374619861,1.3759927713716757,0.03831756678485844,0.0006286045832676687,-0.02877661920752228,0.007018628732932573,0.07645470034306194,0.009625822591426126,-0.024414073557306182,-0.9827986705214401
2020-12-18,-3.7901856588522826,1.3758991291194052,0.03837956862725285,0.0006289032740400739,-0.009368401123685643,0.007019348528345122,0.0735754397491368,0.009995542572774633,-0.00794733316102203,-0.2533923913395976
2020-12-21,-3.7900748861669116,1.3759097475088988,0.0384268992033788,0.0006294193128867406,0.0012785929794372208,0.007017102664885502,0.08663639418672203,0.008304745657514025,0.001084993742878737,0.17326496399408883
2020-12-22,-3.7891886892049103,1.3760256310378387,0.038487409297575964,0.0006297440560216732,0.011815083767080736,0.007019387114971834,0.07500555895086188,0.009808100494613628,0.010022829894774432,0.5857624231911561
2020-12-23,-3.7878685204114584,1.3762271638853474,0.038553820416673164,0.0006299612966215205,0.019086388121269948,0.007020759742192451,0.06916807858373797,0.010558982989772484,0.01618796990930882,0.8619954849248721
2020-12-24,-3.7877051957325616,1.3762498103557872,0.038616644676384704,0.0006302465418735728,0.002244383842676889,0.007020212633174763,0.0727703861483894,0.010090284027676262,0.0019037048475034624,0.20325645089520758
2020-12-28,-3.7879982270804526,1.3762074528567536,0.03868105982061219,0.0006305030132989187,-0.004115981456540574,0.00702075573508443,0.07119355395181727,0.010290983931961593,-0.003490939279409133,-0.05226767939141432
2020-12-29,-3.787699063078715,1.3762471930631999,0.038742231901307864,0.0006308178632574033,0.004022688947637576,0.007020343383409438,0.07436916093476593,0.009879015495242682,0.003412014325494539,0.2438624597606297
2020-12-30,-3.786825608890442,1.3763409505555546,0.038794583502545076,0.0006312688535625153,0.010601214847778984,0.007019065896307696,0.08239189572277884,0.00884403284915288,0.008993506756253211,0.483381772470171
2020-12-31,-3.783163188402871,1.3766160858274286,0.03883070675965863,0.0006319083588550582,0.03838646772005827,0.00701718061329124,0.09540915601508006,0.007167506890196987,0.03257378642775777,1.7089535925668544
2021-01-01,-3.782756112153504,1.3766634223178609,0.03888645329236224,0.0006323099639509523,0.0051270745959408615,0.007019966622781706,0.07939737207831574,0.009232651007230462,0.004348979272029041,0.13774557610068638
2021-01-04,-3.784152430632438,1.3763541043401017,0.03896479050331138,0.0006322469089766361,-0.025145432516943345,0.007025279703948871,0.0555297061600874,0.012301159566478955,-0.021313179325021636,-1.575384181526862
2021-01-05,-3.7861677507448865,1.3758155829572976,0.039047854693616366,0.0006320376375496023,-0.041051654379314684,0.007027149846261014,0.04909229951677511,0.01311814081420908,-0.03478597641154657,-2.473874623431823
2021-01-06,-3.787818984404795,1.3755367316791978,0.039117903504377556,0.0006321834715426616,-0.025285953276291018,0.00702353364755963,0.0653024088855166,0.01102791241654819,-0.021437612305675202,-1.5828048227692195
2021-01-07,-3.7899378761007885,1.3752523954903173,0.03917953463701221,0.0006324925547674761,-0.028664953581641228,0.007022050475917661,0.07391924392825155,0.009919297028363283,-0.024307486021125868,-1.6963429247547832
2021-01-08,-3.791351430009328,1.3749511810606856,0.03925684660300955,0.0006324623497552693,-0.024875495669769876,0.007026120589994324,0.05682515545840244,0.01210888151257363,-0.021081858433126044,-1.4570134140818436
2021-01-11,-3.791233555722174,1.3749817607556951,0.039339269716650464,0.000632279389685794,0.002357051483021344,0.0070281645855328236,0.050009211934026146,0.012973706866279126,0.001997008411109391,-0.001476351106212821
2021-01-12,-3.791264821895479,1.3749751325997002,0.03941646916417724,0.0006322547259861035,-0.0005488845562240385,0.0070268054828208255,0.056963113555548846,0.012075683164664305,-0.000465131581924183,-0.15204756470835795
2021-01-13,-3.7901023135585716,1.3751671737308386,0.03948582683325831,0.0006324185105948588,0.017602003637280816,0.007025121810089281,0.0660440913922601,0.010910185857009796,0.01491973111124878,0.8404134369994005
2021-01-14,-3.792009099154348,1.374653685908475,0.03956914482337292,0.0006322087346459169,-0.03914216221112987,0.007029659250883565,0.04871436548372816,0.013118534934115755,-0.03315608827307415,-2.1137114394596614
2021-01-15,-3.7946537332569608,1.3741287931027213,0.039644455904206656,0.0006322361842149264,-0.044618367020286875,0.007027457586751152,0.05927231943316963,0.011764052357970445,-0.03780664916405563,-2.3979457578551457
2021-01-18,-3.798515041878747,1.3735077353225342,0.0397129181661584,0.0006324203056459128,-0.05763386320512076,0.007026142843102599,0.06699722015932659,0.010775917935200892,-0.0488442567316234,-2.8968906198991684
2021-01-19,-3.8023823009750752,1.372806163730785,0.039785443887640444,0.0006325161072182122,-0.06185020181928813,0.007027518530029767,0.06252621628669208,0.011343076839087963,-0.052407310233268944,-2.8738198314027374
2021-01-20,-3.805529147865111,1.3721387795065922,0.03986271624570489,0.0006324938621453678,-0.0553416342843942,0.00702921962959631,0.056862196621526466,0.012059351568170468,-0.046881080831489896,-2.3843303633809043
2021-01-21,-3.8077752566548173,1.3718048447510809,0.039928364323013193,0.000632734563335024,-0.03212410941026089,0.007026704137102544,0.06991972169628047,0.01039514438351068,-0.027222761444260613,-1.2467673021140049
2021-01-22,-3.8103663059149637,1.371390582301133,0.039996643943551444,0.0006329237177187505,-0.038566602822231566,0.007027644839165631,0.0671837566842428,0.010741481479649479,-0.032677914257478236,-1.4904348935845217
2021-01-25,-3.8132837169293796,1.37099818333814,0.04005847877306548,0.0006332332749710952,-0.039585720912644895,0.0070266623846269435,0.073698569765946,0.009912639051312764,-0.03354611412076025,-1.4794963280605669
2021-01-27,-3.8165504580796736,1.3706567394491327,0.04010979457461036,0.000633701415048208,-0.03924196920293266,0.007025223781253434,0.08324610657025626,0.008700987640085473,-0.033261618541164495,-1.4428641062217518
2021-01-28,-3.819037867074131,1.370488311056166,0.040140963512027984,0.00063438582690146,-0.025125756531844345,0.007023092161515355,0.09899837210094778,0.006703415785837354,-0.02130313543308837,-0.7764074392064759
2021-01-29,-3.82066045859754,1.3704279198518041,0.04014419542289519,0.0006352517786538624,-0.013821352073930093,0.0070212561848017555,0.11739745248728879,0.00436941364629412,-0.011721642167032087,-0.2580183102207249
2021-02-01,-3.8213606156784854,1.3703911464204714,0.04016316642591742,0.0006360282579255055,-0.00651800347239373,0.007022288491424814,0.10741894874875016,0.005641824446479657,-0.005526989874724109,0.08855127815630848
2021-02-02,-3.823638206016147,1.3701972071892579,0.040205104543240396,0.0006366072684587166,-0.02505164639960622,0.007024451796058508,0.09091579456819615,0.007741576266883706,-0.021236189165383834,-0.7381683378628219
2021-02-03,-3.824493991973023,1.370126605275296,0.040245569158862536,0.000637202060655715,-0.009295619170893943,0.00702427485058079,0.09206336244451843,0.007595181414360425,-0.007880060922170529,-0.01247927421664766
2021-02-04,-3.8251617486966225,1.370075663443346,0.0402823464823446,0.0006378341134949077,-0.007038335696046616,0.0070238672053534144,0.09487423624515483,0.007237766732079079,-0.005966868042033724,0.10437699368897953
2021-02-05,-3.825007501526735,1.3700853716475052,0.04030993759836069,0.0006385472764453375,0.0015190839025649439,0.007022972508514268,0.1015395987193594,0.006390828145034996,0.0012879931165556968,0.5039336963083223
2021-02-08,-3.824870355458491,1.370098111371456,0.04035588325886844,0.0006390808492363419,0.0015634669633186604,0.007024918004008637,0.08771919807833928,0.008148380650076312,0.0013252572786903727,0.5204336543204334
2021-02-09,-3.823047274323126,1.3702293330188027,0.04038989482096275,0.0006397389746449901,0.018808336083361965,0.007023548836180999,0.09692942146955427,0.006976781293413453,0.015945807568352066,1.31915051635255
2021-02-10,-3.823631559979164,1.3701758306092178,0.04043518938039215,0.0006402802767426286,-0.006621059810844265,0.007024818254796626,0.08824654552757713,0.008080641334394269,-0.0056123554307596635,0.16833203834124189
2021-02-11,-3.824127520252276,1.3701333209267716,0.04047743948071008,0.000640856015680724,-0.0054698751397683765,0.007024449245410779,0.09067122382853117,0.007771600148080444,-0.004636794863893456,0.2528881992085822
2021-02-12,-3.8227046467434267,1.3702429695091576,0.04051469800634103,0.0006414834282713614,0.015054906402986568,0.007023898906397151,0.0945122786394089,0.007283245704144427,0.01276299374418599,1.2533272578919925
2021-02-15,-3.819028190862542,1.3704453571069954,0.040535890455602415,0.000642244604856152,0.034704803007619134,0.0070224439287379006,0.10593507417625993,0.005831688420575668,0.02942754633061817,2.1555803735905332
2021-02-16,-3.8158874899308834,1.3705911121208931,0.04054903733687364,0.0006430575455765678,0.028239660134389943,0.007021844090041586,0.11121596069897005,0.005161358642560387,0.023947546877705506,1.7775302649764966
2021-02-17,-3.8120657768995874,1.3707363982986203,0.040553138635356575,0.0006439189513379716,0.03270080196692948,0.0070212330361761185,0.11686909193117188,0.004442893415090889,0.02773305830889683,1.8942250748850074
2021-02-18,-3.8069807507586706,1.3709283853091088,0.040556932320595894,0.000644781812365394,0.04344036023525977,0.007021081841102919,0.11705764209545236,0.004419553830785301,0.036841909499854,2.2390952574510012
2021-02-19,-3.8037364084839522,1.3710847254265313,0.040571809330054595,0.0006455841452569253,0.029465934638333025,0.007021566026377095,0.11010484868509202,0.005305791903139309,0.024988430876213386,1.5782594084019286
2021-02-22,-3.7961706669033255,1.3712059781785597,0.04054432645683551,0.0006465514012332659,0.05614119138047524,0.007019595483579132,0.1347627543090898,0.0021597823104016057,0.047623607202211815,2.5088761339960794
2021-02-23,-3.791426076465094,1.371345534428837,0.040537648814660654,0.0006474591070069675,0.03848840775343998,0.007019979428529418,0.12327323251783907,0.003625929427150815,0.03264726874146007,1.7242969652519566
2021-02-24,-3.7846187044004926,1.3715172762992132,0.040525083785218644,0.0006483874601918429,0.05375636948423157,0.007019470831083973,0.12663377623740624,0.0031948189958511,0.045601413579085204,2.1831056348890323
2021-02-25,-3.7819728114110274,1.3716444656945712,0.04053985121374851,0.0006491905070806291,0.02401341542346458,0.007020513976403414,0.11018395104595048,0.005296597469173266,0.02036750232506712,1.046266724605986
2021-02-26,-3.7752669319208807,1.37176775048661,0.04051659450227903,0.0006501488471923301,0.05060278519181871,0.00701855859004561,0.13251996831255025,0.0024363242373199594,0.04293181411108726,1.9304918463109677
2021-03-01,-3.7705324997521568,1.3719319536269774,0.04051679804609182,0.0006510288026999248,0.03970547636141131,0.007019079215176618,0.11923877012907544,0.004135528783808351,0.03368395013727543,1.4871186861450483
2021-03-02,-3.768164495772298,1.3721107222572464,0.04055299513944735,0.0006516651739328792,0.024841260824541855,0.007021386466109817,0.09532543442881296,0.007196439485563114,0.02106703931535847,0.9413113700022768
2021-03-03,-3.7659628413154764,1.3723466614428086,0.040605227156537464,0.0006521165954902934,0.026696018403333355,0.007023143971700724,0.08247126682182154,0.008837991568534853,0.022634331406003128,0.9827808749094861
2021-03-04,-3.76449534079566,1.3724881529133097,0.04065280343265637,0.0006526292557131845,0.01698461373439475,0.007022353521993622,0.08640176001439812,0.00833056746027836,0.014402097086110288,0.6256558961781523
2021-03-05,-3.7622565208345415,1.372646769415938,0.04068606055700421,0.0006532942414377456,0.02296176346588208,0.007020645615600652,0.09750209144192093,0.00690785369617355,0.019475155595712224,0.8120313429698344
2021-03-08,-3.7589182512335477,1.372885286750239,0.040719721629211676,0.0006539555801725619,0.03434195305891219,0.007020622362491461,0.09720674870375476,0.0069453631216512424,0.029127427232170433,1.1714127038616313
2021-03-09,-3.7574979575325598,1.3730232478839677,0.04076764968485864,0.0006544642640884505,0.016493506073217645,0.00702220400122176,0.08611229745108168,0.008364572888032535,0.013985960312764334,0.5527548168502997
2021-03-10,-3.75571002281259,1.3732144842833105,0.04081984910850849,0.0006549174106676445,0.021671538320169326,0.007022783777790225,0.08250151390063026,0.008824311247196561,0.018375247255598026,0.7093418018672464
2021-03-12,-3.7531711253959745,1.3734532753064048,0.04086634422428813,0.0006554441078239748,0.029085698528133364,0.007022020903675512,0.08729023352008806,0.008209911921606215,0.02466437581363934,0.938267799846669
2021-03-15,-3.7514383028395417,1.3736206111093818,0.040914035057097536,0.0006559563015692181,0.02007715884051553,0.007022215132534608,0.08630815595960539,0.008334635607870903,0.017024755099404487,0.6167087918722589
2021-03-16,-3.751050055382732,1.373668580578797,0.040972350330656875,0.0006563199610965803,0.005039737929657839,0.007023856388906792,0.0770372313459357,0.009518246798682331,0.00427252958655977,0.09514164850144728
2021-03-17,-3.7506432944874946,1.3737164492980727,0.041028660957834806,0.0006567148974819272,0.0051574092181985165,0.007023613511555742,0.07886923027208176,0.009281543746217182,0.004372438758016628,0.09105551801825522
2021-03-18,-3.7504555633878938,1.3737290534477193,0.04105940817999693,0.0006574027269876364,0.0018901865896712167,0.007020597994890801,0.0993188189075033,0.006668203930472247,0.0016031838184833447,-0.01975927757584388
2021-03-19,-3.7503697796629876,1.3737355418794275,0.04109580212501549,0.000658038838651078,0.0009012842235902596,0.007021213802695824,0.0951794369198006,0.007199096065698438,0.0007643676880384476,-0.04710539916290158
2021-03-22,-3.7515226343132753,1.3735895353645606,0.041155128736073465,0.0006583864510214982,-0.015150322530128157,0.007024331599251441,0.07609439653810915,0.009637188553340047,-0.012843092841189119,-0.5710609982755457
2021-03-23,-3.752883080047076,1.373415557815788,0.0412148598861508,0.0006587278942867509,-0.01796816884873831,0.007024483880943221,0.07571421135081885,0.009682541957236643,-0.015231481542764769,-0.6526079524773313
2021-03-24,-3.7544578015359202,1.3732515998132357,0.04126592804412292,0.0006591974383739872,-0.018865863814157002,0.007023238993443599,0.08346935525224847,0.008690723317385426,-0.015995285514577517,-0.6722671361950971
2021-03-25,-3.7550350404380213,1.3732117882922878,0.04129795350597279,0.0006598741034466231,-0.005866602871158477,0.007021153410718737,0.09839406463644428,0.006786128500989643,-0.004975434082615138,-0.22987342204569614
2021-03-26,-3.75542893488052,1.3731836780362368,0.04133159052230977,0.0006605361197124129,-0.004051614662140324,0.007021379793384622,0.09721912751956295,0.006938037892348383,-0.0034360416364531687,-0.16078487809380346
2021-03-30,-3.7560156955807877,1.3731071241267774,0.04139212110581487,0.0006608642680163162,-0.007828035591747273,0.007024966421826188,0.07495631482391252,0.009779453422538385,-0.0066353110669492565,-0.26525281051571387
2021-03-31,-3.758033140165427,1.3728321082654265,0.04145439450565408,0.0006611632003703438,-0.027530382172969325,0.007025365459467274,0.0732806603251667,0.009989540269473228,-0.023334369350177298,-0.9113711216498438
2021-04-01,-3.7584547556336774,1.3727831469744267,0.041510173538302456,0.0006615668508308706,-0.00531381587090074,0.0070243827880228345,0.07934325887336066,0.00921396077493689,-0.004504546560479383,-0.17214155074933063
2021-04-05,-3.759647795962065,1.3725774464922769,0.04158099435676391,0.0006616994227514987,-0.01851466580646477,0.007027398990263891,0.06443758374352883,0.011110137460756864,-0.01568823240060091,-0.6422447412434874
2021-04-06,-3.7612700906114584,1.3722865372083972,0.04165312865658589,0.0006618033863549056,-0.025763655357359916,0.007027898008629285,0.06296834152184892,0.01129145999837895,-0.02182904717676415,-0.8915202116680724
2021-04-07,-3.7620075713453116,1.372164959229825,0.041722451976789254,0.0006619696728597638,-0.011162107036807534,0.007027475827103742,0.06607002884146364,0.010892027658500818,-0.009458005693979032,-0.4014273793327967
2021-04-08,-3.7633173634281407,1.371909619311995,0.041797246871462405,0.000662011770543849,-0.02187290945492748,0.007029054408356855,0.05988193228376799,0.011673797596801361,-0.01852944446887861,-0.7758163723596979
2021-04-09,-3.7645769033884378,1.371689482248998,0.04186857692250894,0.0006621360019747085,-0.019721011330378957,0.007028479522643821,0.06386791930679189,0.01116256460224609,-0.016707849227465488,-0.6855517189316335
2021-04-12,-3.7642150025623344,1.3717251386809484,0.04191726968861604,0.0006626379493686114,0.004234641773604331,0.007024781286301338,0.08546196950098954,0.008420176689482433,0.003589521995962741,0.1407919569882375
2021-04-13,-3.7588251047275105,1.3719060682154902,0.0419160785491754,0.000663523924297544,0.04489599102537323,0.007020960744196045,0.12005298717602496,0.004029970837254695,0.038077091402605845,1.5079639449696767
2021-04-15,-3.7622240921227044,1.3716013797569087,0.04196042427948391,0.0006640767144197116,-0.03818654677286126,0.007024576613731451,0.08901007507726813,0.007978947674788205,-0.032370021059909604,-1.3226704102368703
2021-04-16,-3.7648280692874283,1.371404709874207,0.04199674694713102,0.0006647134806350414,-0.0273482690698037,0.007023768783427361,0.09521542873801728,0.007191310067910418,-0.023185282203847635,-0.9755842109992334
2021-04-19,-3.7650661735235276,1.3713902735044652,0.042022559887201584,0.0006654407650802542,-0.002316648843219582,0.007022865213818392,0.10277959769176344,0.006231574450343076,-0.001964258422562537,-0.1490032153727572
2021-04-20,-3.7653525608476075,1.3713742736948795,0.042044450291905934,0.0006661969691605398,-0.002715498633202529,0.007022568459083559,0.10546399124574259,0.005892033746594473,-0.0023025356109744877,-0.20796540729905227
2021-04-22,-3.7643875908340867,1.371421217832322,0.0420597879197357,0.0006669966024701886,0.008788231012244019,0.007022079244848999,0.10980253161032469,0.00534170498898396,0.007452268383685734,0.19119411765776123
2021-04-23,-3.7645343462347807,1.371414024650537,0.042075468321584895,0.0006677940290714057,-0.0013392483273104716,0.007022028184915612,0.10958042485561595,0.0053710590024012884,-0.0011356677498923773,-0.22880956451933354
2021-04-26,-3.7634428374219895,1.3714680999191033,0.04209164612856713,0.000668588297048684,0.009990260840000431,0.007021957248209762,0.1092572887006766,0.005412798467664172,0.008471716135469265,0.1946110094855497
2021-04-27,-3.763600006656907,1.3714575554592467,0.04212226385400136,0.0006692760041342961,-0.0015812592771604628,0.007022950835453095,0.09939498043592941,0.006668393987510799,-0.0013407141937342715,-0.312281959665126
2021-04-28,-3.7628299848444713,1.3715077040053347,0.04215146536986577,0.0006699757184718319,0.007669086208502485,0.007022716606342069,0.10040594035592972,0.006539051032219525,0.006502662668415482,0.04476820110174258
2021-04-29,-3.7617488354203896,1.3715758660820887,0.04217911628654054,0.0006706881460610111,0.010651593611307852,0.007022484144423258,0.10150118973127431,0.0063992374513508225,0.00903184695749637,0.1506936761462946
2021-04-30,-3.7565934441495044,1.3717513994502588,0.04217847160134969,0.0006715714686041513,0.04305795023289072,0.007020600892809925,0.1197314605781456,0.004076677297008569,0.03652008799235418,1.5181643125898534
2021-05-03,-3.752643548457236,1.3719095189027528,0.042184879353738325,0.0006724214865744441,0.034210462226927696,0.00702079847206142,0.11545870576280488,0.004621961885375889,0.029015174301020963,1.0958715886917278
2021-05-04,-3.7519487367887563,1.3719442119955656,0.04220143320595055,0.0006732134411723605,0.006373389691161968,0.0070212273081077985,0.10901760321405403,0.005443428770855656,0.005405180347210603,-0.13247874145871613
2021-05-05,-3.752526269207604,1.3719008079821329,0.04223745319922392,0.0006738520718140742,-0.0060506873994690125,0.00702264926207691,0.0954490590438094,0.00717340205620445,-0.005130462131823776,-0.6831799042946342
2021-05-06,-3.7522723811142695,1.371922190976972,0.042278843379277106,0.0006744363308859626,0.0027792079097048727,0.007023082873892764,0.091352680901486,0.007693916948240288,0.0023563836065356725,-0.30206370721838943
2021-05-07,-3.753460953347965,1.3718080520169735,0.042326268725986646,0.0006749514968742064,-0.013737913294884052,0.007023713667027928,0.08651766889068273,0.008308318559635137,-0.011646802775221232,-1.014051615134078
2021-05-10,-3.755728106402363,1.3715786743327607,0.04237604309902016,0.0006754373750804476,-0.0268107957230459,0.007023977211457206,0.08456119981731855,0.00855542247169243,-0.022728949231225926,-1.536769726652171
2021-05-11,-3.7574996269143663,1.371429955564832,0.042417317814750485,0.0006760235047299606,-0.019372824051237636,0.007022934620203212,0.09144358650644299,0.007676669520948118,-0.016425819929354546,-1.1767663781941102
2021-05-12,-3.7578721581704255,1.371405630002407,0.04244669027981204,0.0006767223606044231,-0.0037144885428652685,0.007021770994998675,0.10029139994923018,0.006548832267036177,-0.003149960518754824,-0.5121213467245693
2021-05-14,-3.757335663733839,1.3714331187878932,0.04246451772551173,0.0006775066321430388,0.004959036306169118,0.007020869769279861,0.10818522056784174,0.0055431708479403066,0.004205901710790272,-0.14976087226734588
2021-05-17,-3.7567414295874717,1.371470591327979,0.04249220604081701,0.0006782190780607499,0.005855582115958491,0.007021556958448971,0.10148165196894021,0.0063994559966430095,0.004965802025513,-0.10491491587976856
2021-05-18,-3.756318544425903,1.371502205874065,0.042528008073475336,0.0006788602798359878,0.004422820246590575,0.007022228583319881,0.09561436775429245,0.007148051316393516,0.003750395557256425,-0.1462714923614853
2021-05-19,-3.755879016561538,1.3715338017597418,0.04256195226818302,0.0006795189303657216,0.004531700247839332,0.0070219950119573046,0.096989615448298,0.006972192322721689,0.0038428497774223302,-0.1252762373681494
2021-05-20,-3.7543106674597952,1.3716313945811909,0.04258900948418199,0.0006802364862030236,0.015387268213674865,0.007021338385934894,0.1019251162691031,0.0063424397426323775,0.01304951493764328,0.36388515611836303
2021-05-21,-3.7528596882590617,1.3717398864250567,0.04262482115787911,0.000680877623884887,0.01517629006623089,0.007022066128493632,0.09560829388483784,0.007148772420162095,0.012869256365403814,0.38332018433712767
2021-05-24,-3.752132326393534,1.3717951046074774,0.042661355232973555,0.0006815118575150761,0.00765091441168142,0.007022087633735947,0.09506861878067129,0.007217200382780738,0.006487835763813621,0.062038213857707365
2021-05-25,-3.7525146106714424,1.371754946744824,0.042712782324737575,0.0006819758604489352,-0.004597010178351013,0.007023800427328676,0.08315932814525454,0.00873564797455162,-0.003897230125431861,-0.4676939053212938
2021-05-26,-3.75233093513151,1.3717795639062988,0.042774380236436725,0.0006822860525862103,0.002484328656924717,0.007025387595636731,0.07393367194809394,0.009908979396177785,0.0021056758110482576,-0.10594649585328822
2021-05-27,-3.752591206231721,1.3717426086525843,0.042838227773141814,0.0006825572022230326,-0.0036283281892632857,0.0070258540509878925,0.07173306455046506,0.0101852014996211,-0.0030751066879144417,-0.37385686798278905
2021-05-28,-3.7513580946565654,1.3718697596173168,0.04288888066980859,0.0006830325201387588,0.01471159425289148,0.007023868834071805,0.08381903102807667,0.008642908616622764,0.012471999778163934,0.5716161153555036
2021-05-31,-3.7506763987288614,1.371944460905385,0.04294219033920225,0.0006834718573529369,0.008361425575405868,0.007024351034050569,0.08152867253989267,0.008934037311514072,0.007088051599009049,0.2973318728293065
2021-06-01,-3.750247904625355,1.3719874497729418,0.042991632462140564,0.0006839629823251614,0.005050574179384704,0.007023937488122453,0.08484067123605898,0.008511679272470395,0.0042816667773522,0.15516190364042204
2021-06-02,-3.749477313109226,1.372051286322787,0.043032318275411506,0.0006845559312117381,0.008385064667630004,0.00702300481406569,0.09190048576536913,0.007613125524436544,0.007109453188459014,0.3616710866058192
2021-06-03,-3.748594108822303,1.3721299191996312,0.04307634115096424,0.0006851122239074796,0.00989308251280363,0.0070234664269908965,0.08927493385201904,0.007948268574791988,0.008387506491281727,0.4700590617310373
2021-06-04,-3.74819993995163,1.3721649739164394,0.04312031093820676,0.0006856690741138358,0.004413154008686249,0.007023535672939557,0.08931681738215579,0.007943234416741225,0.003741502500130167,0.16795590688311196
2021-06-07,-3.749043060360089,1.3720697597619504,0.043174909670274535,0.0006860900564560245,-0.010487659473994881,0.007024993606043662,0.0803916651326887,0.009078684784246853,-0.00888966495801391,-0.6687453037904125
2021-06-08,-3.749007716396364,1.3720739769388506,0.04323183606115677,0.0006864768250411028,0.00045138400151945035,0.007025432759993242,0.07830132128190755,0.009342769982905974,0.0003825831419579373,0.0037340979762131654
2021-06-09,-3.74884642817539,1.372092094199898,0.04328622115374883,0.0006869012703759513,0.002001600139599269,0.0070251587026823464,0.08057964114975055,0.009051388780922839,0.0016965783931901512,0.11299238369101734
2021-06-10,-3.7487711709940315,1.3721010079303098,0.04334285271770498,0.0006872928596608057,0.0009578626232373821,0.007025614529399814,0.07856782333208072,0.009305854718209914,0.0008118422661880231,0.07148310782503906
2021-06-11,-3.749278997017656,1.372020008910763,0.043411020770964114,0.0006874830316053103,-0.007545590268928315,0.0070278054798565024,0.06730103352093927,0.010734616731076662,-0.006393316953680284,-0.4283910676221574
2021-06-14,-3.749082267214951,1.3720486985850968,0.043475935516406335,0.0006877368654335632,0.0027842170773517694,0.00702733253477655,0.07065893112465525,0.010304395647587561,0.0023592031357146936,0.2505032240792274
2021-06-15,-3.747821270982567,1.3722029440562429,0.043533933027693386,0.0006881084131789068,0.016309494401541613,0.007026328361714801,0.07731669672511249,0.009457403604832252,0.013821806379766599,1.1013422630614642
2021-06-16,-3.7467825061373086,1.3723309999757252,0.04359225368923982,0.0006884750021107481,0.013487409510620552,0.007026570662413166,0.07701737271643146,0.009494478489848097,0.011429780090399078,0.9066197918074309
2021-06-17,-3.746557939984799,1.3723649093373191,0.04365847693012024,0.0006887048640145918,0.003239335646769703,0.00702815418273838,0.06932475575159867,0.010467998778660384,0.0027445264368335387,0.2534027635143031
2021-06-18,-3.7452699685352746,1.3725205881350293,0.04371599708856163,0.0006890842388888033,0.01656512906888974,0.007026839989150857,0.07775197187828276,0.00939798277832164,0.014037426932222985,1.073217661280493
2021-06-21,-3.743368873867418,1.3727061006069359,0.04376424448485432,0.0006895914386138484,0.022150501916691212,0.007025736537043636,0.0858262568950719,0.008375091120020548,0.018773465998656036,1.3732531316336156
2021-06-22,-3.7421871137039857,1.3728394963354387,0.043818881078974324,0.0006900134346614551,0.014708026217522097,0.007026770227430906,0.0803479777609021,0.009069587348422855,0.012463826405973322,0.8787774905949585
2021-06-23,-3.74004567843591,1.3730175672103437,0.043859764138539516,0.0006906046563622321,0.023344177040294234,0.007025207945109507,0.09173316602163208,0.007628063932072397,0.019786643686384053,1.3713870260135328
2021-06-24,-3.7393913573663413,1.3731262887301798,0.04392939960134507,0.0006907663246678011,0.009955792894439597,0.007029696305518081,0.06572264775957791,0.010920428035106981,0.008433192992063354,0.5181767272160751
2021-06-25,-3.7383621970754444,1.3732860868907364,0.04399665972669565,0.000690977002096727,0.01508004829036036,0.007029370504312878,0.06824648509611865,0.010596661063658927,0.012774356919054597,0.8141441192763698
2021-06-28,-3.735955737640824,1.3735442929849402,0.04404912645025347,0.0006914297673852774,0.029259578632633065,0.007027110708226382,0.08224518421247652,0.008824668921093771,0.02479385292406633,1.6237954450183267
2021-06-29,-3.7345017262378963,1.3736973497634457,0.04410075348943536,0.0006918937582616763,0.017524952382203196,0.007027174511620899,0.08296806583076848,0.008733648752220912,0.014850082161725453,0.8839033022661993
2021-06-30,-3.7324895555375948,1.3739067889853769,0.044151882469610534,0.0006923642926092338,0.024128613389825304,0.007027267566232509,0.08339354888706184,0.008680118436456125,0.02044554180409186,1.2506468666932926
2021-07-01,-3.7316991397403623,1.3739837748707513,0.04420004709942204,0.0006928725507272885,0.00920297855192942,0.0070270298969580276,0.08588695418252464,0.00836532269852623,0.007798469130314345,0.30758586827660317
2021-07-02,-3.7299612979335985,1.374132132233519,0.04424215401175958,0.0006934506362374965,0.019145417254142316,0.007026449073592983,0.09077064154283397,0.00774897516196122,0.016224887030940494,0.90483030404436
2021-07-05,-3.7276423074852523,1.3743225086923352,0.044282421867103815,0.0006940480706224806,0.025151266344061618,0.007026351970519266,0.09220173714608884,0.007569259384873254,0.021314870773124994,1.2459837088475167
2021-07-06,-3.7239041402076785,1.37452595050392,0.044303013282460585,0.0006948128743572309,0.035159277032582814,0.007024733692566489,0.10632093697801805,0.005786291094560549,0.02980319471580195,1.821111394486978
2021-07-07,-3.7212677928698925,1.3746929823862366,0.04433088451204808,0.000695523338721585,0.026018406779229508,0.007025296718521522,0.1013262403096296,0.006419758278589847,0.02205305579988348,1.2042885644041608
2021-07-08,-3.718508958478272,1.374854038840476,0.044354812246467104,0.0006962640812058285,0.026511536583639028,0.007024976690968366,0.10406165568401643,0.006074957357950059,0.022472053541925163,1.197568083392279
2021-07-09,-3.7133199914419848,1.3750683976678626,0.04436248396462157,0.0006971065176854569,0.04525879324340565,0.007023908900200707,0.11465102501475248,0.004736291271262083,0.038368679133219175,2.3905242918493532
2021-07-12,-3.709272558534871,1.375232862145536,0.044369399475550075,0.0006979528218065416,0.03515817255029585,0.007023774971379865,0.11512068499361648,0.004677844886227708,0.0298063263938122,1.7590248945728273
2021-07-13,-3.7058399968742815,1.3753821095871637,0.04437939811654884,0.0006987826740751369,0.030323551986245256,0.007023806127048086,0.11319787543843501,0.004921832432271863,0.025707527246236594,1.4205998450484538
2021-07-14,-3.702258857580038,1.3755944483014502,0.04440404276762521,0.0006995177447556061,0.034576020790450634,0.007024601281996916,0.10357291592190424,0.00614121317121551,0.0293093428276876,1.644335520296625
2021-07-15,-3.6987768138646753,1.3758034763139302,0.044429287154031404,0.0007002483529665672,0.033753599499190656,0.007024502286108555,0.10316066336707079,0.006192762122598321,0.028612597368343984,1.5260377477216294
2021-07-16,-3.6971227996074516,1.3759011831976493,0.04445376535411018,0.0007009848144126312,0.0159516254931944,0.007024310880667413,0.10368938625905834,0.006125199200596754,0.013522405944785376,0.3167062592688461
2021-07-19,-3.696176415544475,1.37595546426578,0.0444768347179131,0.0007017317324127748,0.009042998879846387,0.007024079876622473,0.10465378527088405,0.006002551681352208,0.0076661230194083885,-0.1617507586358706
2021-07-20,-3.695791568583916,1.375982561898637,0.044509749241173395,0.000702399137886814,0.0039381228153869685,0.007024750446939695,0.09772345317804221,0.006880850122564223,0.0033381904025784337,-0.5001940284936208
2021-07-22,-3.6934871834767993,1.376160396592595,0.0445470411520531,0.0007030256758761536,0.024390357939078733,0.007025056071187535,0.09447934765340218,0.007291188362309486,0.020673838895220342,0.8551043016335423
2021-07-23,-3.691361949152789,1.3763212012625117,0.04458340342791674,0.0007036613430433556,0.022328996243118127,0.007024887894895077,0.09517822927957052,0.007201607639046892,0.01892703352426217,0.6965623364728903
2021-07-26,-3.688014658446355,1.3765503620832424,0.044614992530221234,0.0007043407019624785,0.03391838333177333,0.007024391586664584,0.09868662293518603,0.006756242433174212,0.028752736133064616,1.4268802819712358
2021-07-27,-3.6845418483329206,1.3767692304970103,0.04464261009571439,0.0007050532023314053,0.03421029083783367,0.0070240022754954196,0.10151360974674647,0.006397736131658085,0.029001794540416626,1.4821543530266978
2021-07-28,-3.682175500011237,1.3769411832062655,0.04467704963925787,0.00070570702177641,0.02449435495414587,0.007024519754215945,0.09660790521382602,0.007020095429217762,0.02076357436478027,0.8484565617171839
2021-07-29,-3.6794023105246763,1.3771425902150323,0.04471146621706902,0.0007063610950288695,0.02870046748471733,0.007024459713186592,0.09662523748218821,0.007017551504139883,0.024329254052844362,1.100345128309767
2021-07-30,-3.67604036030418,1.3773439454703056,0.04473664360427813,0.0007070926988984118,0.03257286241451407,0.00702363868174784,0.10321322632665575,0.006181687464579517,0.02761509309480381,1.3173449076484456
2021-08-02,-3.674424309947801,1.37748962844359,0.04478121493469189,0.0007076422533814003,0.01819376484473878,0.007025380165669573,0.08882440606273709,0.008007302200921686,0.015420749970051162,0.3281849617052113
2021-08-03,-3.6742722812388817,1.3775101942207746,0.04484322813306059,0.000707947114202387,0.002067845853479966,0.007027774808657807,0.07352032970126784,0.00994550785781878,0.0017520765346397127,-0.803139125616981
2021-08-04,-3.6740544867708427,1.3775355651679926,0.0448991700511031,0.0007083492462685057,0.002750516599969721,0.007026846040225065,0.07918311347085638,0.009224066205724146,0.002330808434317433,-0.844686741935353
2021-08-05,-3.6739966356501,1.3775423518679963,0.0449554177263041,0.000708747109863807,0.0007331534060979195,0.0070269569636878795,0.07890725223599067,0.009256862134585214,0.0006212698981133968,-1.0681457697607204
2021-08-06,-3.67491042421692,1.3774231060531783,0.0450160410455519,0.0007090765555577377,-0.012207694023767424,0.007027727861594861,0.0748534952662613,0.009768086797216597,-0.010343593594264178,-2.0255655492298223
2021-08-09,-3.675491529583581,1.3773466967115102,0.04507697630612795,0.0007094011446424827,-0.0077942649560842625,0.00702789863886655,0.07455550586686585,0.009803277422375356,-0.006603929443119938,-1.6401933069935837
2021-08-10,-3.6757072276905256,1.3773184612270928,0.045137741699177225,0.0007097288384287936,-0.0028868747784267512,0.007028012602785832,0.07471682130319379,0.009780640514276769,-0.00244595331415276,-1.248651646220262
2021-08-11,-3.6761963982331896,1.3772550381490527,0.045198131022169644,0.0007100629732516984,-0.006515884861210353,0.007028108790522302,0.07507353998473412,0.009733609385536846,-0.005520617716554099,-1.4818496403146406
2021-08-12,-3.6763080854508643,1.3772409216436328,0.045257498573765764,0.0007104138600425193,-0.0014688800637108201,0.0070281127696483195,0.07603562770971883,0.009610386694460333,-0.0012445156544025338,-1.0986370586399583
2021-08-13,-3.678043274804621,1.3768244665842522,0.04533815639569563,0.0007102996991421799,-0.033087277788236946,0.0070328880392357,0.05244279583416113,0.012586561579525117,-0.028014319841858537,-3.053658042781315
2021-08-16,-3.680095579719277,1.3763852496294042,0.045415765915264625,0.000710274194016991,-0.03637120753660561,0.007032262635213007,0.05642663671781007,0.012075951957492484,-0.030797494528702174,-2.9624407100905716
2021-08-17,-3.6818701197132597,1.3758309416083638,0.04550230052985636,0.0007099603326858842,-0.04056216519011624,0.007035410840150368,0.043748650637000404,0.013665641822676105,-0.03433083879668075,-2.927196195890135
2021-08-18,-3.683949312963258,1.3752887639653881,0.045585021075007545,0.0007097853714625515,-0.04195109775288408,0.007034398750059888,0.04956230852994352,0.012924039465415134,-0.035511506398817616,-2.784493283868624
2021-08-20,-3.6859460983343455,1.3748620653518953,0.04566263625467494,0.0007097631775182912,-0.035394309766375365,0.007033277214319613,0.05641543469183542,0.012055570974806326,-0.029965978314551833,-2.2957010994989284
2021-08-23,-3.688461804557502,1.3740990028012308,0.04574863162072072,0.0007094747138006327,-0.05638927033613328,0.007036308358461569,0.04461320758648932,0.013532052216952632,-0.0477204312831887,-3.048363541451891
2021-08-24,-3.6912653824553057,1.3735157785074965,0.04582550708459593,0.0007094739790377775,-0.04889605491455651,0.007033887455106549,0.057337507140457024,0.011927839469939484,-0.04139340511514966,-2.5049106559489074
2021-08-25,-3.69390711982469,1.3728877790625769,0.045906015047955155,0.000709372448708264,-0.05018829123800117,0.0070353022252639804,0.052636527449338985,0.012512867631648276,-0.04247881563073186,-2.3910900999124336
2021-08-26,-3.6968068468997397,1.3722610933490456,0.04598399109542226,0.0007093437679800531,-0.051825273095094104,0.007035001813364512,0.05595198832293417,0.012092280003644708,-0.043866212117761094,-2.3064831918634643
2021-08-27,-3.70052388614316,1.3713365714718515,0.04606564685189694,0.0007092089142237762,-0.07279887275076558,0.007036469729928272,0.0510590219734072,0.012699672979267645,-0.061605938732066434,-2.8613095744555532
2021-08-30,-3.7042736647209,1.3706425596289047,0.046139021360464265,0.0007092968610726784,-0.06095076554691836,0.007034685960786824,0.06152143527800209,0.011386433570100855,-0.05159257437348508,-2.2732813614219545
2021-08-31,-3.708006140985425,1.3696247083720714,0.046222836253513706,0.0007090932391240108,-0.07783289888410305,0.007037977536166311,0.04795499484200152,0.013077391070182246,-0.06585186489288475,-2.643448618834581
2021-09-01,-3.7119854076017784,1.3690407575134522,0.04628819559370104,0.0007093472496812731,-0.05670311726442456,0.007033863702885604,0.0701772108541607,0.010298390755062664,-0.04800270766661008,-1.8654324402407958
2021-09-02,-3.7160492144437196,1.3679202778468664,0.04637226678323308,0.0007091363025297978,-0.08542640235772847,0.007038846010261234,0.04757085315291218,0.013116315748540965,-0.07226756162611458,-2.5778178914103576
2021-09-03,-3.719641406104291,1.3670859245652371,0.04645224032582745,0.0007090559012560877,-0.06734119083089851,0.007037958710465114,0.05334315619085897,0.012389939520441444,-0.05697532696038721,-1.9321157075343411
2021-09-06,-3.7221130903951622,1.366572300691415,0.046529169706751125,0.0007090596619838124,-0.043169165910605045,0.007037535018439027,0.05725578057240481,0.011897933698456632,-0.036526313091586715,-1.1901992154600847
2021-09-07,-3.7247473102869395,1.3661872393282128,0.04659441433402878,0.0007093170229225529,-0.03747883648271255,0.007035421154563091,0.0702855301549235,0.010274101315281512,-0.03172113720219372,-1.0034288022901747
2021-09-08,-3.726777679337078,1.3659724615776863,0.04664639817810772,0.000709779723964927,-0.02457392045495599,0.00703374007484478,0.08262291944258864,0.008740068599161733,-0.020803714330845935,-0.6194632325218086
2021-09-09,-3.72903125262346,1.3657200896651307,0.04670085575033994,0.0007102085678323394,-0.028007597978104037,0.007034359086323679,0.0804629261011184,0.009010837443214754,-0.023708500043351677,-0.6951457331703408
2021-09-13,-3.732065816174488,1.3652829958605988,0.046765531219558995,0.0007104756872265848,-0.04282793566715437,0.007036200572757812,0.07085477046131657,0.010205810710299643,-0.036244463827237894,-1.0812718695020342
2021-09-14,-3.735609237812155,1.3646974250266581,0.046835196357997017,0.0007106472583547481,-0.05397063036972227,0.007037385354099372,0.06565462758899271,0.01084980534652449,-0.045666623984642385,-1.3476903124046624
2021-09-15,-3.7386451325899026,1.3640357428631837,0.04691348994139383,0.0007106161280297223,-0.05467239119150946,0.007039646343036786,0.05552884575897107,0.012102674659986507,-0.046245552890596286,-1.317872743390758
2021-09-16,-3.7410749586947487,1.3636946138872823,0.04697721458296347,0.0007109011403702214,-0.03384210110099062,0.007036812226079639,0.07179891395025671,0.01008001763494379,-0.028637434249784377,-0.7212935909283279
2021-09-17,-3.741844969591184,1.3636292516337198,0.047019123751074504,0.0007114825705719532,-0.00847322991149646,0.007034153402682584,0.09087572324580796,0.007713971442435256,-0.007172819531913177,-0.013245509700768366
2021-09-20,-3.7425505988079557,1.3635712466671313,0.047059495091359656,0.0007120796380700029,-0.0076640152236553405,0.007034199090165271,0.0920704351673968,0.007568482694243582,-0.006487755155175634,0.023514959974814648
2021-09-21,-3.742761513708906,1.3635495966615563,0.04711011819644846,0.0007125593722750461,-0.002517635945511465,0.007035502312567147,0.08377497998710111,0.008599339238661416,-0.0021308386678065006,0.17259845363714918
2021-09-22,-3.742996129726003,1.3635264563266076,0.047158942588448785,0.000713061535496986,-0.002750875251483542,0.007035411231560797,0.08528777049069064,0.008411989942502904,-0.0023282743687786933,0.17500039507993204
2021-09-23,-3.742147442038565,1.3636110331322342,0.04720823235445407,0.0007135579161936013,0.00999655022540935,0.007035583408492387,0.0848980566596727,0.008460599278708493,0.008460631599955803,0.5439714222835749
2021-09-24,-3.740444379502914,1.3637774798126407,0.04725663839891657,0.0007140650966632623,0.019887546748820206,0.007035582523644852,0.08563462136181886,0.008369392288990406,0.016831929399279133,0.8204118603708622
2021-09-27,-3.740023203329185,1.363810341860965,0.047294491456904064,0.000714686757382441,0.004480970987986055,0.007034551901352206,0.09399216706792252,0.00733368915182506,0.0037930489082942387,0.39910894356245613
2021-09-28,-3.7395439283593754,1.3638365954208391,0.04731513607952363,0.0007154486442957753,0.004512053328788568,0.007033237974532475,0.10622103394735923,0.0058185393568991875,0.0038200729848671955,0.40265264652975824
2021-09-29,-3.739313345094076,1.363851198804817,0.04734284072800631,0.0007161586684572355,0.0022743964497635716,0.007033753452514728,0.10138217781837565,0.00642077329098399,0.0019254479199357633,0.34889116434753314
2021-09-30,-3.7395524135209253,1.3638370111375775,0.047367363513073586,0.0007168928449358571,-0.002307808995273497,0.007033494345481343,0.10359108025794389,0.006147678282063689,-0.0019538061302544207,0.23344052141028246
2021-10-01,-3.7386006178341775,1.3638806123960008,0.04737938681365939,0.0007177082251477681,0.008509800950001534,0.007032649990789994,0.11184699763718702,0.00512365197253152,0.00720531790541834,0.5635049460490668
2021-10-04,-3.7386332964711757,1.3638784239867012,0.04740979050281208,0.0007183961095634036,-0.0003285231901060115,0.007033806450653,0.09947132495444398,0.00666135410028809,-0.0002781175317743134,0.32243756766699433
2021-10-05,-3.739783386322451,1.3637653238106369,0.04745842844381149,0.0007188993966564893,-0.013460427126524621,0.007035525888356838,0.08544229989620214,0.008402421037702801,-0.011392394736509104,-0.043321860994050825
2021-10-06,-3.7411388204220803,1.3636515831891658,0.04749971422392729,0.0007194859517231894,-0.014836403780075003,0.0070346706443071075,0.09135866883386527,0.0076663201647155475,-0.012558495782437618,-0.05583151842077425
2021-10-07,-3.743448823550578,1.3633450662162778,0.04756117932981209,0.0007198074700993558,-0.0312166660568316,0.007037235273041337,0.07399903385877045,0.009819016942099405,-0.026414183855205664,-0.5282487140326342
2021-10-08,-3.7449452261586673,1.3631116071492686,0.047628805335651586,0.0007200194798159627,-0.022064065224446594,0.007038343144957011,0.06782080241638166,0.010580963418768888,-0.01866671277255172,-0.22204795849841458
2021-10-11,-3.738461305391071,1.3632861977096449,0.047617528764022095,0.0007209387990790565,0.051541972780019485,0.0070315393724848015,0.12579884738346217,0.003387347262033218,0.043647901956434865,2.04703872255022
2021-10-12,-3.731750252786834,1.363448622171406,0.04760210681226821,0.0007218711892247056,0.052380174945400704,0.007031387247548574,0.1281219967522539,0.0031008766566799225,0.04435868635238194,2.028515299644589
2021-10-13,-3.724705742053594,1.3636699750788246,0.047597124591748564,0.0007227675355876312,0.05765281350294238,0.007031615199640539,0.12218849879512902,0.003839412059350666,0.04882229140794969,2.099064188894791
2021-10-14,-3.716328203229293,1.363893052794074,0.04758538020618594,0.0007236883027537986,0.06645358214680996,0.007031202504517929,0.1260660231346638,0.0033568952649793097,0.05627837369828548,2.23596813623563
2021-10-18,-3.706575403533581,1.3643253942322302,0.04759583875842244,0.0007245123406165179,0.08642793281342254,0.0070319172908558615,0.11284314431962258,0.005002334593486764,0.07318686098338567,2.600072145698592
2021-10-19,-3.695904123832727,1.3648001203664117,0.04760647503156014,0.0007253354867546897,0.09465993544963602,0.007031705510287361,0.11273280137120023,0.005015069278535533,0.08016010523433259,2.6362350935701735
2021-10-20,-3.686808301932046,1.3651681651832897,0.04761271674446806,0.0007261819801096096,0.07876871799981444,0.007031262672510278,0.11547505318928876,0.004672474380995528,0.06670727551802003,2.1366426457658036
2021-10-21,-3.677919705193717,1.3653662853486521,0.04759436995709029,0.0007271231841571655,0.06850724272081887,0.007030124935666687,0.12974681778614328,0.0028919594117946435,0.058026475698252256,1.8360411076558163
2021-10-22,-3.6711048760300544,1.3655005304804908,0.04757177029008767,0.0007280756094158506,0.05160363140806279,0.007029749880974508,0.1320610386849163,0.002601466760685447,0.04371124135764859,1.4149877557131245
2021-10-25,-3.6661496516625807,1.3656237570958687,0.04755751304801273,0.0007290049506366601,0.03886769772976795,0.007029666515794068,0.12748952618510379,0.0031704120021397095,0.03292356406173447,1.1029493479850323
2021-10-26,-3.6607207989312154,1.3657769849176622,0.047548235230862726,0.0007299178961526433,0.04354160028772114,0.00702950368946181,0.1246819752946942,0.0035191132338042827,0.03688352940224782,1.1995470789232285
2021-10-27,-3.6549562528179345,1.3659885286179132,0.0475501252826221,0.000730785771759823,0.04879489024541073,0.00702961438704989,0.11813831498110985,0.004335365838248956,0.04133287284492049,1.3063420315283962
2021-10-28,-3.647943955151952,1.3661367720298436,0.04753008894264053,0.0007317321250783049,0.053658311447390084,0.007028555236580487,0.13068427754864578,0.002762729723164441,0.045459398855710376,1.3862668349816083
2021-10-29,-3.6435512118712112,1.3662291072317159,0.04750989281861656,0.0007326790178760426,0.033590257044070704,0.007028222004987237,0.1307743276563073,0.0027488685707583852,0.02845906349452143,0.9096647900152582
2021-11-01,-3.641815582700061,1.3663249873143999,0.04753093941748431,0.0007334380751823823,0.016377182916833988,0.007029676844994834,0.10597849336873522,0.005854491774987603,0.01387255922345254,0.5129121535509666
2021-11-02,-3.6408407827133598,1.3663854446317119,0.04755761464498303,0.0007341560308095076,0.009544674976248224,0.007029784034210789,0.10213024425941927,0.00633414102235273,0.008084848938493039,0.3545764069265338
2021-11-03,-3.6400861427591367,1.366436978517766,0.047588975984502874,0.0007348359386805611,0.0076371349346926465,0.007029916021754103,0.0988119184322488,0.0067478035277324985,0.006468939293579723,0.3037457075903373
2021-11-04,-3.639738088000418,1.3664641788967145,0.04762683776036467,0.0007354564370951943,0.003702159311678166,0.007030300557143815,0.09401398735622515,0.007347165980343259,0.003135696057437798,0.2103740817433741
2021-11-08,-3.6376280952598914,1.3666234168505444,0.047663043930331446,0.0007360930998396016,0.022149791601120405,0.007030011633386413,0.09526016219583815,0.007189140046898883,0.018761447807671416,0.6158330905859001
2021-11-09,-3.635698228933392,1.3667733565151106,0.04770064891791979,0.0007367164580639444,0.020484768169657386,0.00703003561769185,0.09420982021940817,0.007319568536211029,0.017351070592178885,0.5666192970561987
2021-11-10,-3.6332820344344214,1.3669366369142975,0.04773155119296691,0.0007374009081450129,0.024370161047276184,0.007029375839470596,0.09914561066228066,0.006700013137792736,0.0206440253451472,0.6420104083551023
2021-11-11,-3.6318062900742616,1.367041834913533,0.04776503415674275,0.0007380629012293945,0.015170762860699405,0.007029516676450007,0.09727555388678735,0.006934259021877524,0.012850934291854799,0.4189325616428559
2021-11-12,-3.629634608601822,1.3672438871749837,0.04781110315366481,0.0007385960551921382,0.024795649258140706,0.007030678105096944,0.08758316629787252,0.008148698158588348,0.021000566914331387,0.6127767933460038
2021-11-15,-3.6284569111974774,1.3673711192343507,0.04786388405401335,0.0007390449387353961,0.014371340378636965,0.007031448776959077,0.08194763837723402,0.008853179732356706,0.012170409940964078,0.35991970158242814
2021-11-16,-3.6273084166612817,1.3674921203757293,0.04791557310158033,0.0007395086895239779,0.01385557259070147,0.007031317170424886,0.0828904419992351,0.008733030741711435,0.011733850162604753,0.32934903052029985
2021-11-17,-3.6252381359553554,1.3676601017542525,0.047955278576351436,0.0007401117341441247,0.022354701950120237,0.007030029997002087,0.0926105259889159,0.007514364490204715,0.018934962724966198,0.5022799708998243
2021-11-18,-3.6218675918901226,1.367858773726127,0.04797959081674044,0.0007408487686068715,0.03248084605608792,0.007028785626372732,0.10377020535156763,0.006116588574431642,0.027516917649435868,0.7067158828367961
2021-11-22,-3.6194177613798453,1.3679923168893158,0.04800011867718939,0.0007416126195882273,0.023038836267292417,0.007028520304235189,0.10633482012089959,0.005796437009203999,0.019518632325965513,0.4662724682922903
2021-11-23,-3.618971649776437,1.3680193266773906,0.04802570939715206,0.0007423398584985139,0.004335819589162071,0.007028820781036565,0.10288979839554975,0.0062294538597499295,0.003673173834529919,0.010102306591358572
2021-11-24,-3.62023454376636,1.36795082601805,0.04804598761917795,0.0007431053099841682,-0.011857866958366436,0.007028397728688866,0.10650262769495833,0.005776811257962458,-0.010046227124123064,-0.3928045346850943
2021-11-25,-3.6197811748956243,1.3679775240516623,0.04807022853652869,0.0007438425919633148,0.004366849041374188,0.007028581267165432,0.10382059614156872,0.006113798155014076,0.0036995871050606866,-0.036728681171418136
2021-11-26,-3.621278987469216,1.3678842539732865,0.0480971728859249,0.0007445593069809252,-0.014691549765944778,0.0070286851560503434,0.10195061769885687,0.006348552730092491,-0.012446472085938964,-0.5367069225005016
2021-11-29,-3.6240154792798975,1.3676268945231207,0.04814372612528947,0.0007450865768082897,-0.03138505679387826,0.007030381950861284,0.0871909147290486,0.008200063229325526,-0.026582556606872032,-1.0076009114209423
2021-11-30,-3.6262646902975644,1.367381258857816,0.04819696911707566,0.000745528917237752,-0.027581605679328547,0.0070311344206137275,0.08154750103444891,0.008905778298789717,-0.02335860449061755,-0.9369672823055939
2021-12-01,-3.629187933954519,1.36696802756883,0.04826080823245287,0.000745806321475619,-0.04076675620335468,0.0070326876107787,0.07170655527196598,0.010136477058038586,-0.034517360494399796,-1.356654404014457
2021-12-02,-3.6315694010451187,1.3665035948209368,0.048335754178656105,0.0007458534496044909,-0.039905719334234036,0.00703491937221602,0.05967733774332858,0.011638250246873497,-0.033777598427846556,-1.3756261879601355
2021-12-03,-3.634191337232459,1.3660648574371963,0.04840575574587419,0.0007460134799176119,-0.0401489217533344,0.00703399578322211,0.06530527029963124,0.010927750100883479,-0.033987915622743614,-1.3868292938805562
2021-12-06,-3.6358699504833494,1.3659342322132084,0.04844351234498247,0.0007466365625789407,-0.017839221123424842,0.007029813399898083,0.09409677918540701,0.007322361390333184,-0.015110708938756545,-0.7762077670573921
2021-12-07,-3.6378462415361144,1.3657237955627815,0.04849569967359129,0.0007470944568946223,-0.023966419855497634,0.007031492644730171,0.08246083748347922,0.008780479174433213,-0.020295903307982144,-0.9507955080669853
2021-12-08,-3.6387561812039175,1.3656030326925583,0.04855711766782443,0.0007474148990055245,-0.012285351305758141,0.007032905230713111,0.0740670449836115,0.00982982636943964,-0.01040172968477826,-0.6301012829217705
2021-12-09,-3.6383548000330896,1.3656453279293188,0.048608852775051836,0.0007478789786220372,0.004844749433768669,0.00703169453184948,0.08284869554458224,0.008730118520816977,0.004102646266677112,-0.16592885576128708
2021-12-10,-3.639230999564031,1.3655352190780339,0.048668080252934384,0.0007482350970317558,-0.011507594147485811,0.007032838065124667,0.07614098305097546,0.00956836414925172,-0.009743313302427836,-0.6821707077122369
2021-12-13,-3.6398983126322886,1.365468924514465,0.048717192537437025,0.0007487328590807717,-0.007844255321476368,0.007031648237385786,0.08507028913639608,0.008451352085287845,-0.0066427412043452705,-0.6148130839774975
2021-12-14,-3.6405364794123476,1.36540182414066,0.0487688333296575,0.0007491982200380726,-0.007695491475550931,0.007032075327546126,0.08292735845222911,0.008719439689870214,-0.0065163679045010525,-0.632587566608517
2021-12-15,-3.6401989526944742,1.365425965387414,0.04880252271498127,0.0007498589963814666,0.0034754047590599413,0.007030359348048163,0.09711867862110478,0.006946312279428616,0.00294361234925411,-0.2889600589620399
2021-12-16,-3.6383244776813997,1.365573125689228,0.04884067019092933,0.0007504777730648731,0.019984996330322247,0.007030824562969041,0.09379411344851867,0.007363539096117771,0.01692585282721737,0.21719189146326123
2021-12-17,-3.6342976240704368,1.365896270264541,0.048879855164009264,0.0007510861457644003,0.04329801983393189,0.007030970724149905,0.09300318181772717,0.00746326452230994,0.03666954271873735,0.9246869390671242
2021-12-20,-3.63080872212909,1.3661290963363493,0.04891016732680721,0.0007517758022447782,0.0350425340994871,0.0070302451365593785,0.09956191899369125,0.006644099172372971,0.029680949141091872,0.6447609199200406
2021-12-21,-3.6293321004808767,1.366271258120309,0.04895782836536369,0.0007522906786834591,0.01711561654308813,0.00703188459201817,0.08627335419064035,0.008305969206642809,0.014493509594382559,0.07816947975053479
2021-12-22,-3.6282481603108754,1.3663881994678275,0.04901058003699908,0.0007527407428571644,0.013224137533775604,0.0070325129429568345,0.08196679497870842,0.008843022633415815,0.011197203364496033,-0.040540333333413926
2021-12-23,-3.6269469169192194,1.3665518381721748,0.04906983055002412,0.0007530963108003958,0.017095485778705566,0.007033442860798968,0.07611619865619569,0.009572041793106363,0.014473255576698207,0.0743782441646192
2021-12-24,-3.6258273511785477,1.3666903006332705,0.049128406062539855,0.0007534627007804373,0.014588291111723883,0.007033423780946386,0.07674413213292405,0.009491342065721943,0.012350666204435257,-0.009663199713864224
2021-12-27,-3.6255031349728446,1.3667341502507218,0.04919059118464408,0.0007537709894616493,0.004421877697290633,0.0070340705105038925,0.07332093465674182,0.009916515212101828,0.003743283826274535,-0.33058160352532684
2021-12-28,-3.6246518570848933,1.3668476316168499,0.0492522143318259,0.0007540890029867324,0.011525008888587429,0.007034110544577675,0.07386353417863506,0.009846531766284358,0.009756292866507366,-0.1147103321564699
2021-12-29,-3.623631480459792,1.3669649660366352,0.049307760309518,0.0007545011876393799,0.012834738320719907,0.0070333802538963455,0.07950116314049911,0.009141940945995648,0.010866149339525677,-0.0756731087617157
2021-12-30,-3.6236055070012854,1.3669685554481639,0.04937080562737153,0.000754795428657967,0.00035835663651972993,0.007034622719589569,0.0724793567625584,0.010016311023261028,0.00030333839891483194,-0.4696388376451731
2021-12-31,-3.6239093425230737,1.3669287510903352,0.04943175186776842,0.0007551251629520487,-0.004077765887669393,0.007034453007924858,0.07451029072246514,0.009761315123344983,-0.003451792688276001,-0.6168492867631123
2022-01-03,-3.625479269510066,1.3666192250953235,0.04950710609621281,0.0007551671359159282,-0.026528414960060864,0.007037300771118736,0.059179072302516275,0.011667715371520043,-0.022446980949681006,-1.311859234704053
2022-01-04,-3.627739510034938,1.3660281295327792,0.049590001751562425,0.0007549973334773239,-0.04585345957857889,0.007039492338285913,0.049292693411683956,0.012890969797631123,-0.03878676119818003,-1.8864686702668971
2022-01-05,-3.631382187447628,1.3653495570001926,0.04966363321332427,0.0007550822995820783,-0.05950915841728399,0.007037400156858685,0.06121204718015706,0.01140282522277195,-0.05035287944929401,-2.2172885091139345
2022-01-06,-3.6349702215956214,1.364921765740244,0.049720764800737054,0.0007554729197434798,-0.045963710107275624,0.0070348431764162556,0.07806232655325629,0.009307152511193377,-0.03890571537295351,-1.7347888675108358
2022-01-07,-3.6389713172806357,1.3643309354331334,0.04978638763000926,0.0007557233055771503,-0.057242557542564576,0.007036396674878977,0.0698972208227942,0.010321521827026343,-0.04844193286387011,-1.9688909649510824
2022-01-10,-3.64152495799698,1.3639289476839485,0.0498543530925249,0.0007559294810648987,-0.0378482602828214,0.007037051231382748,0.06747049130559747,0.010621036374755638,-0.0320263877663276,-1.362023078197623
2022-01-11,-3.6441850385712558,1.3634609767619312,0.04992615284276054,0.0007560567084550669,-0.042023666124290315,0.007038032146563619,0.06329958377282581,0.011135889968121123,-0.035554570765356175,-1.4387456395929756
2022-01-12,-3.6445228199513333,1.363422960718303,0.049980842287066715,0.0007564827746421519,-0.0042090479502370215,0.007035512250598595,0.08025125493246489,0.009031981597166356,-0.003562385369539456,-0.31031428164018104
2022-01-13,-3.645013651516806,1.363357291707797,0.05004268437670986,0.000756799743415297,-0.006665399067947497,0.00703674684736505,0.07363873647607218,0.009852224876052052,-0.005640361999416754,-0.3564608031938475
2022-01-14,-3.645805638395928,1.3632091771428614,0.05011646936409949,0.0007568828694690123,-0.01297784352755027,0.00703913290006562,0.06102607705513804,0.011412879545137422,-0.01097832586309444,-0.5386745830635512
2022-01-17,-3.647072488518687,1.3629272134009425,0.05019536690891338,0.0007568375018538032,-0.023139964749803177,0.007040571236549034,0.05474727971527971,0.01218514137629838,-0.019570753403712615,-0.8673856993183717
2022-01-18,-3.6483779305348776,1.3627178004626632,0.050264044928523474,0.0007570314906825587,-0.01956937739863651,0.007038628728711307,0.06670840822363244,0.010701052670889612,-0.016555477056735768,-0.7153106300000373
2022-01-19,-3.6501906746908257,1.3625417814989795,0.050312204165865085,0.0007575427063527792,-0.021118466480738896,0.007035955953515987,0.0858369218049644,0.008334836425936474,-0.01787277612518956,-0.7450918348822119
2022-01-20,-3.651294853726259,1.362482177645805,0.0503321538524251,0.0007583094504112585,-0.010350300908563703,0.007033799661498056,0.10668086321236708,0.005758658970505174,-0.008762251819648625,-0.321383279575831
2022-01-21,-3.6546190531461833,1.3622811721227182,0.050357608935979396,0.0007590368918204364,-0.0322914703145063,0.007034278091089677,0.10294357573525505,0.006224725016514382,-0.027335123174180964,-1.1242315142619155
2022-01-24,-3.6584151298339336,1.3621282184614507,0.05036360250759584,0.0007598842732601665,-0.03283471870786503,0.007033219929755924,0.11561167072952662,0.004658290592596386,-0.027799171369126796,-1.125664225697998
2022-01-25,-3.662434106227281,1.361947547003804,0.05037469412615368,0.0007607045969209857,-0.03574605252929608,0.007033442997288378,0.11243133462229532,0.0050543051571518595,-0.03026306188498218,-1.2051562023829734
2022-01-27,-3.664029395629757,1.3619254469962239,0.05034116530515173,0.0007616789709164118,-0.01157683130502729,0.007031944976696338,0.1378001769606406,0.00190898588723327,-0.009803180290557378,-0.21510146168535166
2022-01-28,-3.6665052414396753,1.3618443514317966,0.05033786608500516,0.00076256814430467,-0.02042826607964887,0.00703255060726231,0.1211970609871993,0.003969772280777554,-0.017297024023790186,-0.5539572847044714
2022-01-31,-3.667037183551783,1.3618149307621705,0.050358892719807966,0.0007633265665145143,-0.005020086503606969,0.007033545468169212,0.10596273823680429,0.0058605901721036965,-0.004250007047669868,0.07972672973721624
2022-02-01,-3.6676675725486874,1.3617584814103818,0.05040319577334817,0.0007638799527989761,-0.007084880741748734,0.007035244999403388,0.0889766560486231,0.00796757967373516,-0.005996613620590452,0.0031452575971413228
2022-02-02,-3.6689965348408475,1.3615946275904185,0.05046166387379675,0.000764248603621102,-0.017298561611949204,0.007036820346803523,0.07682501712987602,0.009472106620130547,-0.01463815286194503,-0.3901625453119003
2022-02-03,-3.6716740146372664,1.3613382312216076,0.05050910352702723,0.0007647666230217154,-0.030977154077583613,0.0070354008802235935,0.0864340148779601,0.008276950431558525,-0.026218353571021424,-0.9223473013232836
2022-02-04,-3.6735820864695032,1.3611703484647413,0.05055262819386109,0.0007653294216201002,-0.02129592807429681,0.0070349741119681685,0.08959796565709137,0.007883326628479619,-0.01802547909194807,-0.497506784685017
2022-02-07,-3.675574635242604,1.3610326398158672,0.05058458876066669,0.0007660044352103859,-0.020259465425739975,0.007033941126204193,0.09835149799011765,0.0067972498770446635,-0.01715070597034618,-0.43266088317625556
2022-02-08,-3.6758862802993715,1.3610153259888527,0.050605896299482755,0.0007667615512747664,-0.002946247638262456,0.007033170374442041,0.10577693901907892,0.005876568822523096,-0.0024944273409559514,0.32486601739550397
2022-02-09,-3.6755988198709715,1.3610344107199606,0.050635888148889495,0.0007674529735597083,0.002881352604126697,0.007033723376703799,0.09976579332501198,0.0066235319760991895,0.002439292455493458,0.5881810159383468
2022-02-10,-3.6739295614516165,1.3611563848033092,0.05067053903997582,0.000768104052128452,0.017318332756906862,0.00703403749816976,0.09638678519380348,0.007043061538360513,0.014660681184505364,1.2082296486305886
2022-02-11,-3.672281014696702,1.3612275930732056,0.05067979637822554,0.0007689347471047628,0.014512611546917853,0.007032344184931823,0.11359407985150319,0.004906647550380472,0.012288480970516602,1.100729551194795
2022-02-14,-3.6748047231793812,1.3610668241466026,0.050707762919462475,0.0007696424260360727,-0.024937558406487703,0.007033374683266086,0.1012011056392172,0.006446859150458736,-0.02111265860329503,-0.5927829534454032
2022-02-15,-3.6763006630332082,1.3608982722218552,0.050762424208900155,0.0007700668425409716,-0.018635389248100154,0.007035870488170335,0.08027414044917276,0.009044722517114927,-0.015771513813513494,-0.2847068620863745
2022-02-16,-3.677711316257874,1.3607512805440016,0.05081367566453553,0.0007705375367875514,-0.016946669200835096,0.00703541668565866,0.08324073645080449,0.008673779850868639,-0.014343240365835896,-0.1921981573819132
2022-02-17,-3.6785252569112816,1.3606830427580263,0.050854928762372374,0.0007711246325459805,-0.008906611362136552,0.007034358438849371,0.091386119851112,0.007661475638802229,-0.007539468949346428,0.174969751693917
2022-02-18,-3.6804388481282895,1.360513379994533,0.050898815281633154,0.000771683527583002,-0.021425745302151356,0.007034621691818132,0.08931270254648285,0.00791863998664347,-0.018136268629506347,-0.38214643435937173
2022-02-21,-3.6780058030503904,1.3606420839618585,0.05091776258649816,0.0007724567234217671,0.02266349931553968,0.007032683681987133,0.10735522542324455,0.005678909754120117,0.019189277877741162,1.5882413940917954
2022-02-22,-3.668276861485141,1.360780537620286,0.05088515694080004,0.0007734298675226777,0.07084154845984081,0.0070308351569679005,0.13733383553529138,0.001954413214244039,0.059997600036641785,3.3356863148628646
2022-02-23,-3.6582730922357647,1.3609351868591788,0.05085487428119796,0.0007743987320933588,0.07348870067874902,0.0070307300355903594,0.13612663112806117,0.0021043947908256466,0.06224047456085913,3.096186789382284
2022-02-24,-3.643287277306135,1.360741273680848,0.05074999188091191,0.0007753644270025649,0.08778539150873943,0.007030535805535798,0.17070966674606314,-0.00220894587354709,0.07435095903296407,3.251521520666929
2022-02-25,-3.6385015264380027,1.3608556151795446,0.050734117214596065,0.0007762982821453146,0.03727755081200357,0.007030449040346307,0.1283815799022691,0.003067301799767585,0.03157308763078959,1.4631840807773826
2022-02-28,-3.634946906620634,1.3610040794569724,0.05074179982026483,0.0007771372394019208,0.031021165222636427,0.007030940716228289,0.11458692127963542,0.004785902668784617,0.026272259162062994,1.2087954091263537
2022-03-02,-3.632469545595743,1.3611122588375864,0.05075158111140937,0.0007779652082937098,0.021869598043062766,0.007030716849038825,0.11327876351511455,0.00494656465111461,0.018522258538403946,0.8707855309264889
2022-03-03,-3.629180393666056,1.3612692386046066,0.05076557655585196,0.0007787693053565973,0.02973861796973587,0.007030644693749631,0.1106020438822842,0.005278650379115409,0.025187112384950083,1.0997192208712232
2022-03-04,-3.625303219240449,1.3614404063735779,0.050775915211739985,0.0007795945548085884,0.03433179640867312,0.0070301990749578516,0.11293246585336311,0.004985692182655704,0.029079146407818612,1.213503411410245
2022-03-07,-3.6188344648533457,1.361662541541945,0.05077490212622955,0.0007804754385739737,0.053962597010395186,0.007029460559996606,0.1198747789298808,0.004116465490425047,0.045711302111953955,1.7883963084886152
2022-03-08,-3.6168107107288705,1.3618543270036478,0.05082178595364411,0.0007809984119217963,0.023286130519568182,0.00703243836195245,0.08690813283789615,0.008236038252110906,0.019717150063710775,0.774341350373858
2022-03-09,-3.614656908348356,1.3621005925293437,0.05087701724127504,0.0007814131232236305,0.026995829735836807,0.00703325330406634,0.07978278132548682,0.009122354382348768,0.02285562860008028,0.8695885353530807
2022-03-10,-3.6117686937134676,1.3623911506422255,0.05092665091058752,0.0007819033847708216,0.034128251635365814,0.007032495526413671,0.08462826240696474,0.008513712216676876,0.02889730384782041,1.065436168967613
2022-03-11,-3.608575973040848,1.3626599823858614,0.050968091718711236,0.0007824882067789738,0.034985722041463774,0.0070316121675515104,0.09125781851338056,0.007684041601807274,0.029627068470443163,1.0656001609866046
2022-03-14,-3.6045294360570765,1.3631112480407457,0.051022280819589455,0.0007829184803711491,0.05013820916977618,0.007032980661875715,0.08070764893235959,0.009000434246787837,0.042450434843580354,1.4996850753017414
2022-03-15,-3.601369206757174,1.363353523291675,0.05105927707357134,0.0007835481858506023,0.03338492762918932,0.007031209847989318,0.09466036095700697,0.007257024895191778,0.028273080397147154,0.9940943996431937
2022-03-16,-3.598851041325027,1.3636462604484918,0.051115252787048544,0.0007839532371621654,0.03182845958336156,0.007033233747044444,0.07911678620674202,0.009197339759729192,0.026947179660146148,0.9487721262397264
2022-03-17,-3.598690200958254,1.3636659698476967,0.05117344678722214,0.0007843254747954628,0.0020862373439909376,0.007033571959464238,0.07709591012565974,0.009447342730101284,0.0017662026368991945,0.03208279023260583
2022-03-21,-3.597043925612605,1.3638063367919013,0.0512155064813785,0.0007849042581496112,0.0181361544405938,0.007031795719269447,0.09077312122817785,0.007739620031601386,0.015357895515638376,0.5289783781358016
2022-03-22,-3.596599973449471,1.3638669628757405,0.0512780697976327,0.0007852061156938147,0.0060855383879427905,0.007034334730694544,0.07295199452092398,0.009962320500550681,0.005151440933907736,0.15991528524286402
2022-03-23,-3.5971153934775244,1.3637970675243187,0.051340369496969435,0.0007855128194953592,-0.007040476485984826,0.0070343883029336945,0.07320811724591077,0.00992764503380719,-0.005959755774920694,-0.23820892811249494
2022-03-24,-3.5979244603983886,1.3636685451200978,0.051408603015531615,0.0007857112191317651,-0.012040562801671761,0.0070354810519753005,0.0671951082512487,0.010674119336265997,-0.010190740395708886,-0.38515153928127754
2022-03-25,-3.5979307879930826,1.3636678510861207,0.051462125405749584,0.000786152069628203,-7.783977685971166e-05,0.007033470066888957,0.08128999014833138,0.00891618662349732,-6.589988967498073e-05,-0.006375013377221061
2022-03-28,-3.598061159706171,1.3636541728963603,0.05151369680645353,0.000786618989599192,-0.001571138608066569,0.007033381346526502,0.08297912890631944,0.008705909007809244,-0.0013301575512958408,-0.045538331472042094
2022-03-29,-3.5975534195308327,1.3637046216008712,0.05156283370871682,0.0007871168554175318,0.005970596021932728,0.007033234922851914,0.08504011550485557,0.008449525696544386,0.0050549319348078825,0.1871192358325066
2022-03-30,-3.597160488403626,1.3637493436427603,0.051617949052656195,0.0007875354108977649,0.004918927695644726,0.007034057450464229,0.07988146025288863,0.009091827458400068,0.004164062855938511,0.14956132603672237
2022-03-31,-3.5969513960352897,1.363773179681679,0.05167313517245828,0.0007879530337073134,0.002619622612854755,0.007034182738849014,0.07981774447605408,0.009099035411289147,0.002217572528500966,0.06296293232580798
2022-04-01,-3.597442279634984,1.363713367132852,0.0517311333099643,0.000788329448042731,-0.006352813348352804,0.007034669437633351,0.07727026952895864,0.009415127683947084,-0.005377434755059696,-0.24396051700141388
2022-04-04,-3.5990146169781094,1.363519676209683,0.051789588971018805,0.0007886990150504377,-0.020460557778625876,0.007034857951372547,0.07684723750629498,0.00946655146279993,-0.017318683883049246,-0.7371002307905359
2022-04-05,-3.60210389293922,1.3630484503541023,0.05185638559804465,0.0007889264643028524,-0.04497141323584586,0.007036259774982885,0.06869421569896669,0.010478342166155287,-0.03805812772837491,-1.5458274162667855
2022-04-06,-3.6050570599335794,1.3627665267067954,0.051903722410674404,0.0007894465163546025,-0.03412949649760488,0.007033814187914909,0.08652829069912393,0.008260410385096182,-0.02889294019789901,-1.2268503237601722
2022-04-07,-3.60637869482859,1.3626908977604786,0.05192654373292831,0.0007901937900542908,-0.012615367706472647,0.007031923987785937,0.10476388209697403,0.005994985487265497,-0.010682637582991816,-0.5241550863219515
2022-04-08,-3.6073275698369285,1.3626328792223847,0.05195257106022255,0.0007909172316522693,-0.009251644043212437,0.007032198543282853,0.102562853035229,0.006271159787684554,-0.007833945391105601,-0.43612007709872724
2022-04-11,-3.6111307640071906,1.3623706439115206,0.051984436823716014,0.0007915933019757306,-0.03863891459556257,0.007032637509071114,0.09842911505331776,0.0067868187708910125,-0.03271594235154396,-1.4138063423618858
2022-04-12,-3.615529727774528,1.36207098558222,0.05201570777955504,0.0007922743742749001,-0.04449773416024083,0.007032590482425301,0.09885815200154746,0.006734237932693033,-0.03767691343237267,-1.5601679317171964
2022-04-13,-3.617987396705273,1.361931687869634,0.05203802129878502,0.0007930248075616562,-0.02338238224978273,0.007031956922390572,0.10510772189465076,0.005957378982942832,-0.019800005146684896,-0.843868497924318
2022-04-18,-3.624092511130764,1.361843127618024,0.052006085885418614,0.0007939970455169464,-0.04456450806622936,0.007029946169147619,0.136994991988194,0.0019872372758688583,-0.03774764535458175,-1.5173247090467472
2022-04-19,-3.631799455163176,1.3617892532168614,0.05195868153006622,0.0007949898425600298,-0.053222193393012596,0.007029613427058551,0.1448069600495615,0.0010122544323715697,-0.045083131479424665,-1.7436701658233609
2022-04-20,-3.638889294522105,1.361497375593357,0.05196573922704197,0.0007958323201881312,-0.06166358356644519,0.0070306934056927695,0.11497611635382299,0.004733387302893174,-0.05222558930379506,-1.9360998074443971
2022-04-21,-3.644501252166614,1.36105188815058,0.052004330503751896,0.0007964453547008848,-0.06005561629461198,0.007032480803168905,0.09344600872927665,0.007417914764068793,-0.05085080371870632,-1.8081002748587056
2022-04-22,-3.6508912325992076,1.3605975556728238,0.05203764118009793,0.0007971082189390491,-0.06561554363931155,0.0070318681541139075,0.09738516330397966,0.006924159315872432,-0.05556339334710536,-1.9128205925382047
2022-04-25,-3.6561568899812076,1.3603659806511827,0.052047824655719596,0.0007979345050766952,-0.0465866148793479,0.007030291922601061,0.1130294054555593,0.004970848863794172,-0.03945849752107655,-1.3319518843763338
2022-04-26,-3.659035439977128,1.3602280188547882,0.052062067859040356,0.000798737517572497,-0.02606320671781326,0.007030345906606981,0.11044496661851544,0.0052933546469631,-0.022075162220446032,-0.7362096448421263
2022-04-27,-3.6637938924897426,1.3599486088051813,0.05208609445274337,0.000799475570128988,-0.045775820336429796,0.007030761910707917,0.10395122310518058,0.006103878588159134,-0.03876916910944672,-1.2839080588951437
2022-04-28,-3.6665455692285347,1.3597473274477574,0.05212078937475841,0.0008001261408979163,-0.02855252456037949,0.007031389479713941,0.09637244976264855,0.007049511751515954,-0.024179989486222908,-0.7760624546905811
2022-04-29,-3.668590894863834,1.3596326098152791,0.052142611352675415,0.0008008802060299137,-0.019395867840092507,0.0070303700917431974,0.10545161743532144,0.005914539809408717,-0.016427965318216664,-0.5020913690376761
2022-05-02,-3.671925013204036,1.3594409619272094,0.05216562447529692,0.0008016258378635414,-0.031861084908787696,0.007030331501214071,0.1046454742437922,0.006015108669973393,-0.026985937174238472,-0.8464474136662087
2022-05-04,-3.6726721562018354,1.3594146123883208,0.05216583721733542,0.0008025017258942175,-0.006270690702566917,0.007029078406441067,0.1191484372676273,0.004202015398044344,-0.005312142799285269,-0.11436036992166175
2022-05-05,-3.671247309249952,1.3594923130639676,0.05218629958285862,0.000803265196115413,0.013395435894953955,0.007029912766142595,0.10636809156915361,0.00580053357396845,0.011346441104791438,0.4338706151680429
2022-05-06,-3.669246754427102,1.3595463900919926,0.05217544104961424,0.0008041841944692613,0.015929217181555266,0.00702840988495837,0.12559027854591703,0.003394832740912459,0.01349553486250521,0.48981157409864295
2022-05-09,-3.6661709468844754,1.3596625997437073,0.0521787234067265,0.0008050461332235224,0.026220708062243858,0.007028719612365187,0.11730451883012145,0.004431979923605261,0.02221370218286367,0.7641522575461874
2022-05-10,-3.6646015652227777,1.3597263483848863,0.05218529545770049,0.0008058919768332947,0.013612140968358055,0.007028660138338661,0.11529278644306326,0.004683219291306195,0.011532053345897353,0.3906678340061285
2022-05-11,-3.663994001098453,1.3597478392438191,0.052185681681747,0.0008067673410617457,0.005103339903714144,0.007028200618751908,0.11905225514813823,0.004211136106600818,0.004323775078749037,0.1435747379710376
2022-05-12,-3.6647093535046578,1.359719509119023,0.05219112021455852,0.0008076190308371461,-0.0061671538109369095,0.007028192972647885,0.1159939297988609,0.004593711404736285,-0.0052250909144646585,-0.17127974396809517
2022-05-13,-3.6658881055755796,1.3596637615293716,0.05220479886495984,0.0008084259560905676,-0.01063630080945277,0.007028368227803266,0.11082349888735611,0.005241257336569204,-0.00901132915216074,-0.28883399296207235
2022-05-16,-3.666359247444754,1.359646701538236,0.052206260286836746,0.0008092967566918741,-0.003978803355580318,0.0070276130584708725,0.11841295662762014,0.0042877190981391155,-0.0033712998648081083,-0.10640970213104446
2022-05-17,-3.667647727662319,1.3595471881737875,0.05224355196453037,0.0008099227042529581,-0.013642005817119163,0.007029527470790387,0.09444946988278805,0.007294628501306791,-0.011555928516564506,-0.3904936049808079
2022-05-18,-3.6692208896198646,1.359427503347178,0.052280139669320484,0.0008105556715252472,-0.016563155860749745,0.007029311328395782,0.09497960236392052,0.007225967539973518,-0.01403082018067714,-0.47584920859828045
2022-05-19,-3.668376110420299,1.359432314243619,0.052230606901270925,0.0008115508219693931,0.005790697644042275,0.007026057946720223,0.14588556534890834,0.0008307973817194322,0.0049076311088001034,0.16859377323363325
2022-05-20,-3.66689608606856,1.3594659141165124,0.05221338390717348,0.0008124904061936098,0.011458462947331327,0.007026318253045765,0.12916430052981998,0.002932319373705662,0.009710716973980738,0.31870460594303057
2022-05-23,-3.6660911393216575,1.3594980926118847,0.05221932112499667,0.0008133400868096513,0.00695726170810218,0.007026842212894601,0.11569878792476793,0.004625166728276424,0.0058956390598083885,0.19537148215146735
2022-05-24,-3.6659763505553884,1.3595017449007043,0.0522152993733399,0.0008142347802040913,0.0009434045422498372,0.007026213014728941,0.12167501970598438,0.003871392023238886,0.00079952012402984,0.05520565759717672
2022-05-25,-3.662929692985317,1.3595199040661259,0.052166575864001856,0.0008152294966749663,0.02093920625676482,0.007025104125677778,0.14550014612360748,0.0008672327498411453,0.017748440455969572,0.7208887599305697
2022-05-26,-3.6626816678805745,1.3595281781213358,0.05216458528295071,0.0008161159941268444,0.0020585485481374732,0.007025722789023632,0.12048542890407746,0.004019363651762488,0.0017447084018016312,0.17908027287566405
2022-05-27,-3.6612666673368497,1.3596047705077474,0.0521847530826162,0.0008168820909672651,0.013275042260342929,0.00702646214087205,0.10659103873075533,0.005769652925356714,0.011249985183781064,0.5848821767917103
2022-05-30,-3.660656563391164,1.359688600208859,0.05224740184168176,0.0008171769219815578,0.008370226422440119,0.007030266367835554,0.07288977799334978,0.010015225022686466,0.0070895419197007925,0.43224023118194854
2022-05-31,-3.6601267653805234,1.3597506408701516,0.05230358443936306,0.0008175760543389787,0.006710290812500297,0.0070292447475845485,0.07895306260847333,0.009245599486842348,0.005684410406830764,0.38514370160715394
2022-06-01,-3.6607466806238325,1.3596864958201644,0.05235442859180264,0.0008180497501174218,-0.007412720768345871,0.007028551631732024,0.08362857076123202,0.00865337465039616,-0.006280070948113448,-0.09263961283068826
2022-06-02,-3.6616628987599813,1.359537950863964,0.05242325262289695,0.000818230270773007,-0.013759391377334396,0.007031057334036078,0.06658856565837976,0.010795895845013193,-0.0116528279279553,-0.2954627235118771
2022-06-03,-3.662283551772187,1.3594357796144687,0.05249262467838721,0.0008184002718558443,-0.009403833937821737,0.007031209192532589,0.06599999705541845,0.010864850461093905,-0.007963934524697791,-0.10315031480581227
2022-06-06,-3.6622001353867812,1.3594473048412463,0.05255556894161945,0.0008186928936459863,0.0011489726477265094,0.007030271521587132,0.0726008452600736,0.010030897428567402,0.0009731736476510378,0.31375797735053074
2022-06-07,-3.6609822351245094,1.3595415001442694,0.05259302560812383,0.0008193187692125861,0.012909907288805478,0.007027548052092707,0.09433842048797288,0.007296357821627513,0.010938859603447426,0.7805103707354085
2022-06-08,-3.661824655627655,1.3594524961480265,0.05264483253932644,0.0008197808144724429,-0.010173838900109367,0.007029046850211246,0.08280261869848786,0.008748319795197837,-0.008618688155278775,-0.08515280162695349
2022-06-09,-3.66243435062398,1.3593796656830521,0.052701911285683974,0.0008201683607170793,-0.007802742865956169,0.0070297798930513515,0.07813854779000522,0.0093339568182124,-0.0066093433978799965,0.037739713387449
2022-06-10,-3.6629508203369494,1.359344459050719,0.05273330382744666,0.0008208495517100134,-0.005227038142656681,0.007027372120464104,0.09880733579397943,0.006735484106318791,-0.004429099804010406,0.1889614847297859
2022-06-13,-3.660543554793173,1.3593769521318588,0.052700313162078974,0.0008218253216243435,0.01749580660582062,0.00702491540098064,0.13759100097596516,0.0018571925188529037,0.014830152594511148,1.191477789651303
2022-06-14,-3.6565578545346415,1.3594479159444361,0.05267515757225199,0.0008227856468137555,0.02986083900359482,0.0070249784062170985,0.13347582959914883,0.0023764842162916217,0.025311026651960944,1.7347457089003862
2022-06-15,-3.654719882312892,1.3594906571314551,0.05265897218465448,0.0008237228168537803,0.014291803682983328,0.007025022318049364,0.12860323738829463,0.002990608321184064,0.012114125886563798,1.0400435814427524
2022-06-16,-3.651605410259323,1.359518893611029,0.05261716602183999,0.0008247111609131207,0.021920024443630837,0.007024384843149198,0.14208342064481855,0.0012881591280387125,0.018581701779618598,1.3626046602775546
2022-06-17,-3.646390361803222,1.3595264112622014,0.05255799681143929,0.0008257108301579016,0.03464349008763712,0.007024018407556465,0.15053473085156482,0.0002170003990177955,0.029368972011942773,1.8420399034632877
2022-06-20,-3.6412361691956376,1.3596106134659123,0.05253035170491143,0.0008266767634788957,0.03823399647078407,0.007023963953571003,0.1348065356317836,0.002202286223862756,0.03241307024080342,1.8993847528720604
2022-06-21,-3.63979039019532,1.3597082867622576,0.052561198660670744,0.0008273611473650191,0.01457304858409092,0.007026002565085132,0.09920909766923872,0.006702324210457167,0.012350793413659744,0.9120097023642706
2022-06-22,-3.639891338165372,1.3597006308814896,0.05259761351158748,0.0008279954255758093,-0.0010611547695198453,0.007026159012459727,0.09513029856851056,0.007214669328021987,-0.0008993184532855025,0.2812408457590375
2022-06-23,-3.641729022777876,1.3594304224169642,0.05266282906058758,0.0008282433853091882,-0.02612357115011754,0.007029238627728574,0.07034584214935917,0.010343473446749015,-0.022129775466439128,-0.7115561013666855
2022-06-24,-3.643568875835647,1.3592108980909192,0.052719783291471006,0.0008286305701510328,-0.023508938747516694,0.007027975566850576,0.07826185084451276,0.009337908801526882,-0.01991844956126876,-0.5867353204287574
2022-06-27,-3.644002455031006,1.3591537132713902,0.05278083949206286,0.0008289531424382662,-0.005824795617467515,0.007028502959255199,0.07443680840217025,0.009817480867045564,-0.004934811953262397,0.13229089719132084
2022-06-28,-3.644200288606601,1.3591288913872335,0.05283989816403279,0.000829308629835379,-0.002592047113664009,0.007028258190198128,0.07632329464686835,0.009576170134380323,-0.0021960788659285413,0.26652036820858543
2022-06-29,-3.6444002987559547,1.359109836471048,0.05288705034946713,0.0008298289659181376,-0.0023063294140674984,0.007026930204859614,0.08672228179280694,0.008262009784555428,-0.0019543774666210822,0.2751737642852273
2022-06-30,-3.6437562864834754,1.3591595904018996,0.052924437406273436,0.0008304552594383047,0.006822117997421273,0.007026099333714501,0.09440063521663256,0.007293032877795063,0.005781728447022516,0.6244124644123461
2022-07-01,-3.6439288529736236,1.3591402326713162,0.05297881183618388,0.0008308811373521595,-0.002141722513855804,0.007027838550994449,0.0805736919847065,0.009038393376447093,-0.001814655439224211,0.23865724695838267
2022-07-04,-3.640006964306189,1.3593598363639492,0.0530007438554369,0.000831636365371912,0.03720365906330425,0.007025119821435392,0.10541674572281193,0.005902744465517442,0.03153440699960264,1.7734715267617929
2022-07-05,-3.636593554306169,1.3595303591572747,0.05301722346293133,0.0008324279256476083,0.03130473779480614,0.007024828963474861,0.1090381277873719,0.005447188040454443,0.02653548712183529,1.4781480906701028
2022-07-06,-3.6348628721062424,1.359666491924737,0.05305543819428006,0.0008330456508805726,0.018455981951009726,0.007026266190229612,0.09377350956023398,0.007376078272276562,0.015641028470126273,0.9438611011211374
2022-07-07,-3.6340806784293904,1.3597426467474663,0.053103551960963336,0.0008335538170869469,0.009102870810547614,0.007027167425068909,0.08592824100562547,0.008366022578408674,0.007713488334621488,0.5518161771718212
2022-07-08,-3.631513589254932,1.3599462276809844,0.05314216279601509,0.0008341677311184944,0.027463621142848282,0.0070262793785045765,0.0934723487884607,0.007412749122162337,0.023274755851442563,1.2446072159149657
2022-07-11,-3.6231817321091038,1.3600526069562682,0.053108056431725795,0.0008351458696257502,0.06029553552396916,0.007023216752506216,0.13818364947627151,0.00176429771059081,0.051121293445007154,2.392292945733357
2022-07-12,-3.617550285832885,1.3601130668465284,0.053069956497469234,0.0008361299516334489,0.04015931181881971,0.00702305557688824,0.14022765882108412,0.0015055011533326584,0.034049669870753974,1.5695994279427767
2022-07-13,-3.608932994278217,1.3601489845651609,0.053017680297905614,0.0008371273061323673,0.05852052794613538,0.007022745439294661,0.14725245750687618,0.0006137627238341663,0.0496196912778899,2.187151777380938
2022-07-14,-3.6010019986366997,1.3601690806044149,0.05296159861230977,0.0008381263040175933,0.053198102602238784,0.007022452488875888,0.14908418258480333,0.00037775857166060466,0.045108676179618,1.9462746729749032
2022-07-15,-3.5941819173624077,1.3602304542671726,0.05292007887742763,0.0008391148435591362,0.04804161553538755,0.007022198678423824,0.14196194691388903,0.0012775103849802787,0.04073776882609792,1.724074396169509
2022-07-18,-3.5884554030707285,1.3604796676032116,0.05293007703000842,0.0008399443871701956,0.05058606810012467,0.007023160199982958,0.11320338794358739,0.004926521182583799,0.04288951134653729,1.8253679920714723
2022-07-19,-3.5847926940845265,1.3606756802967912,0.05294978930903983,0.000840714448139738,0.03425703494939558,0.0070233424375162785,0.10691844730907356,0.005721823090325486,0.029044150309713856,1.126320724758362
2022-07-20,-3.5839930175659687,1.3607731934072542,0.05300757263931869,0.0008410867059718785,0.01031665531472381,0.0070264041282341524,0.07751315655728173,0.009452008183686992,0.008742961070408839,0.07106780166715795
2022-07-21,-3.5828555072588255,1.3609166721554569,0.053066766602323796,0.0008414374904483356,0.014926593470105054,0.0070264368525859745,0.07620695970727949,0.00961229020473401,0.012649644080331868,0.24084181315665945
2022-07-22,-3.583029329860595,1.3608972008902214,0.05312101879209494,0.0008418634451502233,-0.0021541075251905184,0.007025748096891761,0.08069355857913933,0.009039133380171689,-0.001825692166951498,-0.5817242368995548
2022-07-25,-3.583179925286861,1.3608817082919937,0.05317157200947995,0.0008423401303820466,-0.001795046104382081,0.00702531317919167,0.08389501857264411,0.00863075226301913,-0.0015214674551966567,-0.5868403352126937
2022-07-26,-3.5846895551190445,1.360784167973345,0.05320040887927753,0.0008430430442058434,-0.014997469956331777,0.007023443695179438,0.10065896691771596,0.006503784900561517,-0.012715125298944585,-1.2623465737946935
2022-07-27,-3.5870652338994584,1.3604960565127273,0.05325802264849534,0.0008434196389928201,-0.03058680899377375,0.007026154628978876,0.07767004334768854,0.00941946774102398,-0.025922042388753397,-1.951910934580656
2022-07-28,-3.5885483699999643,1.3602000408014023,0.053333539658942296,0.000843444353060944,-0.02513039383685811,0.0070291210872801945,0.05901762264984892,0.011779191096117986,-0.021288792001742607,-1.622573325503936
2022-07-29,-3.589457348725117,1.3599805063746593,0.053414327331898166,0.0008433236829140106,-0.017388223424942062,0.007030447305734751,0.05227553746802071,0.012625466177765776,-0.014727363397934568,-1.2205540777161275
2022-08-01,-3.590204526383088,1.3598331103754082,0.05348952668624633,0.0008433585511164839,-0.012579101755356703,0.007029339082180466,0.05939833165375232,0.011717529766255574,-0.010655844779579482,-0.9668008628693865
2022-08-02,-3.5910420383026644,1.359697132097272,0.05355838500386523,0.0008435376342994565,-0.01258191931734487,0.007028357911975744,0.06656471866112967,0.01080743523358266,-0.0106597194624527,-0.9401712745201034
2022-08-03,-3.5919392812305384,1.3595078613768226,0.05363557080388107,0.000843522433322808,-0.015750390897480315,0.007030202419756944,0.056966391101919825,0.012016890354103261,-0.013340627432576468,-1.0584061875420883
2022-08-04,-3.591838362377049,1.3595284798349687,0.05371184270318433,0.0008435319874838399,0.0017371057879236318,0.007030252045701623,0.058095974459997896,0.01186943149314043,0.0014713233274434856,-0.2755573813179561
2022-08-05,-3.5913658686517067,1.359618581942252,0.05378604355927868,0.0008435938141157268,0.0077996269766398285,0.007030089748228356,0.060579015734647336,0.011552104677977652,0.006606412877619761,-0.015087173077568294
2022-08-08,-3.5910820425697816,1.3596693922949654,0.05385824177277481,0.0008437028247526996,0.0045132860869525615,0.007029975744493785,0.06288679167619428,0.011257950800077918,0.0038228898567833625,-0.17162731792746772
2022-08-10,-3.590974809483562,1.3596839720645937,0.05392056566046759,0.0008440063429149647,0.0014646410318661651,0.007028632971846062,0.07321458561274125,0.009954500325350866,0.0012408322713088893,-0.3248269621812336
2022-08-11,-3.591847039401955,1.359500727678102,0.053997671527108576,0.0008439958724867298,-0.015285961847387064,0.007031496940751435,0.05706084622616964,0.011987756368962231,-0.012944871029814564,-1.0976851860894825
2022-08-12,-3.5932618623340384,1.3592823899093704,0.054064777255833134,0.000844212490061096,-0.020683110474387867,0.00702987806440762,0.06840474665720746,0.010556331408755433,-0.01751946373049762,-1.3066728369131435
2022-08-16,-3.5941954839840466,1.359160225293474,0.054125599624878805,0.0008445416990868373,-0.012505605400607855,0.007029198125285665,0.07465625374383442,0.009768788633815546,-0.010593797938911464,-0.911006807245019
2022-08-17,-3.594783945641097,1.3590841364611004,0.05418594418105505,0.0008448787070480233,-0.007834743686156997,0.007029364443814545,0.07510924168330256,0.00971171941566765,-0.006636842043096891,-0.686529489043062
2022-08-18,-3.5958933003495037,1.358968971935282,0.05423699974952533,0.0008453512344850563,-0.013293781629711177,0.007028449162429929,0.08344914481876409,0.008663037277602743,-0.011262680946915182,-0.9150366997015964
2022-08-19,-3.5962422140387464,1.3589329430924513,0.05428781279655076,0.0008458267718778687,-0.004170877877013979,0.007028600352276759,0.08365473637232101,0.008638191741195794,-0.0035335510719747276,-0.48997678324699256
2022-08-22,-3.5966626230161594,1.3589000902494472,0.05432576439716426,0.0008464478649580712,-0.004474128139448474,0.007027542106378336,0.09396444721963278,0.0073428480320923695,-0.0037910342714386758,-0.4978124147900055
2022-08-23,-3.5962616302646766,1.3589170372136312,0.05433439431894277,0.000847284666979344,0.003516286365174537,0.007025858931748148,0.11403870727207815,0.004819563148175853,0.0029801461286140807,-0.13432785824032417
2022-08-24,-3.594833663440559,1.358966525859548,0.05433414236641506,0.0008481642555403255,0.011953943769806408,0.007025528854368516,0.11945570864439801,0.004139943007080751,0.010131760976726412,0.23944917130577945
2022-08-25,-3.593181196176804,1.3590090587083092,0.05432175027366345,0.0008490897962363463,0.013064453768226514,0.007025100496132548,0.12648575233768053,0.0032556163093967016,0.01107366710801827,0.28409636331696253
2022-08-26,-3.5917835278087638,1.3590560377612269,0.054320160518923646,0.0008499750204825411,0.011622836179570939,0.0070253161403100095,0.12025192013777486,0.004041961203943503,0.009851423586034969,0.20630305701393653
2022-08-29,-3.5906226494018934,1.3590652816229836,0.054276033508939864,0.00085096588190093,0.008104296480059503,0.007024291916200863,0.14324234185245227,0.0011406124861510255,0.006870138897218325,0.03298889334223317
2022-08-30,-3.5912592247052086,1.3590362591530132,0.054288109591389085,0.0008517831239837026,-0.005690292470236891,0.0070254902726186235,0.1118704015030346,0.00510034767495244,-0.0048229271373916305,-0.592400840050623
2022-09-01,-3.589957273367421,1.3590598702699692,0.05426362783975905,0.000852742183850499,0.009779968802282824,0.007024107106581436,0.13312428332936652,0.00241423233892055,0.008290850669263605,0.099484314397257
2022-09-02,-3.589807225562516,1.3590635478460185,0.05424945955300656,0.000853673601949998,0.0011769328679829272,0.007024082019315304,0.12749053831963822,0.00312471182450182,0.0009977342161722191,-0.28023835972086975
2022-09-05,-3.589152698402375,1.359084543242113,0.054245947694191034,0.0008545670937839004,0.005391738358056841,0.007024127411768432,0.12139445883220587,0.0038939938662268963,0.004570767990603741,-0.10214564252540408
2022-09-06,-3.5887863815253764,1.3590974081114902,0.054246315333267174,0.0008554442092214078,0.003075735575705174,0.007024000884445591,0.11909894982265476,0.00418269680874442,0.002607457192217666,-0.2163585419521749
2022-09-07,-3.5893718709814206,1.3590674000076366,0.054263948194753345,0.0008562278412714678,-0.005406924541177638,0.007024516534654954,0.10828511690616587,0.005549939457287498,-0.004583387946377471,-0.6027940741691703
2022-09-08,-3.5894483254350873,1.359062343713041,0.05429381796313127,0.0008569211054948691,-0.0007651992610915315,0.0070250396330566005,0.09991443739480384,0.006607814268589093,-0.0006486023412595188,-0.37755313138982993
2022-09-09,-3.5892069766675965,1.3590868250410608,0.05434372348785472,0.0008574056755962507,0.0028583938499631145,0.007026576821854168,0.08443509892593566,0.008564714768138219,0.0024223172323871722,-0.19353998458184143
2022-09-12,-3.5885898946710526,1.3591605440312415,0.05440071414264744,0.0008577918629472948,0.007887785891150578,0.007027280767060122,0.0782325997509862,0.009345967448672188,0.00668375553232714,0.042618422846268385
2022-09-13,-3.587061037783466,1.3593149043373942,0.05445044573838469,0.000858279435134901,0.018075328215912734,0.00702641529233845,0.0845825242741999,0.008539834204320366,0.015318107953836702,0.5154079884787912
2022-09-14,-3.585166847323469,1.3593813094194478,0.05445085893659015,0.0008591570419796944,0.015907097627006372,0.007023221869401522,0.1190783199055273,0.004174556767723082,0.01348674999096744,0.4356638940876434
2022-09-15,-3.5862246478850617,1.359345785032858,0.05444942149391475,0.000860042637276068,-0.00880174565198466,0.007023091619789786,0.12018076906757905,0.0040360614807861865,-0.007462652672659331,-0.6923630865055461
2022-09-16,-3.586899105795298,1.3593425020735102,0.054398924824127046,0.0008610390715482041,-0.004607062858577926,0.007022074946147236,0.14639650704582421,0.0007125926970697588,-0.003906712266948276,-0.47807478900853506
2022-09-19,-3.587345363459163,1.3593338950574272,0.054376672734210686,0.0008619935947222098,-0.0033821612867379613,0.007022205672529832,0.13194452482650243,0.00254482721353134,-0.0028679628248546862,-0.41788192645840827
2022-09-20,-3.5884816057939766,1.359299122248806,0.05437136469688596,0.000862894966972028,-0.0092786062024528,0.007022392049954224,0.12245829923386217,0.0037476327653614265,-0.007867747614406895,-0.7213217337423036
2022-09-21,-3.588278464028875,1.359303337673788,0.05435158154104645,0.0008638433871264706,0.001555336561983367,0.007021761432583485,0.1306095221231794,0.002710297619794124,0.0013189582842976222,-0.22406640106136225
2022-09-22,-3.589294677771087,1.3592729726534944,0.054345343470880325,0.0008647485327884786,-0.00826172173567663,0.007021843932949408,0.12300265909752418,0.0036753864708903997,-0.007006032368675363,-0.7013996280402853
2022-09-23,-3.5889561135097066,1.359281510544867,0.0543325367514132,0.0008656767940071221,0.0026710696060581185,0.007021390965037485,0.12675231697921358,0.0031964316291758937,0.002265243006245754,-0.17177629493725066
2022-09-26,-3.588081600357093,1.3593137695163917,0.054335215222346904,0.0008665443667856983,0.007428143192127479,0.0070216110135344866,0.11772971118010504,0.004342804209652817,0.006299357401323036,0.05307863963297313
2022-09-27,-3.5874987557343676,1.3593452092444223,0.05435535628437877,0.0008673119992227356,0.005465458040405657,0.007022165666532164,0.10664149617765906,0.005752441569976775,0.004634557152161989,-0.04199303524307636
2022-09-28,-3.587767050590498,1.3593269001713368,0.05438676011785191,0.0008679925455614198,-0.00271464532368082,0.007022655187073905,0.09883237923936992,0.0067445544085593225,-0.0023017836428298466,-0.44214666456292095
2022-09-29,-3.585801078514515,1.3594207660356228,0.054401189947705084,0.0008687974788904564,0.017808631655682916,0.0070214823449751464,0.1103943365213936,0.005270807218702439,0.015102696390828285,0.588913421392117
2022-09-30,-3.583443475843402,1.3595524125604428,0.05442301713984619,0.0008695537352574279,0.02234417629131258,0.00702171470818928,0.10551307152144224,0.005891760031948531,0.01894845993715144,0.8288484558439011
2022-10-03,-3.581923075363269,1.3596257264793432,0.05443792762614735,0.000870355886687725,0.013811016599676762,0.007021199931861724,0.1100860656534313,0.005308365128036205,0.011712970677713486,0.4050489663095576
2022-10-04,-3.5827002795266125,1.3595205448110836,0.054499897425429655,0.0008706593588306848,-0.010563221245573295,0.007025077716619848,0.07357643518724344,0.009957347840608049,-0.008953606253697899,-0.8006434599058773
2022-10-06,-3.5823957999547744,1.3595621329780407,0.054562246880214015,0.0008709569426509945,0.004159085779514626,0.007025070781072912,0.07320829335564964,0.009999353021767826,0.003525331179160318,-0.04505739523117487
2022-10-07,-3.580887061698005,1.359701228531181,0.05460785343671165,0.0008714946199274454,0.017143776010570377,0.007023146307716489,0.08800501452183634,0.0081134723793922,0.014535417710725085,0.6938202875548322
2022-10-10,-3.5809734474779624,1.3596890294652082,0.05467150702585537,0.0008717697999180707,-0.0012010010419407635,0.007025282332174962,0.07192814738770882,0.010157414978504722,-0.0010179638382830092,-0.2708751409881051
2022-10-11,-3.5815541366009005,1.359639249465347,0.05471377821451357,0.0008723455565959001,-0.006404814622965382,0.007022930352975252,0.09066446995297615,0.007772278011379901,-0.005430514174033618,-0.5466463384478578
2022-10-12,-3.582833123563673,1.3594979882793206,0.05476742839325264,0.000872780149147851,-0.01574483534827742,0.007024122472277197,0.08123215864003497,0.008971906209353488,-0.01334746518764085,-1.131668332731601
2022-10-13,-3.584532059749907,1.3593155951825862,0.0548198544553276,0.0008732318320830083,-0.020643649862779334,0.007024055542257547,0.08229824655654938,0.008835312454282228,-0.017500533815194785,-1.4791559926694111
2022-10-14,-3.5826652289206384,1.3595005182039428,0.05486873019592494,0.0008737301841094711,0.021881456977648206,0.007023758544560287,0.08531565476539321,0.008451129261891071,0.01855066195667021,1.7225480558586346
2022-10-17,-3.5810548345543456,1.3596839173760404,0.054923701255844386,0.0008741461718270161,0.02011379338916708,0.007024496632518695,0.08006417959727351,0.009118079745042107,0.017050280370821014,1.671386486909395
2022-10-18,-3.5801994994563153,1.359805062162452,0.054987493255704546,0.000874419829406858,0.011914605959831626,0.007025727794746655,0.0717887860424222,0.010167754336147274,0.010098133624444117,1.0005741754936508
2022-10-19,-3.579557775406568,1.3598740471964466,0.055039994488481694,0.0008748709265737885,0.007803911948117914,0.007024419311917347,0.08223107257150725,0.008839801685768268,0.00661537825126679,0.6834111078917319
2022-10-20,-3.579440613080008,1.3598901709798996,0.05510269061534574,0.000875164427063959,0.0016078990025070183,0.00702579514696783,0.07286672009699216,0.010027858359192388,0.0013627495012489277,0.1708766678533919
2022-10-21,-3.578643724261897,1.3599758855732302,0.055155224461228815,0.0008756152680491579,0.009694344676942634,0.007024662974948571,0.08220141171649326,0.008841710934264278,0.00821761352991679,0.8127011794850157
2022-10-24,-3.577939814585386,1.3600642762054935,0.05521428564257478,0.0008759697417856491,0.009221246942897388,0.0070255566576172875,0.0763356280197283,0.009585540091351484,0.007815588060134715,0.7469449644410455
2022-10-25,-3.5768998918729173,1.360186601434481,0.05527064997377416,0.0008763659717099873,0.013195147482803371,0.007025350673375453,0.07881099577129431,0.009270470765636061,0.011184047177049905,1.0629764561502926
2022-10-27,-3.575040713085488,1.3603849677319597,0.05532283712828435,0.000876821672061299,0.0225357541477198,0.007025002314751421,0.08249907126438806,0.008802292400707285,0.019101979435527383,1.8265732088333695
2022-10-28,-3.5742553609413448,1.360469110956456,0.055375205516294275,0.0008772749020162091,0.009537714314647339,0.007025140777333246,0.0823417559212444,0.008822158194350692,0.008084292659249925,0.6647039557819563
2022-10-31,-3.5734120184901683,1.3605794661874453,0.055435936230958646,0.000877602497034919,0.01128079049902908,0.007026258787270026,0.07475916260027667,0.009782579598368691,0.009560225607721407,0.7921172023490906
2022-11-01,-3.5731701358696473,1.3606301449388296,0.055512892352345695,0.0008775909220963962,0.0042245140375891665,0.007029100679886897,0.05725691011292156,0.011996350570382909,0.003578736662218418,0.13332032520402254
2022-11-02,-3.57327174812444,1.360614341936375,0.05558020583285421,0.0008778003240865383,-0.0014899186185521884,0.007027512005739765,0.06819986912538481,0.01060662123273546,-0.0012624485847965161,-0.42111612872442084
2022-11-03,-3.5733658637830064,1.360604367393066,0.05563212639425014,0.0008782602893973327,-0.0011376977677848288,0.007025697211312578,0.08272465784102867,0.008767304983349523,-0.0009642512839249662,-0.38320992663655923
2022-11-04,-3.574701734162309,1.3604564423737942,0.055685948109052814,0.0008786940599777272,-0.01647789047619419,0.007026068587765141,0.08107047326431692,0.008977181847722521,-0.01396503330080101,-1.737557908299552
2022-11-07,-3.576664030411941,1.3602204805629727,0.05574325962304209,0.0008790768043680847,-0.0251757555773926,0.007026622657812978,0.07794388707023343,0.009372581096764303,-0.02133480267827892,-2.364256648819583
2022-11-09,-3.5776415187138686,1.3601247729329715,0.05579165633490135,0.0008795820981579852,-0.011405658031602428,0.007025786216308647,0.08570205236902553,0.008391241411589654,-0.009666698298174126,-1.137381355653257
2022-11-10,-3.578668506173613,1.3600354009122464,0.055834653466033064,0.0008801504105444572,-0.01140124917321561,0.007025404052919478,0.09007674897212772,0.007838791992649398,-0.009663487274409022,-1.1510977905153592
2022-11-11,-3.5793131294136002,1.3598997151465646,0.055911762865094354,0.000880136233312881,-0.011296908484255574,0.0070301484864110225,0.05706191573432139,0.012010875884393021,-0.009568588132070843,-1.1804391726276031
2022-11-14,-3.579762961825282,1.3598042104919998,0.055989131840453274,0.0008801161120379889,-0.007928430929030839,0.0070303544734984635,0.056736624902037715,0.012045845567634684,-0.006715259082785252,-0.896267207400667
2022-11-15,-3.5797667343753035,1.3598035394836676,0.056061100411689144,0.000880229301088792,-5.974126169849825e-05,0.007029492975726646,0.06314814776386705,0.011231907615381924,-5.0606131290820144e-05,-0.2087149220304606
2022-11-16,-3.579998180112168,1.3597598720444397,0.056134967756065426,0.0008802990490659935,-0.0037960933454970203,0.0070300585214734725,0.06096945354075158,0.011503257494905135,-0.0032153680469182433,-0.5656910521407079
2022-11-17,-3.5806956581488962,1.359650288772658,0.0562026994819091,0.0008805025171337536,-0.010294291174590242,0.0070292268867825115,0.06775386715794224,0.010645052672697605,-0.008720504998466438,-1.1377839511415189
2022-11-18,-3.5808929775584932,1.359623499680295,0.056264961688941975,0.0008808069278508637,-0.0026928836159560987,0.00702865215656685,0.07327439196704129,0.00994810626217184,-0.002281383424643124,-0.4558258674384109
2022-11-21,-3.5802915697168105,1.3596700370946002,0.05630246484413262,0.0008814327100706656,0.006376810144829825,0.007026303308972148,0.09431170569981502,0.007297914356607977,0.005404174233600401,0.3586508593295606
2022-11-22,-3.580026496907595,1.3596966990172796,0.056352091657996844,0.0008819230835868768,0.0031308835425729598,0.007027532895374261,0.08466389937902448,0.008515782307703845,0.0026528749282395125,0.07948582330491355
2022-11-23,-3.5796584420754027,1.3597305891679243,0.05639771084865935,0.0008824620127882869,0.004183918035322698,0.007027275089728691,0.08796893942102603,0.008100099083801765,0.003545267112166073,0.19008449943940375
2022-11-24,-3.5794314007814183,1.3597666493352925,0.05646582352264398,0.0008826576279582497,0.003371141451393278,0.00703011366294104,0.06734849227122915,0.010696723317009051,0.0028554027779144064,0.1289859759956966
2022-11-25,-3.5792518486584872,1.3597943183551275,0.05653286137989239,0.0008828748800845769,0.0026221828443659945,0.007030080378082771,0.06847429549652369,0.01055190331009371,0.00222103514076899,0.0686265224482528
2022-11-28,-3.5797840947107624,1.3597167613099241,0.05659784190510613,0.0008831313008720532,-0.00754107191489517,0.00702992829693285,0.07057962823877556,0.010284618165525292,-0.006387559164801715,-0.8650799663302777
2022-11-29,-3.5800596283365347,1.359679485956243,0.05665997535223531,0.0008834382739548779,-0.0037541789781698753,0.007029695350598183,0.07339384386690725,0.009929029462320495,-0.0031800300072539756,-0.49663153869077287
2022-11-30,-3.579820014449623,1.3597079604804554,0.056716850485335916,0.0008838292747136267,0.0030591511534847626,0.007029196297986702,0.07832691975303593,0.009307982111251185,0.0025914809056573063,0.12981674570797427
2022-12-01,-3.5808007159403004,1.3594949945913797,0.056794909109922305,0.0008837945846636628,-0.017557681620542276,0.0070327392643809595,0.055855978703366546,0.012129499422438066,-0.01486604358906618,-1.6963801281529671
2022-12-02,-3.581677842670025,1.3593722528686556,0.056858375915636375,0.0008840791872208048,-0.012167705468446144,0.0070304048006327195,0.07208645311142066,0.010087499491370541,-0.010305785656615996,-1.1743156055705257
2022-12-05,-3.581988871707913,1.3593360996344725,0.05691433744472757,0.0008844841766712403,-0.003929628631778037,0.007029644718412201,0.07914972813791911,0.009200165606159386,-0.0033286710745628056,-0.44333953770434753
2022-12-06,-3.5823293840447668,1.359308936370494,0.05695327337488228,0.0008850955935321761,-0.0036530987562874984,0.007028179900938668,0.09321191666878818,0.007435677431902362,-0.0030950758174093096,-0.4139355991830012
2022-12-07,-3.582876706974736,1.3592669238979211,0.056990364982900145,0.0008857249317737235,-0.005785091824960453,0.0070281627747701275,0.09460920354064903,0.0072621963218715965,-0.004901411824572932,-0.5893927402259774
2022-12-08,-3.581190200370267,1.3593675459840686,0.0570153028283452,0.0008864577347798513,0.016318331598767166,0.007027428597103057,0.10335043103281633,0.006166199377575733,0.013827130482663819,1.344995232526714
2022-12-09,-3.5805229747905494,1.3593908482030643,0.057015325519771516,0.0008873357935348546,0.0055935277196086375,0.007026315633519411,0.11928529063662892,0.0041659253629967455,0.004740355235361093,0.4300177596796123
2022-12-12,-3.581324854743002,1.3593605906313433,0.057018738259085266,0.0008881982724530417,-0.006839368064639473,0.007026403557871356,0.11724474320934924,0.004424030324881392,-0.005796096871039325,-0.6551971634681028
2022-12-13,-3.5821775096498683,1.3593039046553321,0.05704886263400245,0.0008888894347086493,-0.008550987365397056,0.007027674596240435,0.09971420497200278,0.006629173169000647,-0.007245316629408194,-0.8105612101657966
2022-12-14,-3.58360961842398,1.3591746105800142,0.05709353280300075,0.000889438447128733,-0.0161411513388261,0.007028721758999238,0.08872407823022761,0.008010213931073979,-0.013674482716952596,-1.4550953934425779
2022-12-15,-3.5851222149869084,1.3590953549338487,0.05711219220151741,0.0008902151302324482,-0.014058878921747286,0.007026880088571665,0.10759012659170056,0.005637408687181609,-0.01191354191065308,-1.2387400384421376
2022-12-16,-3.584737517887192,1.3591057893803247,0.05710176079026044,0.0008911338857962219,0.003068437069811303,0.007025694149651423,0.1253723283104584,0.003400573724841804,0.0026006429452127833,0.24968651122532312
2022-12-19,-3.5835567474250603,1.3591281656264147,0.057078525420801926,0.0008920896291122873,0.008915169394016154,0.0070252795367049285,0.13244509553841746,0.0025099070024561885,0.0075564661058429294,0.7519136122373007
2022-12-20,-3.5847071210396813,1.3590783344404767,0.05708820209774922,0.0008929201467419208,-0.010146017198405133,0.0070260829284941265,0.11338179229599149,0.004911403653637886,-0.008598745030669264,-0.9193966274631005
2022-12-21,-3.5864914949522952,1.3589696257187167,0.057114091503651744,0.0008936450804692341,-0.01737490635043848,0.007026733929763416,0.10269833267729188,0.006256650802450602,-0.014723861110365277,-1.4950190641849133
2022-12-22,-3.586781911274325,1.3589526149452966,0.05713809489490445,0.0008943843448942838,-0.0027924956816596236,0.007026469917222082,0.10399884373580075,0.006091602408505113,-0.0023665084946689063,-0.2263180151992777
2022-12-23,-3.5874279912559848,1.3589234278295474,0.05714975654246839,0.0008952040601052123,-0.005761778653029737,0.007025704277231948,0.11213203779007296,0.005065643355413259,-0.004883368002994715,-0.4665870079147229
2022-12-26,-3.588611164386469,1.358848995759789,0.05717721329077923,0.0008959169684208925,-0.011644376920411759,0.007026400997043941,0.10160896873839316,0.006392104126067006,-0.009868157495501961,-0.9543028657897917
2022-12-27,-3.589040685812919,1.3588192386401945,0.05720932868546473,0.0008965911441653349,-0.004369897836858705,0.007026583287193594,0.09829095381293454,0.006809568714270216,-0.0037032227362061576,-0.3056462453443023
2022-12-28,-3.589611601429989,1.3587796711631173,0.05724146892070337,0.0008972651984904455,-0.005809447303135151,0.007026485218238343,0.09827365449411615,0.006810884928032047,-0.004923222099977309,-0.40465005262502907
2022-12-29,-3.5900704620792716,1.3587436932967336,0.05727951664491971,0.0008978843375433198,-0.004886883315782242,0.007026832041431366,0.09389637927321225,0.007362129205653566,-0.004141189892076014,-0.2973891181346182
2022-12-30,-3.5905877644596305,1.3587070943525095,0.057312660079992174,0.0008985496864716634,-0.005303214321234151,0.007026409596604454,0.09754506399783709,0.006901275718306291,-0.004494262807034133,-0.34549343251262155
2023-01-02,-3.5902111316243954,1.358735391929103,0.057348685002523346,0.0008991885486704342,0.0039471554704011425,0.007026562712740588,0.09541879919844108,0.007169106159042394,0.0033449840768788874,0.5109783055438085
2023-01-03,-3.591664329897087,1.3585684634012383,0.05740406406293269,0.0008995997726797852,-0.018238141012226983,0.007028296968321609,0.07967907868008722,0.009152716154169207,-0.015451947163086288,-1.4976891332051825
2023-01-04,-3.5945058279468336,1.3582510207185623,0.057458263540074106,0.0009000281540788249,-0.03519922334824166,0.007028163781283546,0.08072615755279897,0.009018457013535635,-0.029822493755890633,-2.8117815372026476
2023-01-05,-3.597985554764006,1.357891877101844,0.05750901084750889,0.0009005034964633451,-0.04156623703436768,0.007027827565725999,0.08371522335051114,0.00864027254671342,-0.03521862217788119,-3.039980353189845
2023-01-06,-3.5993838316050546,1.3578372179954772,0.05751412505756941,0.0009013585058449431,-0.012031312548142381,0.007024911641130768,0.11621980855816806,0.004543070936619261,-0.010198232097430093,-0.7009329679325189
2023-01-09,-3.601812236674887,1.3575529365980605,0.05757031215592948,0.0009017580837879886,-0.0307573937147243,0.007028438008524249,0.07895353853306805,0.009242701122642602,-0.0260581429392559,-2.130155581564273
2023-01-10,-3.6038447667589435,1.3573826312594253,0.05761152210857655,0.0009023453344650588,-0.022221320666595545,0.0070269939271558135,0.09146756462192844,0.00766405116917242,-0.01883011780637922,-1.4317689075137137
2023-01-11,-3.606612761536389,1.357056542941485,0.05766798540747784,0.0009027411139502577,-0.03516971683450443,0.007028501288131931,0.07870392560938372,0.009271849400291946,-0.029796063534435646,-2.3447211157396626
2023-01-12,-3.6086526152907252,1.3568192664775958,0.057723921275704485,0.0009031449077667275,-0.02576245824945822,0.007028485528628334,0.07917931334750619,0.009210163936671135,-0.02182620825748849,-1.5535586794239389
2023-01-13,-3.6102164991039007,1.3565820259017556,0.05779037312645954,0.0009033728717945425,-0.022638382866993823,0.00702992025266712,0.06908107449032905,0.010479572557547463,-0.01917554653491571,-1.266208745107689
2023-01-16,-3.611388115859045,1.3563679371562718,0.05786323922836091,0.000903466870712044,-0.018859932533189294,0.00703106821779996,0.062122001395414975,0.011351511735640531,-0.01597245127485003,-0.9439888017162091
2023-01-17,-3.6127088439918214,1.3560596517711925,0.05794323055832539,0.0009033766931534959,-0.024760754840293053,0.007032651958404013,0.053339574713907184,0.012450564898679324,-0.020965127308485876,-1.349161476457807
2023-01-18,-3.613926487727005,1.3557954767334237,0.05802126688425284,0.0009033428656791896,-0.021788135209276582,0.007032417346310515,0.05588563332695748,0.012124719955668613,-0.01844880217359801,-1.0858436419234054
2023-01-19,-3.6149855443577876,1.355624397308128,0.05809002551815265,0.0009035276224246074,-0.01588770652317617,0.007030950925658079,0.06665887422060124,0.010768037856584126,-0.013455501563838013,-0.6073282035631831
2023-01-20,-3.616323095869677,1.3554451335464377,0.05815181857758582,0.0009038413346847393,-0.01814356170685283,0.00703017800950543,0.0737204488016482,0.009880296084445482,-0.015367703509250319,-0.7665259625290045
2023-01-23,-3.6176333747628346,1.3551987110865782,0.05822564391216795,0.0009039155409750988,-0.021476839632505573,0.007032251545051249,0.06100892475698738,0.011473869716216601,-0.0181856457066516,-1.0085293785290366
2023-01-24,-3.6190690006170825,1.3549172467716,0.058300761676719125,0.0009039591102131429,-0.024135604837081992,0.007032718379837518,0.05948166055660431,0.011661788336284081,-0.020435614838884675,-1.1961307818535043
2023-01-25,-3.6206395668971734,1.3546629675741986,0.058369623337844935,0.0009041428952226137,-0.023601739922007425,0.007031871786006269,0.0665445126198774,0.010773747962720712,-0.019985997355290053,-1.1141384589683174
2023-01-27,-3.6227848031595595,1.354393647003771,0.05842881349480358,0.0009044996838468846,-0.028157489504422095,0.007030764111225925,0.07618705716109574,0.009564793423264311,-0.02384757111078528,-1.4416797940284012
2023-01-30,-3.6242197693851463,1.354192390804368,0.05849239646431127,0.0009047833430177699,-0.019939520135947575,0.007031542011633491,0.07196593577994939,0.010093332137921652,-0.016885614701052987,-0.7324754757011464
2023-01-31,-3.623269161095963,1.3542589435994616,0.05852508552987161,0.0009054534181698076,0.009713988252841865,0.007028741537191988,0.09785973221714019,0.006851232816146421,0.008229486726600399,1.6624451353727072
2023-02-01,-3.6233015412977907,1.3542554558750084,0.05857777610766984,0.0009059045438982462,-0.00039473085511421147,0.007030572514740577,0.08203108879931992,0.00883570262639087,-0.00033432059586857577,0.8108557208659822
2023-02-02,-3.6233034526669448,1.354255158964439,0.05864516170367418,0.0009061175495452952,-2.8066998845943658e-05,0.007032540695797381,0.06810023275379702,0.010578636177454276,-2.3764926284641774e-05,0.8206070737048139
2023-02-03,-3.623220718916944,1.354268969594041,0.05871509147478312,0.000906279637815504,0.001265281557320641,0.007033081826543026,0.06538762026687492,0.010915064336675528,0.0010712584394436675,0.9024098610708733
2023-02-06,-3.6238958040593947,1.354184312298673,0.05877424001693626,0.0009066372175408768,-0.008856987648310444,0.007031735684936336,0.07622062593475594,0.009558249229843187,-0.007500258815044347,0.08041134510664705
2023-02-07,-3.6251846145707924,1.3540175302974402,0.05883466536374576,0.0009069744864579652,-0.017179939065665728,0.007032054321497171,0.07501834008092906,0.009707950685694628,-0.014547626789303436,-0.5787311209923949
2023-02-08,-3.6261490060904533,1.3538492164243474,0.05890611501964059,0.000907104836643045,-0.015137118975763642,0.007033816437998561,0.06371037455707311,0.01111928058188022,-0.01281459670692442,-0.39503761907243534
2023-02-09,-3.6264127254047147,1.3538011406215487,0.05897899889658833,0.0009072036872165783,-0.004247533910777257,0.007034244020545362,0.06208763009339008,0.011318521242833088,-0.0035956066377096363,0.4876856750520748
2023-02-10,-3.6269257153482104,1.3537207964594946,0.05904672113380472,0.0009074119257275269,-0.0075726170989325325,0.007033600839243836,0.0677427548222295,0.010609827620274296,-0.006410929902301632,0.21449575558740064
2023-02-13,-3.627893826240616,1.3536314684396753,0.0590924897124709,0.0009079502083847096,-0.011023408010566449,0.007031249979072531,0.08782319328811636,0.008103484850943598,-0.00933546795587148,-0.05419189679753371
2023-02-14,-3.62788320382663,1.3536325725359666,0.05914363874618393,0.0009084224433495356,0.00012744523747620917,0.00703192020815437,0.08334885003722337,0.008663299729170128,0.0001079201214828629,0.8688701202021638
2023-02-15,-3.6283110491465886,1.3535823700420149,0.05920003935824364,0.0009088221584673757,-0.005433818108028454,0.007032617782719899,0.07873751227090763,0.009238898497073145,-0.004600879203778163,0.4282627049617884
2023-02-16,-3.629425472111832,1.3534176843339176,0.05926563398051814,0.0009090708158094871,-0.015934393085730747,0.007033917610697934,0.06993821222104946,0.010335235688690278,-0.01348934922640943,-0.4180646954906564
2023-02-17,-3.629693368125888,1.3533944603251888,0.0593084925400492,0.000909641385145489,-0.0029717825352992833,0.00703157693001436,0.09014657394132741,0.007814841245274646,-0.0025166165149208553,0.682205492359723
2023-02-20,-3.6289081036374005,1.3534546089721378,0.05934547030627654,0.0009102716305326207,0.00829439406711252,0.007031228404668216,0.09467412352656397,0.007251722845839998,0.007024351048494637,1.6081956282894605
2023-02-21,-3.6275374168485,1.3535318528101434,0.059367566557821445,0.0009110242248960542,0.01302110516687538,0.007030360483631792,0.1052665477572221,0.005932202913319517,0.01102866642484912,1.9127446833957802
2023-02-22,-3.62525327876411,1.3536147746495502,0.0593690568873912,0.0009118943958068137,0.01929498826802245,0.0070294799044515,0.11837986386214361,0.004297584339253193,0.016344591618143056,2.2856779969110534
2023-02-23,-3.624771962430888,1.3536375883521976,0.05938281068039465,0.0009127006330259445,0.004345463898622448,0.007029931575317141,0.11076293451071685,0.005250003953495052,0.0036807625122623477,1.124261822413272
2023-02-24,-3.623768189619927,1.3536830788816996,0.0593944407326367,0.000913519133403264,0.008952690278690056,0.007029765903944638,0.11211968466617804,0.005081213365570859,0.007583425873857408,1.4246944062307103
2023-02-27,-3.622706217939984,1.3537058491937144,0.05937491036335603,0.0009144641805364617,0.008143502222536902,0.007028697116837452,0.13040724382740293,0.0027961325965849995,0.00689904756325177,1.3176165987672022
2023-02-28,-3.622689879763095,1.35370619484651,0.059354921303506,0.0009154104755501516,0.00012504463870133264,0.0070285318172651195,0.13065875561278406,0.0027642352287004742,0.00010593835126293527,0.7088759196797922
2023-03-01,-3.6251075679655225,1.3535568734622807,0.05938140241336295,0.0009161300339902281,-0.023641808707572487,0.007030071753017437,0.10226325034314751,0.00631598817485729,-0.02002505373198815,-1.0358661515060283
2023-03-02,-3.6263394351096614,1.3535161558861941,0.05937881063921235,0.0009170179486977676,-0.010196297382879749,0.007028615456065167,0.12081514474137818,0.003993368823763696,-0.008638243839026671,-0.032660117541853835
2023-03-03,-3.6276829386913336,1.3534510678019644,0.0593936018921321,0.000917817958136078,-0.012202442682429648,0.0070291057155234095,0.11010119995128763,0.0053340208943129745,-0.010337117434815468,-0.15126074370779619
2023-03-06,-3.628023051421705,1.3534274800051518,0.05942572197863297,0.0009184914678527891,-0.003461201621338006,0.007029902497573997,0.09826435081805991,0.006814915567818433,-0.0029317730323441538,0.5371973235797559
2023-03-08,-3.6298750775059965,1.3532734071811117,0.059466564307955175,0.000919082047947851,-0.02018978184855058,0.007030401372791829,0.0917308615904935,0.00763122777630073,-0.01710032069521006,-0.7403421427689383
2023-03-09,-3.6302907818344834,1.3532522551405903,0.0594837345898604,0.0009198676001308278,-0.0038294162140593,0.007028816957431116,0.10855553568736018,0.005523567911930706,-0.003244166137813309,0.5165282538660856
2023-03-10,-3.631032441003147,1.3532138768387225,0.05950171237683548,0.0009206479688209317,-0.0068655886452368975,0.007028753302380224,0.10802557609945485,0.005589950672982859,-0.00581637269696067,0.27071119037548746
2023-03-13,-3.6323449278838256,1.3531713278785278,0.05949837219205872,0.000921539361976763,-0.010823556277713031,0.007027797691648631,0.1212620738509789,0.00393114417321905,-0.009170720920282704,-0.03914633787966979
2023-03-14,-3.631214007868155,1.353185706765633,0.05946347097736894,0.0009225175546401687,0.008162228314661846,0.007026993577686978,0.13855530280121958,0.0017616374537471255,0.00691658838272069,1.4097588399857657
2023-03-15,-3.6293740492268105,1.3532121946551467,0.05943181758028342,0.0009234902704756135,0.013442241418109901,0.007026828103403971,0.13687885703833533,0.001970496488630192,0.011391085460331851,1.7915252694128394
2023-03-16,-3.628528953091904,1.353226187208213,0.05940416802518426,0.0009244552758783441,0.0062700387352805365,0.0070266370657094904,0.13478323987878016,0.0022316533688264673,0.00531343595626943,1.2106593193774131
2023-03-17,-3.6259888174545494,1.3532805544579027,0.059384819979942806,0.0009254006024607208,0.019490327170784916,0.007026511378833168,0.13032801425528567,0.0027894477713695824,0.016517036337997837,2.0793697651772396
2023-03-20,-3.623276516968783,1.3533201936688533,0.05935369859429253,0.0009263725966642405,0.0198543611213573,0.007026026122717052,0.1366098092599217,0.001996498940872041,0.016826698200054224,2.008714854211412
2023-03-21,-3.6199038591439936,1.3533498529298644,0.0593110600815846,0.0009273615657148989,0.023669845939521927,0.007025594838341288,0.14248752752370075,0.0012530398840380139,0.02006157747468329,2.150855218016101
2023-03-22,-3.6188523692985335,1.3533767360094586,0.05929827573497247,0.0009282878437846407,0.008299017453647473,0.007025739094570339,0.12670052224048872,0.0032393087186961995,0.007033757783869277,1.086797359945104
2023-03-23,-3.6189689859428293,1.353373325329033,0.05929080617627686,0.0009291959160744336,-0.0009428842209526778,0.00702556281241114,0.12368076769583197,0.0036172844447650084,-0.0007991531133662022,0.46857986620901226
2023-03-24,-3.6183152285276394,1.3533951516639167,0.05928886896756106,0.0009300822944195645,0.005427336728272891,0.007025431706238687,0.12045639471462771,0.004021555318259623,0.004600091811894913,0.8730269418087166
2023-03-27,-3.6171795695759994,1.3534404542890774,0.059294781882938775,0.0009309325740492928,0.009813397375691757,0.007025430228426593,0.11572536076577711,0.0046164058609273195,0.008317622559783189,1.133525022370062
2023-03-28,-3.6168487416252932,1.3534542453826344,0.05930271657935613,0.0009317725854598324,0.0028899171485505804,0.007025259716452292,0.11447662119734571,0.004772141500242408,0.0024494904837517595,0.670823711710647
2023-03-29,-3.6171795152855184,1.3534345905684995,0.05932740466428213,0.0009325066723581824,-0.0031948313444551957,0.007025831443512601,0.10353399743589527,0.006152066264505185,-0.0027077150506755743,0.28453130342724015
2023-03-31,-3.6171560316723426,1.3534372841773998,0.059382685417314916,0.0009329183251153987,0.0002943986591068537,0.007028073600556719,0.07976807111527795,0.009149528426756617,0.00024943206112304495,0.4929354131751254
2023-04-03,-3.6179353883755767,1.3533568620198904,0.05943338751491871,0.0009333933879398922,-0.009305126386847107,0.007027493345228645,0.08375562790158844,0.00864277970722204,-0.007884507707526467,-0.1671774115802931
2023-04-05,-3.6190651898021615,1.3531987879431675,0.05949676359933508,0.0009336764495362682,-0.01565175339250935,0.007028886489829502,0.07218369713936426,0.010099448461703499,-0.013259563132056229,-0.6521365437911453
2023-04-06,-3.619588974658958,1.3531416224623172,0.059549953292873256,0.0009341188744893344,-0.006417838182581903,0.007027698693213594,0.08161390828110893,0.008907279869644845,-0.005437864457375596,-0.00869121392359707
2023-04-10,-3.6209273865378857,1.352940692828429,0.0596160055411568,0.0009343537723117081,-0.019259283833418017,0.007029294184527241,0.06949437427187014,0.010432871524511047,-0.016314777787526324,-0.9447840775585336
2023-04-11,-3.621885415001752,1.3528554796851162,0.05966001564252125,0.0009349108107643622,-0.010732652289252798,0.007026951810858084,0.08926297415087947,0.00793961651008751,-0.009094793297405701,-0.35012237170300475
2023-04-12,-3.622300392978041,1.3528091759187548,0.0597141785501791,0.0009353401216353275,-0.005138444792264885,0.0070279773513487525,0.08075945019658186,0.009011241384002933,-0.0043536557957502,0.02061946846759835
2023-04-13,-3.6232899766378446,1.3527440169905984,0.05974390182445041,0.0009360354343359919,-0.009894698377773459,0.007026056018429331,0.1000115033346025,0.006585236423458939,-0.00838578456051664,-0.3662762338843294
2023-04-17,-3.633250963236026,1.3523441435596222,0.059750211538354886,0.0009368844489367915,-0.08625344788556877,0.007024942641986147,0.1154850831168693,0.004636028364996429,-0.07311162397526516,-4.842470244558839
2023-04-18,-3.6411339234694413,1.3520229050335753,0.0597571866276346,0.0009377299676638041,-0.06850325916147515,0.007024947113427393,0.11507423631967495,0.004689390402428637,-0.0580658682034052,-3.3553191691658135
2023-04-19,-3.6489287048327426,1.3518159706279698,0.05974606008666889,0.0009386516471860709,-0.06197220387630509,0.007024312137223366,0.12577866972198334,0.003339148725751522,-0.05253465539023239,-2.782752373122956
2023-04-20,-3.656601236046829,1.3515096954575285,0.05975208625114212,0.0009395019018842806,-0.06633609343406555,0.007024726323560331,0.11566148708640128,0.004617021512513684,-0.056230666557510744,-2.776389760974516
2023-04-21,-3.6638042362243453,1.3509355625624835,0.05979089900144391,0.0009401131621417223,-0.07718779406250409,0.007026375259420444,0.0933178654086595,0.007438130626975559,-0.06541389924582752,-2.9893860927747937
2023-04-24,-3.67020627077016,1.3503559323996417,0.05983567983909348,0.0009406605192108504,-0.07221883412523766,0.007026753745214511,0.0886477139012339,0.008026024926361173,-0.06119958652702273,-2.5730420434472676
2023-04-25,-3.6757972203420235,1.349854007191847,0.059880079419035226,0.0009412124088996096,-0.06285227377874314,0.007026659511902377,0.08895381560172365,0.007985792360698102,-0.05326290294386382,-2.0771911576950326
2023-04-26,-3.6807711500304734,1.3493198109458358,0.05993255451963522,0.0009416642283951768,-0.060483307856546986,0.0070273727852904495,0.08223640314526273,0.008832126828748274,-0.0512501677467565,-1.900350343347162
2023-04-27,-3.6835494096143035,1.3490591767039934,0.05997899066410207,0.0009421928288792202,-0.031821140437652495,0.007026801223740298,0.08730861137027687,0.008190600282005096,-0.02696564549635916,-0.7778083065843208
2023-04-28,-3.6862691999620067,1.348731223766065,0.06003641678050557,0.0009425738220167935,-0.03494435874380031,0.007027916008296867,0.0778320291307633,0.009385003752192735,-0.02960760386428163,-0.8912274768195003
2023-05-02,-3.6870821343252804,1.34863896392805,0.060091295918503575,0.0009429926672561655,-0.010145483705685798,0.007027679378888124,0.08012770872796783,0.00909368549507517,-0.008596339655314367,0.060357723488636605
2023-05-03,-3.686935932012507,1.3486499888257626,0.06012752838381585,0.0009436300568367215,0.0015346594947578396,0.007026114175091717,0.09526693919591522,0.007183937381634892,0.0013006174502017132,0.519033052325457
2023-05-04,-3.6879478204834153,1.3485389084875825,0.060180976460877014,0.0009440690776915522,-0.012432781695679296,0.007027630934436578,0.08138874273486679,0.008934471858264237,-0.010534455937387222,-0.015121214919680954
2023-05-05,-3.690035014041632,1.348300573906435,0.06023612312472934,0.0009444842291364818,-0.026126247482601173,0.007027864384309631,0.07988876166034348,0.009122419180406101,-0.022136370385020143,-0.5300698381631728
2023-05-08,-3.6919393697490936,1.3480557263456665,0.060296196799729425,0.0009448242126900374,-0.025266759061916666,0.00702849389522525,0.07537000304610103,0.009690501269615341,-0.021406221544074455,-0.4796529709479929
2023-05-09,-3.6940197464048166,1.347725869949036,0.060364244510455925,0.0009450209310208983,-0.030857294885654696,0.00702965056520779,0.06741928167818537,0.01068973796480978,-0.026138271353186582,-0.6798572146088568
2023-05-10,-3.696369148693791,1.3473797858665078,0.06042961858301567,0.0009452695678737788,-0.03347460525605239,0.007029388851440318,0.07018461520317419,0.010338705412089448,-0.028356370677785847,-0.7669201198550728
2023-05-11,-3.698784824041091,1.3470679702246848,0.06048987481837042,0.0009456073701823893,-0.03212526654419623,0.0070288673503221075,0.07519549585610578,0.009706242947241617,-0.027215363614335075,-0.7011616310666677
2023-05-12,-3.7014173628825615,1.346772350151561,0.060544337050985386,0.0009460331347332519,-0.032705123223025545,0.007028355794324508,0.08049316382385692,0.009038953044387545,-0.02770861382838241,-0.7031090370390063
2023-05-15,-3.7022392555141184,1.3466982313858475,0.060589002254106024,0.0009465831223100691,-0.009262289038956872,0.007027563931364802,0.08873536855736819,0.00800220824482283,-0.007848131531854818,0.19441870702646868
2023-05-16,-3.7026293307135574,1.346662727815501,0.06063408723277571,0.0009471281986373743,-0.0044127517301593144,0.007027704078373657,0.08839726848285803,0.00804567592233581,-0.003738942416820379,0.3753171432113676
2023-05-17,-3.7023129071765535,1.3466803969351684,0.06065585537675549,0.000947884262638316,0.0029987343269866074,0.007026225023263278,0.10551902986406746,0.005892192418750879,0.002541374602321511,0.6559793728053966
2023-05-18,-3.7017224166350076,1.3467122753262204,0.06067598803925271,0.0009486514877625901,0.005538445179493756,0.007026176229832246,0.10661666269299933,0.005755837607651223,0.004693767478771704,0.7431170892241877
2023-05-19,-3.700437466325908,1.3468048334124658,0.06071000463293194,0.0009493091216290013,0.013260300818047632,0.007026981630180986,0.09690204820623556,0.006980089480285738,0.011236661729173036,1.009305464416659
2023-05-22,-3.700539759099411,1.346790225422461,0.06077419433295201,0.0009495788255359967,-0.0014332227264928221,0.007029839722537446,0.07137255892753464,0.010192407456835232,-0.0012140064984755838,0.45432381196339006
2023-05-23,-3.7001597266101323,1.3468392561524933,0.0608344190314674,0.0009499167481617049,0.005052104788382472,0.007029375238190857,0.07522260625955274,0.009705010502751518,0.0042796511691758354,0.701727293781209
2023-05-24,-3.700111820971585,1.3468453268510774,0.060893925906958433,0.0009502664906726948,0.0006311808193659729,0.0070293571201090746,0.07589843841501331,0.009618002318414778,0.0005346762997007204,0.5460924358193282
2023-05-25,-3.69938141451749,1.3469247077595998,0.060946969953971725,0.0009507118731518354,0.008936304716390175,0.007028738620473396,0.08173473010108522,0.008882967965147781,0.007570652717673099,0.874117205314137
2023-05-26,-3.699153728735041,1.3469566928081718,0.06101056043993493,0.0009509933560879825,0.0031637877884751475,0.00703003922569566,0.07196619927490912,0.010109732608599896,0.0026797997726006884,0.6544926216193794
2023-05-29,-3.6988554695931555,1.346992488018391,0.06106784340351688,0.000951378089372283,0.0038260617385219575,0.007029388301059324,0.07795460770603752,0.009355627970866006,0.0032410608746076264,0.6848787457648745
2023-05-30,-3.697868824214997,1.3471000334780427,0.06112102710453622,0.0009518218534065834,0.012089584613729443,0.007029066704405287,0.08161118927427423,0.00889571172938368,0.010241568244216737,0.996902586485569
2023-05-31,-3.6963098185934924,1.3472283774911684,0.061161434607879976,0.0009524179779628015,0.01693048175143108,0.0070280501270381015,0.09208276789717829,0.007580647438748522,0.01434455943727464,1.1607148608054798
2023-06-01,-3.6962127572995467,1.3472391339322816,0.06121533065228872,0.0009528517605215649,0.0011984884880957836,0.007029327350151484,0.0809864215717958,0.008975005784377718,0.0010152496467892291,0.5478280895794317
2023-06-02,-3.6956632146141346,1.3472885672510901,0.06125987471076703,0.0009534030308813652,0.006186715200446002,0.007028545620542064,0.08882624585216736,0.007990236693778269,0.005241401212582986,0.7231442884704384
2023-06-05,-3.694116359286288,1.3474062035873464,0.06129650679172799,0.0009540365485592287,0.01629037786557408,0.007028009934529733,0.09495515331879793,0.007221215936610518,0.013802302460304006,1.07524571162395
2023-06-06,-3.6921365591051147,1.3474916910755628,0.06130606522073837,0.0009548679202475011,0.017450582533394154,0.007026600081925371,0.11345181041288643,0.004898832921643871,0.014788272392102897,1.0952540574346643
2023-06-07,-3.691665672491806,1.3475262833802824,0.06134101787162062,0.0009555168808100768,0.004894578021620077,0.00702792997292564,0.09620576303587602,0.007067474369948687,0.004147062484594954,0.6139945148068382
2023-06-08,-3.6900074522701574,1.3476106149902527,0.061358253111361366,0.0009563028177002271,0.015279234722180846,0.007026907760379826,0.1085277012756106,0.005519360851755999,0.012947624587225093,0.9778215006814549
2023-06-09,-3.6887300127159977,1.3476623034584159,0.0613648103441086,0.000957149831486673,0.011077312052723443,0.007026414288667239,0.11532035462029462,0.004666156186364295,0.009387574271022103,0.8087099859968803
2023-06-12,-3.6873373083576353,1.3477559148697775,0.06139546588665744,0.0009578365379240324,0.014020185433556875,0.007027508841547542,0.09933565892994932,0.006676902513550333,0.011879689942954741,0.8944645615504779
2023-06-13,-3.6850351976368305,1.3479100490691818,0.06142593620245237,0.0009585248529512923,0.02314404003639492,0.007027424461660419,0.09946883591563128,0.0066597793281461,0.019610819149161074,1.2048079578764856
2023-06-14,-3.6837726103296693,1.3480032203683932,0.061461091725338014,0.0009591717393407655,0.01314408483554974,0.007027661932950468,0.09605745268368097,0.007088458449346247,0.011137103116904967,0.8467285004782363
2023-06-15,-3.6832643474531714,1.3480374694035824,0.06149187845205177,0.0009598574647336391,0.005121399745859456,0.007027323715250674,0.09924296124489204,0.006687436421451894,0.004339617626014203,0.5601025235723883
2023-06-16,-3.6803907072926423,1.3481661278595427,0.06150311098492613,0.0009606795279528274,0.025566308426830275,0.0070262744033876764,0.11239949516972565,0.005032343888387129,0.021666844474033553,1.2841269192682552
2023-06-19,-3.6795634398200523,1.3482249071378642,0.06153644583567302,0.0009613429734094419,0.00849361248916125,0.0070273542099122364,0.09739877745135286,0.006920409707476641,0.0071970305675446156,0.6853766832544913
2023-06-20,-3.678909816634135,1.348280520902854,0.061578356552171594,0.0009619224349538874,0.007189393535474764,0.007027900988905714,0.09091492664742179,0.007735529389983226,0.006091431589570817,0.6545812888477609
2023-06-21,-3.6796958395817803,1.3481934214750975,0.06163221211133011,0.0009623558310785552,-0.009701077581094175,0.007028924729618164,0.08102429251542555,0.008978325039519942,-0.008218334879597222,0.05326017523523313
2023-06-22,-3.680933813882175,1.3480839240023592,0.061675947884307296,0.000962915664271167,-0.013836022683177518,0.007027998000570648,0.0894747232454165,0.00791394140105614,-0.011722827780509704,-0.08962413957632642
2023-06-23,-3.6824423374887316,1.347977156140472,0.06170911986520974,0.0009635809028075457,-0.015469100002938774,0.00702723473287482,0.09751851150163238,0.006902008640895495,-0.013107906509171485,-0.13693957420626862
2023-06-26,-3.682193459819807,1.347990876984582,0.061730238418483935,0.0009643411494671988,0.0023489250705308606,0.007026536926144253,0.10595385610510022,0.005841328990045347,0.0019905843213834373,0.5207924245920218
2023-06-27,-3.6816211968333263,1.348027093137436,0.06175800366551085,0.000965051842090791,0.005644212971609441,0.0070268658577711425,0.1013893326419464,0.006416510687341865,0.004782934993874832,0.639338342705109
2023-06-28,-3.68084930369509,1.3480874465514467,0.061795929566115196,0.000965672352602635,0.008212999708121949,0.007027481023278082,0.09398431336523695,0.007348522605071193,0.006959128801737435,0.7238123299806845
2023-06-30,-3.680647205679862,1.3481218372533312,0.06186643441365002,0.000965818252787981,0.003120270749366938,0.007030903033023303,0.0647693842814514,0.011021704411834532,0.002642615148745975,0.5356601417397944
2023-07-03,-3.679574091598773,1.3482470637667086,0.06192252044198571,0.0009662202495880478,0.013576686895769186,0.007029080791028692,0.07904093902490505,0.00922364302416232,0.011501328718880544,0.8968803694346139
2023-07-04,-3.6792237643700916,1.3483002364683525,0.06198901077624022,0.0009664482807626132,0.005074334124564928,0.0070304063821937145,0.06903905420524457,0.010478754520014592,0.0042978512431233185,0.574891806315086
2023-07-05,-3.679128543915597,1.3483146855626644,0.062055502206837684,0.0009666767084441515,0.0013792577526396954,0.007030500671616673,0.06903746186126065,0.010475992818789283,0.0011681858151391111,0.4361283889033705
2023-07-06,-3.679311883903621,1.3482887776438222,0.06211933280736131,0.0009669544511163212,-0.002556068025404201,0.0070302653318856136,0.07172735083806947,0.010135848727324622,-0.0021649777642114287,0.2841986172800351
2023-07-07,-3.680404160096801,1.3481390923134324,0.06218198373615221,0.0009672530388593724,-0.014985731103860367,0.007030249551769934,0.07288774805912067,0.009988523706466947,-0.012692873241725522,-0.1615357294179391
2023-07-10,-3.6794614975583246,1.3482106577412143,0.06221855331058076,0.0009678874510788049,0.009922516771489143,0.007027952401576008,0.09500236282640762,0.007212426991044932,0.008407091592426141,0.7246706636516198
2023-07-11,-3.6773101331276865,1.3483760091231953,0.062255698469764545,0.000968516149820562,0.022749053054121227,0.007028091547757676,0.09456940583504365,0.0072684951583540216,0.019274302127934462,1.1524268048366502
2023-07-12,-3.6760264568367975,1.3484641802602597,0.06228743691672599,0.0009691941037474655,0.013024983241797017,0.007027801255167596,0.09855492840633077,0.006769385835481682,0.011035968462625334,0.7968059134437684
2023-07-13,-3.675909415924151,1.34848109419541,0.062352112387378394,0.0009694563858714616,0.001651214313944216,0.007030850677838579,0.07088172120242234,0.010243331230476898,0.0013984544301806068,0.3378456381944638
2023-07-14,-3.676343236595956,1.3480861309195122,0.062449713174650846,0.0009684677205331034,-0.02349970595825912,0.007040007598102354,0.018460685107097027,0.01680715820867416,-0.019876597760667636,-0.708489474391945
2023-07-17,-3.6768301066655362,1.3478958643933558,0.06254006886865435,0.000967994832935492,-0.013150906140848129,0.007036491762594063,0.03702178879281009,0.014467940392739145,-0.011128900085321192,-0.33820828005973447
2023-07-18,-3.6758221101893587,1.348207811329244,0.06262649180479003,0.0009676945158130542,0.022945859633679788,0.007035524799410111,0.04392934029361251,0.013594911712536965,0.01942050787234173,1.2505363939507366
2023-07-19,-3.674048751285469,1.3485513730054712,0.06270128697137387,0.0009677484965542431,0.02962328224019739,0.007033263760392087,0.05986368726837007,0.011597691081003694,0.025080085955568876,1.601892928197368
2023-07-20,-3.6736123806711274,1.348626529062722,0.06277230940435798,0.0009678889312009978,0.006798181630249367,0.007032932546786509,0.06418931386004145,0.011055317633204012,0.005755844603514859,0.42202547549533076
2023-07-21,-3.67773709023969,1.3483488992690253,0.06280310839082857,0.0009685754165450925,-0.04157109428603789,0.007029244023384657,0.09922061565620083,0.00667843361991615,-0.035215639967294265,-2.395617001353446
2023-07-24,-3.6815036245794333,1.3480178996443575,0.06284660697582203,0.0009691390710823616,-0.04201455611109406,0.007030318826467418,0.08964831925830379,0.007878213060078024,-0.03558586341176273,-2.361386918172594
2023-07-25,-3.6849487539035626,1.3477074502572772,0.06289126162797767,0.0009696896518263774,-0.038829312343969136,0.007030552597724246,0.08872496359478918,0.007995232682208262,-0.032886903689476554,-2.1589906351506567
2023-07-26,-3.686617000798558,1.3475732224413113,0.0629305883229518,0.0009702968603546012,-0.017957543270584075,0.007030251236578938,0.09289950578754633,0.007474731590146357,-0.015209986370516404,-0.9630289501688583
2023-07-27,-3.6880085436670935,1.3474523859503704,0.06297350345807079,0.0009708664090707368,-0.015443024636147662,0.0070306022053152955,0.09010818161089282,0.007824664778295735,-0.013079543512253267,-0.8009387907359268
2023-07-28,-3.688623830409017,1.3474165017129827,0.06299728240369666,0.0009716071539877373,-0.0059088097170034715,0.007029425733471378,0.10413040381935752,0.006073006088612324,-0.005005332197447032,-0.27328728828544274
2023-07-31,-3.690240894434584,1.3472369152520702,0.06305129551990127,0.0009720399663790678,-0.019995835578949794,0.007031672970678001,0.08087004012322002,0.008981193119101399,-0.016932989591003533,-1.078757828787825
2023-08-01,-3.691839697322824,1.3470178710645677,0.06311396996748246,0.0009723393506834535,-0.021945839296802383,0.007032678840335426,0.07285220977959089,0.009981126013911887,-0.018581644987250456,-1.1970953277637033
2023-08-02,-3.693451857580473,1.3468326827347346,0.06316944780864543,0.0009727518788855692,-0.020260843382472693,0.007031934743178831,0.07957024429909627,0.00914020834855232,-0.017156766332249163,-1.1278154615286315
2023-08-03,-3.693039922413192,1.346864142914058,0.06320627828706163,0.0009733834342514504,0.004345764259486629,0.007030434657932098,0.09479003983752189,0.0072392742553420535,0.0036807535230352073,0.26377201072126305
2023-08-04,-3.6932999805528226,1.346834895271248,0.06326084794378985,0.0009738088061564145,-0.0032354612066516353,0.007031978098919927,0.08037745564563209,0.009039713642637597,-0.002739753158536473,-0.22329379863312937
2023-08-07,-3.693848604076185,1.3467524249774174,0.06332705755741506,0.0009740452527980807,-0.007915179716898813,0.007033408923306363,0.06931283217630428,0.010419257272767017,-0.006701124099460998,-0.5550032492676201
2023-08-08,-3.6941191167233236,1.3467193688956158,0.0633851481256261,0.0009744194473015824,-0.0035041849657311275,0.007032515016088002,0.07719702292654568,0.009433315342887652,-0.0029670789509790296,-0.28140552415978437
2023-08-09,-3.693856424113381,1.3467475319874906,0.06343765422026432,0.0009748735601964177,0.00319646332554413,0.007032044714243679,0.0821822693360201,0.008810703895704436,0.002706704538246285,0.13807887337200914
2023-08-10,-3.693236719461204,1.3468009313788283,0.06348021699067424,0.0009754470822435325,0.0068565447964274995,0.007031283464186806,0.09038147792743458,0.007788090492075977,0.005806620724102984,0.3673394616446127
2023-08-11,-3.6940614310359665,1.346726361943019,0.06352501975468056,0.0009759958139033304,-0.009308262394672973,0.007031538933063147,0.08859994914133894,0.008011101604956898,-0.007882627068070747,-0.6461289812610053
2023-08-14,-3.69340332779714,1.3467853713967861,0.06356943162057292,0.0009765488862477866,0.007401661136938742,0.007031572142920079,0.08891291112237358,0.00797246086729109,0.0062680075393029,0.42451548445327164
2023-08-16,-3.69160913444751,1.3469558016810166,0.06361650153563125,0.000977071293589188,0.02068010195891734,0.007031847717338844,0.08675940540305074,0.00824126905027162,0.01751200882279136,1.2324821779407011
2023-08-17,-3.6895709944119077,1.3471105059284598,0.06365302759013709,0.0009777055877206163,0.02145101161615237,0.007031095725003707,0.09501370248048169,0.007211979099711012,0.01816676156218655,1.2475723229993416
2023-08-18,-3.686159600044927,1.347239887568358,0.06365647305171197,0.000978566703105692,0.029107692202315683,0.0070294991664392025,0.11719906694318583,0.0044449295051957795,0.02465676743319456,1.6543016935588435
2023-08-21,-3.6838330233422245,1.3473841154064925,0.06368317075029338,0.0009792850068672272,0.022785131511434464,0.007030495577169057,0.10210942612006318,0.006329910277767637,0.019298268698694443,1.241283807018817
2023-08-22,-3.6810617684530635,1.347531681869896,0.06370249583697232,0.0009800562569735342,0.025869449422909696,0.007030074612349668,0.10712461807194715,0.00570427537869228,0.021911898130040797,1.3805494731124082
2023-08-23,-3.679218153149428,1.3476544736252063,0.06373267479764022,0.0009807465263722674,0.018500061879897167,0.007030594699550037,0.09965454794716386,0.006637369977867328,0.015668732542035713,0.9242658017315619
2023-08-24,-3.676064437712229,1.3478501439161856,0.06375940910780481,0.000981464489807124,0.030893014520055218,0.0070303381134927,0.10208506635542124,0.00633380374233948,0.026165969151564994,1.5997442491106324
2023-08-25,-3.6733630454839563,1.3480141448946845,0.0637850867002924,0.0009821905612212376,0.02627315154428267,0.007030218428818353,0.10281949707172927,0.00624215097387173,0.022253385986516605,1.312915672059831
2023-08-28,-3.6711532725829206,1.3481467238038727,0.06381019038724775,0.000982920964854454,0.02140912145886631,0.007030121715770198,0.1032164213408456,0.006192636603181009,0.01813379703669682,1.008257663953808
2023-08-29,-3.6691946761094707,1.3482705388086285,0.06383783455637074,0.0009836318102209793,0.019305977425762677,0.007030192008968967,0.10145026228178226,0.006413298950120908,0.01635224389912615,0.8717300012731829
2023-08-30,-3.6670301819111413,1.348433865970761,0.06387404579373938,0.0009842686082823932,0.022723862560892094,0.007030652510268375,0.09525203703944754,0.007187473594991827,0.01924594627766041,1.0515101697360785
2023-08-31,-3.6635130737754396,1.3486263153686815,0.06389469433103362,0.0009850310246008681,0.03310371249923261,0.007029701714911057,0.10624512691086742,0.005813529160052758,0.028040939018817213,1.5880375271951117
2023-09-01,-3.6611031619217114,1.3488006368713867,0.06392887241246019,0.0009856866190494135,0.024906103360610388,0.007030396084733931,0.09675989129393921,0.00699914796711714,0.02109496171283709,1.1086471657324002
2023-09-04,-3.6594300590809343,1.3489754417376851,0.06398019747608992,0.0009861552856010407,0.020109405755686538,0.007031671824093797,0.08320001401852022,0.008692691789209792,0.01702916652428854,0.8414876360967263
2023-09-05,-3.6576349108109163,1.34917351298916,0.06403392380573415,0.0009865919383364975,0.022129371712377832,0.0070318802497075904,0.08112061622671748,0.008950604384489125,0.0187391706563087,0.9345181927871613
2023-09-06,-3.656183572115661,1.3493269564887918,0.06408578998579331,0.0009870539042755406,0.017541798985359236,0.007031711437553602,0.08273602362371803,0.008747306918743208,0.014854766810197262,0.6839325993055213
2023-09-07,-3.6563906850822097,1.3493008341990054,0.0641451641653017,0.0009874076401440916,-0.0027249684272314667,0.007032512553960576,0.07600563899335998,0.009586272459267919,-0.002307298094210708,-0.3811723282673762
2023-09-08,-3.655956734334509,1.3493464610464174,0.06419679928501831,0.0009878729647975774,0.005232484141443727,0.007031776792844916,0.08293398240111675,0.008719920821304471,0.00443093718065235,0.055310082094806784
2023-09-11,-3.65638964199827,1.3492855913438546,0.06426049319461706,0.0009881551848927971,-0.006025322072385819,0.0070331433424362325,0.07184805369079614,0.010102315167795226,-0.0051013314995138614,-0.5417011040752289
2023-09-12,-3.657545795658242,1.3489186710464438,0.06434741448130718,0.0009878379070798482,-0.02681898592178822,0.0070375032417192085,0.043109521864234814,0.013681363586257298,-0.02269219428116287,-1.5973972547750772
2023-09-13,-3.6586214959272385,1.3486786766600716,0.06442630543561227,0.0009877871841441643,-0.019638720059382386,0.007035782485785051,0.054774459116682654,0.012220469849692996,-0.01662086123626061,-1.176509740158291
2023-09-14,-3.659122439291296,1.348589785927999,0.06449834613599262,0.0009879068207054708,-0.007946039056345278,0.007034778425597717,0.0630431540174321,0.0111867977796483,-0.006725940500652783,-0.5458415994053294
2023-09-15,-3.660125099510107,1.348370949691751,0.06457665185335096,0.0009878734022842513,-0.018057041626646786,0.007036082510959942,0.05552738037283205,0.012119163303301575,-0.015281585803686326,-1.0634947061868434
2023-09-18,-3.6619701778982163,1.3480030558681315,0.06465236659306459,0.000987907889313956,-0.03140517753870942,0.007035834651092006,0.058750770819079784,0.011714432219533747,-0.026578984083688084,-1.711758123086204
2023-09-20,-3.6637345793939535,1.3476979287040205,0.06472357605544367,0.0009880468624818405,-0.02758130924768043,0.007035333601379302,0.06397091160151215,0.011062823790230936,-0.023344411541017962,-1.4869379944316863
2023-09-21,-3.6643246497773716,1.3476214511375244,0.06478413132242862,0.0009883842654181498,-0.007879802913612899,0.007034157638471865,0.07488390127104638,0.009705517680392298,-0.006670463424409689,-0.4802663876000656
2023-09-22,-3.6655663943633314,1.347447133068199,0.06484782999833824,0.0009886688756401633,-0.017286023478947143,0.007034741008339387,0.07183517871951246,0.010084336026607691,-0.014631866643419755,-0.929430693043464
2023-09-25,-3.667192244401943,1.3472784399743174,0.06489893583353182,0.0009891425061995661,-0.01950026568362162,0.007033591114054619,0.08337578907846854,0.008650810025792072,-0.016508824835051783,-1.0095632845192086
2023-09-26,-3.6695669977081655,1.3470235960071457,0.06495152560747512,0.0009895965173940318,-0.02892545977066696,0.007033889893315742,0.08209906860773306,0.008810368761366757,-0.02448710558519096,-1.4265332673691062
2023-09-27,-3.6713425664748844,1.346835444963225,0.06500355553683025,0.00099005786495744,-0.021500706306412987,0.0070339749601917275,0.08258188086543924,0.008750923864520265,-0.018201394288480444,-1.0291582430494854
2023-09-28,-3.673086835675331,1.3467233232961116,0.06503202760566723,0.0009907623171563427,-0.01729523680965528,0.007032369230309969,0.10085257690560201,0.0064828061244451615,-0.014644602786191285,-0.8026995820561006
2023-09-29,-3.6745508491064642,1.3466329101842098,0.06505853131330464,0.0009914820074453793,-0.014320624660722814,0.00703232985268254,0.10223111531920764,0.00631348939335642,-0.012125941751694569,-0.6438214193968809
2023-10-03,-3.67534191997142,1.3465886552764073,0.06508020618894485,0.0009922368792916836,-0.007495621460157587,0.007032109186874065,0.10553772881412593,0.005904101219322021,-0.0063470919407038195,-0.31046131536761906
2023-10-04,-3.676136181049955,1.3465298034165876,0.06511554668251496,0.00099288188104632,-0.008283496661779743,0.007032880302589207,0.09588475869130533,0.00710471220338773,-0.007013474534085518,-0.3547720807627769
2023-10-05,-3.6771920067006203,1.3464066401203234,0.06517170530017019,0.0009932853096466436,-0.013374240651316427,0.007034578635978377,0.07894471755008628,0.009208993577665914,-0.01132097401293386,-0.5815361534973619
2023-10-06,-3.6781087095149214,1.346274803726803,0.06523630458184751,0.000993553116645371,-0.012923253428488657,0.007035559937688485,0.07093436798819829,0.010201486355574513,-0.010937698368246984,-0.5359259560393554
2023-10-09,-3.679447852893061,1.3460718911460021,0.06530286483713624,0.0009937853544101458,-0.019424714153639222,0.007035874272184214,0.06894018452718212,0.010446103824030398,-0.016439526899860724,-0.825266106477031
2023-10-10,-3.6794233239225456,1.3460750178700005,0.06536273818743644,0.0009941333457679493,0.0003247877161385304,0.007035151413592699,0.07552308568536194,0.0096269773857997,0.00027490263024709805,0.1369550166879938
2023-10-11,-3.6788479704933077,1.3461335617353833,0.06541296131167276,0.0009946179735423433,0.0068396054459425315,0.007034290856656415,0.08412085079837772,0.008559538389400519,0.005789798860693196,0.4327500743579452
2023-10-12,-3.67760650547118,1.346200150825081,0.06543259964673732,0.000995386774460071,0.011613445643623876,0.007032376809965752,0.10689893940386545,0.005733792686604653,0.009833581175657358,0.6461593545402631
2023-10-13,-3.6799592439252753,1.3460247524112336,0.06546824492287681,0.0009960291028639117,-0.024595928488969854,0.007033306972929794,0.09565560638015018,0.007131197097352163,-0.020823628037918596,-1.092012684389408
2023-10-16,-3.680066399654134,1.3460195833768047,0.06548275039570631,0.0009968301609117837,-0.0009718339359610084,0.007032207000212256,0.11026135730958586,0.005318845368180422,-0.0008229115595277392,0.09537305072601211
2023-10-17,-3.6787706219291287,1.3460764854258103,0.06549279139884548,0.000997656684913763,0.01145638961185913,0.007032004397486094,0.11310524248089539,0.004966839548352975,0.00970110912629707,0.7136726867504951
2023-10-18,-3.6769066794588756,1.3461493104563005,0.0654974139709593,0.0009985110914263902,0.016004471696877687,0.0070317477683945195,0.11646385494978652,0.004550292685039701,0.013552855487274584,0.9172399928723015
2023-10-19,-3.6747983110696216,1.3462207222217424,0.06549566345492328,0.0009993943612430346,0.01752672020561974,0.007031450688612111,0.12029451971157439,0.004074451158232739,0.014842548169532677,0.9732779102160098
2023-10-20,-3.6752839205991137,1.34619162501668,0.06552063690157259,0.0010001249950155084,-0.004701445530735704,0.007032397523491665,0.10328940882492418,0.006188991209631185,-0.003980895206666446,-0.24316227457741207
2023-10-23,-3.673233577640954,1.3462376247844832,0.06550244691918361,0.0010010655057064433,0.015813894855105204,0.007030809643400834,0.12965452072030473,0.0029088196313778315,0.013393258648040529,0.8541163432661264
2023-10-25,-3.6723955805133133,1.3462553622050875,0.06548220064527202,0.00100201163316094,0.006407715827436711,0.007030610752926582,0.13077938382540955,0.0027681347116484028,0.005427038942176665,0.3183428357558239
2023-10-26,-3.669673764330288,1.3462786695427134,0.06543814931633547,0.0010030010702159029,0.019014340801330576,0.007030111816567963,0.14314544014246897,0.0012257767897154472,0.0161054101664746,0.9857564526922541
2023-10-27,-3.6663242518511816,1.3463501340267814,0.06541822189135699,0.0010039464773575013,0.02564515634663156,0.0070301729733118195,0.13060994574697682,0.0027866659536822723,0.021721613863746825,1.3040314281712104
2023-10-30,-3.6653677911338605,1.3463888643858872,0.06542450501958104,0.001004792808254788,0.008284278682610946,0.0070306083899629255,0.11545491816066243,0.0046751637154843085,0.00701640324567343,0.3303390882538656
2023-10-31,-3.664834199283498,1.3464105518022806,0.06543097921367787,0.0010056383081710485,0.00462629038193807,0.007030380996517102,0.11533903112648877,0.004687863191226752,0.00391838203318251,0.10566737227394746
2023-11-01,-3.6637389943185297,1.3464411010835617,0.06542121341181033,0.001006552904165323,0.00876455283400901,0.007029683518655474,0.12495845318187847,0.0034855493325981705,0.007424150016847264,0.33418800916382685
2023-11-02,-3.6629343096239704,1.3464802885119793,0.06543618906638832,0.0010073512601462742,0.007317120087254381,0.0070302728484236306,0.1099728697853321,0.0053555808774857164,0.006197560155838389,0.24298138288964333
2023-11-03,-3.66032725897595,1.346604981277729,0.06545032171714392,0.0010081548284191196,0.023589262625580254,0.007030040880167746,0.11051853079939297,0.005285996757457665,0.019980633964474137,1.1203517225397732
2023-11-06,-3.6585230680609646,1.3467317108306096,0.06548304631613519,0.0010088228979519378,0.018444077996657704,0.007030807578120459,0.09781952317229042,0.0068710158839920595,0.015620843692243369,0.8090227011317422
2023-11-07,-3.656490507355903,1.3468642283268972,0.06551216781477606,0.0010095216154426298,0.02024314635247304,0.00703045618179868,0.1004073511928871,0.0065462894937487,0.017145385642512778,0.8872174795935865
2023-11-08,-3.6561848644323782,1.3468871475743027,0.06554806538863854,0.0010101611642373463,0.003200943742686313,0.007030753301208421,0.0954852531298098,0.007160153144823726,0.002710996336535487,-0.05034119814271789
2023-11-09,-3.6556887039354744,1.3469138761709047,0.06556794694985515,0.0010109286548867123,0.0046475779418369,0.007029775791823294,0.10675678882918004,0.005751080871925444,0.003936751093112534,0.016810321391788795
2023-11-10,-3.6551145492780175,1.3469422531650195,0.06558369463743444,0.0010117228494583867,0.005244452378068587,0.0070294984201985,0.1094784766962555,0.005410859336484766,0.004442511464981536,0.051945876106244175
2023-11-13,-3.6541849266741036,1.346990999931713,0.06560227937382768,0.00101249898553398,0.008638069435906282,0.007029523135830456,0.10761925576212968,0.0056432478408707755,0.0073171772405107305,0.2530990376566679
2023-11-15,-3.653801339512539,1.3470340504296072,0.06565672127336636,0.001012925141542321,0.00476558280019912,0.007031848751751349,0.08049113353955585,0.00903362709227969,0.00403551761650256,0.05261343201701882
2023-11-16,-3.6542301188080244,1.346927583756429,0.06573832644983268,0.0010127910310184672,-0.008385700823994036,0.0070356907376958,0.051132195684658155,0.012696216501499517,-0.007097172671111096,-0.6616546923747931
2023-11-17,-3.6550120004857027,1.346758811962395,0.06581627988229416,0.0010127638224232698,-0.013966987638256434,0.007035004966386578,0.055980695188471624,0.012083621637337305,-0.011822003651866808,-0.9482043515750219
2023-11-20,-3.6560788404545477,1.346528551915582,0.06589424339724566,0.0010127372704449179,-0.019061797463179708,0.007035119332836915,0.05596743806063767,0.012079660759053744,-0.016134114361380014,-1.2005666788269462
2023-11-21,-3.6567815071499616,1.3464091652854606,0.0659648167966885,0.0010128877912586823,-0.010863809811784364,0.007034053430620509,0.06467958364400578,0.01098938882305149,-0.009196641130504446,-0.7043704659889206
2023-11-22,-3.6570216570285794,1.3463658193552897,0.06603740324859876,0.0010129946972821141,-0.0038469574523771755,0.00703453301547567,0.06242592531648198,0.011267587621510271,-0.0032563783561645465,-0.2732496640346171
2023-11-23,-3.6570781138123185,1.3463583747272492,0.06609862102425154,0.0010133203455845762,-0.0007602850423129581,0.007033206037815534,0.0742573911061988,0.00979189070697264,-0.0006436886551401955,-0.06549251361022132
2023-11-24,-3.6560506568311713,1.346438340977648,0.06613637937806831,0.0010139433231089333,0.010920475094822635,0.007031319641412183,0.09408537377959714,0.0073225981199957265,0.009248204835770935,0.6563825953617397
2023-11-28,-3.655347319673572,1.3465003306763434,0.06618000793776353,0.0010145054270281535,0.007855417253641583,0.007031864991098908,0.08953530218564772,0.00789133112780285,0.006651988399271502,0.48593605447608035
2023-11-29,-3.65523503717482,1.3465146392468803,0.06623983711809854,0.0010148530794519572,0.0014857331397868379,0.007033446310329015,0.07557379972561788,0.00963064641533661,0.0012578399457598977,0.11766965861180434
2023-11-30,-3.6545173160966464,1.3465825978092583,0.06628677910959442,0.0010153773851937222,0.008262848224871888,0.007032327604537647,0.08686122008306336,0.008224592843583744,0.006996541748886642,0.5889653570660409
2023-12-01,-3.654853896965752,1.3465441970877605,0.06634199387567194,0.0010157944305576765,-0.00421790881279982,0.00703315785308796,0.07979804306912981,0.009104208555035982,-0.0035710799251944536,-0.1944897178597764
2023-12-04,-3.6544964309309305,1.3465831808450932,0.06639525983422433,0.0010162386144053803,0.004385208898625592,0.007033060396579584,0.08151630699592567,0.008889829021576645,0.00371277549112925,0.40173504463676346
2023-12-05,-3.65532229413292,1.3464816032895683,0.0664536418981148,0.001016609021504554,-0.010736395767769302,0.0070336593693793165,0.07692182924821447,0.00946104798314809,-0.009089289344048623,-0.5951671382801252
2023-12-06,-3.656579161466438,1.34620885799679,0.06653178586260065,0.0010165798042987432,-0.022551880075623032,0.007036521463605018,0.05573226397546409,0.012094126603357597,-0.019084354951548477,-1.3628407365780546
2023-12-07,-3.658248286536056,1.3458681476677448,0.06660819478711955,0.0010165968335828517,-0.028826290507413255,0.007036351040154618,0.057902874086041334,0.01181943021622956,-0.02439461732452486,-1.7196753953852268
2023-12-08,-3.658943734294928,1.3457320962691182,0.0666833445002156,0.0010166457725131902,-0.011702302788645369,0.007036311300592004,0.05942828274333145,0.011626036437767459,-0.009903279458107761,-0.5513189317855872
2023-12-11,-3.659992566883687,1.3455263738403043,0.06675858170568556,0.0010166930847342296,-0.01768012782022854,0.007036522957061365,0.05932268134166648,0.01163579985992074,-0.01496166892359696,-0.9327472679750927
2023-12-12,-3.66187243247083,1.3451119070236581,0.06683719834978923,0.0010166536390517095,-0.03410303815688209,0.007037338002857638,0.05512311186162122,0.012153369290427775,-0.028856085031009115,-1.9900003108374353
2023-12-13,-3.663444295572481,1.3449600142525926,0.06688511521465287,0.0010171672969239395,-0.01826667407056437,0.007033745326266997,0.08605086484701556,0.008315294315691895,-0.015464133454601736,-0.9533509473616569
2023-12-14,-3.6639014506111627,1.3448797862305435,0.06695683459648683,0.0010172963051630274,-0.007211075367439257,0.007036585123341745,0.06339623639852969,0.011125666833462406,-0.006102261824796784,-0.22635676259450646
2023-12-15,-3.6641011786726447,1.344423416802827,0.06705639758647339,0.0010160146694757036,-0.025361887289839125,0.007046546966879993,0.007875126137082683,0.01799430075928055,-0.02143176635325439,-1.3971918477935568
2023-12-18,-3.6647376362895705,1.3439384257173177,0.06715317280034304,0.0010151421365941873,-0.02974610457214144,0.007044045317072094,0.021396334951426555,0.016304356233710345,-0.02514552502231915,-1.6906218196877318
2023-12-19,-3.665370842322478,1.3437522577255807,0.06723869212755587,0.0010148904123041473,-0.013961783942566086,0.007040126750533242,0.04535280273009297,0.013334112066402233,-0.011809001657500318,-0.6864287135433064
2023-12-20,-3.6662096596742355,1.343606462515244,0.067310155375086,0.0010150283150728457,-0.013172965188529062,0.007037798446576661,0.06367718579323588,0.0110677594793716,-0.011145497732698573,-0.6267026516716132
2023-12-21,-3.667134067056105,1.3434546117029764,0.06737969487248571,0.0010152063667873954,-0.014051244543017205,0.007037847296185665,0.06578829220711971,0.010806929720902353,-0.011888517500770135,-0.6905462022145963
2023-12-22,-3.667568904785453,1.3433680019078627,0.0674554680252198,0.0010152452492865954,-0.0074120344721499976,0.0070391030606417795,0.05866644724625425,0.011685023246879723,-0.006270076728347007,-0.26455794034016433
2023-12-26,-3.6681811920046914,1.343283894225303,0.0675184055494564,0.0010155458980095988,-0.008437219221177017,0.0070375696353006745,0.07256978907242957,0.009968649664642658,-0.00713886841442779,-0.365354093730224
2023-12-27,-3.6680242729084496,1.3433064737473164,0.06758312787989358,0.0010158154693926439,0.0022164162937077236,0.007038027507732425,0.07079856644598259,0.010187401201434524,0.001875223871884657,0.3450192419505912
2023-12-28,-3.667789926652562,1.3433347163983864,0.06764076444981354,0.0010162001706902181,0.00302043933088747,0.0070374498325389,0.07758681112745226,0.00935051096081923,0.00255568635157033,0.3803943885115193
2023-12-29,-3.668433703354447,1.3432653262391607,0.06769360242013381,0.0010166522499447355,-0.007863902030515568,0.007037171978978876,0.0818647917263728,0.008823883989965847,-0.006654151405765418,-0.39377408270584885
2024-01-01,-3.669014625696821,1.343196099583528,0.0677507580020885,0.0010170438281107343,-0.00744539611408257,0.0070377478872158256,0.07802437015742426,0.009297914385220237,-0.0062995111935961745,-0.3642616443494963
2024-01-02,-3.669673525884441,1.343137030887457,0.06779521328605535,0.0010175974342054943,-0.007416259989736496,0.0070367704040385955,0.08884534637837718,0.007964755301544427,-0.006275730914802935,-0.36345272545278423
2024-01-03,-3.670001035134463,1.3431249476033702,0.06779707039334361,0.0010184638418258818,-0.0027727934715082725,0.007034719076707512,0.11811527017336416,0.004357801693876467,-0.00234705632790444,-0.04828079326444382
2024-01-04,-3.6673282249277737,1.343209443827794,0.06779210411867226,0.0010193589387676879,0.021880703031558646,0.007034546189669129,0.12215376273945623,0.003861677767024727,0.018521575871911722,1.631401986753716
2024-01-05,-3.66678045376569,1.3432509786414515,0.06782853256672017,0.0010199934373908833,0.005762884266961699,0.007036298908194277,0.09505156388860872,0.007207296161692927,0.004876950710132277,0.48360555654339843
2024-01-08,-3.6644999280586052,1.343349898242757,0.06783783463092756,0.001020822792938812,0.0200847200587031,0.007034917755104998,0.11354530710010101,0.004925117254133182,0.017000414375264228,1.4442603819445536
2024-01-09,-3.6626841763044427,1.3434483478948755,0.06785786065249362,0.0010215876867138746,0.017030332945581428,0.007035290477635213,0.10661868795899919,0.005780841304351754,0.014414309861354724,1.20828029506588
2024-01-10,-3.6626990988913466,1.3434472787063674,0.06789153069138595,0.001022247176554813,-0.00015369160783240687,0.0070359349741467205,0.09709435091664335,0.0069567136628100055,-0.00013007118164409803,0.04391582353724228
2024-01-11,-3.6649576862867908,1.3432468602295924,0.0679354527919265,0.001022805612765582,-0.02530004527769414,0.007036562252028584,0.08927206930477317,0.007921664747047549,-0.021409844497638275,-1.6871339357127701
2024-01-12,-3.66482463083177,1.3432873957305098,0.06802167590861681,0.001022526947996399,0.003008249568656751,0.007042280787821292,0.04423019167265419,0.013474779931769303,0.002543626112389674,0.2575288018578595
2024-01-15,-3.663946494729643,1.3435462354852896,0.06810725366841583,0.0010222738904418205,0.019404347043736614,0.007042180078159156,0.04525460713248185,0.013339266412641278,0.016407584731304325,1.3621857522627958
2024-01-16,-3.6627306518793215,1.3437481203733586,0.06817716843265463,0.0010224444099979975,0.018598121791172595,0.00703941717391254,0.06537449662785791,0.010855122379331828,0.01573204328990485,1.3001671362186622
2024-01-17,-3.6619232965219917,1.3438932226654925,0.06824974476652597,0.0010225585918045496,0.01293562442398688,0.007039970598496199,0.06241332701594371,0.011217262296585628,0.010941309445641423,0.9263458190713159
2024-01-18,-3.661542306801408,1.3439633091198355,0.0683230788237263,0.0010226561928029713,0.006190551622715645,0.007040266932535861,0.0615437434017272,0.011321520054190367,0.005235919640503184,0.45310392799228233
2024-01-19,-3.661904753745593,1.3438587258891344,0.0684082457019771,0.0010224211904544117,-0.00789767742157732,0.007042753020786248,0.04589285239663971,0.01324227682627702,-0.00667743518670072,-0.48431687041859517
2024-01-23,-3.6609439123472223,1.34397114559231,0.06846466028992075,0.0010228245363788542,0.012210240679791262,0.007038598490270826,0.07869143807795416,0.009207001411663869,0.010329773081291904,0.8876047688618881
2024-01-24,-3.6578438723715685,1.3442720194795135,0.06851280991156966,0.0010233361243679611,0.036117491660177414,0.007038052526657023,0.08583209500874135,0.008330420341320963,0.030557500404899685,2.4143381339088994
2024-01-25,-3.6541880395865816,1.3445374868212527,0.06854718491645473,0.001023990090314832,0.03785755314895578,0.007037229573545836,0.09656812130996291,0.007012268877883332,0.03203343935740044,2.446325177548737
2024-01-29,-3.6514408449135445,1.344724824144907,0.06857847420024528,0.0010246705731256146,0.027801971976010087,0.007037149971351918,0.09881294303179215,0.006738274674040766,0.023525103535670056,1.737818562757106
2024-01-30,-3.6494257237074867,1.3448656229365323,0.06861094214733893,0.0010253408833639645,0.02057067761453002,0.007037279516079498,0.09796085689634772,0.006844635566398561,0.01740590245876028,1.2518420609459853
2024-01-31,-3.6477943766764045,1.344998899590017,0.06865097809399683,0.0010259406563243286,0.017673360978155195,0.007037794216749503,0.0923054213116927,0.007541104018039202,0.014953240996179673,1.0556785017177244
2024-02-01,-3.64785592237158,1.3449920235607562,0.06870536874773,0.0010263713658504657,-0.0007645844906818411,0.007038975488593666,0.08049561026358242,0.008993158172478286,-0.0006467981665245759,-0.06771401295128887
2024-02-02,-3.648703552050697,1.3447647051981044,0.06878894980355506,0.0010261904962159784,-0.017555730056830754,0.007043211100727036,0.04828222331814664,0.012948385622011104,-0.014842290849209405,-1.0653468283726484
2024-02-05,-3.6498072995984425,1.3445067537284232,0.06886921732940345,0.001026112746164122,-0.020851934672781347,0.007042628023544928,0.05293262064484627,0.012370625255123007,-0.017630488831185787,-1.2273472222567174
2024-02-06,-3.650339468754075,1.34368868464296,0.06896830787616949,0.0010249636248310953,-0.04685533573540557,0.007050161751350128,0.011357706593707608,0.017459464810640306,-0.039574252623358674,-2.632456824934402
2024-02-07,-3.6520241497989177,1.3430806456710918,0.06905761069753144,0.0010245701577885373,-0.04323465078818867,0.007045272254559248,0.03896599172493011,0.014063695688143939,-0.036541546524587076,-2.2695772839709587
2024-02-08,-3.653781314071518,1.3422774758405374,0.06915017390582687,0.0010240164273919872,-0.054089440793786636,0.00704670144590287,0.032486271753101446,0.01484892094958844,-0.04570664758227849,-2.6520171800109527
2024-02-09,-3.6562501332973434,1.3414672393917753,0.06923788464714618,0.0010236927850336762,-0.05911283170354409,0.007045480746005566,0.041764523110765506,0.013706608623074216,-0.049960166882682344,-2.6831829679394845
2024-02-12,-3.6583433499282676,1.3409836706133826,0.06931791751179119,0.0010236271612265805,-0.039315891648718626,0.007044070076079467,0.05324098076235424,0.0122995755180451,-0.0332351168860221,-1.631065665852649
2024-02-13,-3.6603767343481106,1.3404813701308649,0.06939964820988202,0.0010235123273420335,-0.03992926694234633,0.007044750941858594,0.05092466192226582,0.012579757180191447,-0.03375036252194086,-1.5921860461306083
2024-02-14,-3.662425059746612,1.3401929779259991,0.06946364910912203,0.0010237987175726285,-0.02864910659996145,0.0070423226528729494,0.07149700781608927,0.010066359446833567,-0.02422411464525709,-1.029951601595969
2024-02-15,-3.6638384813431046,1.3400053302566095,0.0695253406553468,0.0010241235096539337,-0.019163853909056172,0.007042338242130702,0.07375455914036684,0.00979175015005868,-0.016203868866980997,-0.5770624247696442
2024-02-16,-3.6644896118363497,1.3399082064950751,0.06959152021924857,0.0010243710311074123,-0.00939638076688265,0.007043108018000737,0.06929588204214712,0.010336294786684913,-0.007944178738732433,-0.12479331382143544
2024-02-19,-3.664576337369862,1.339898387347892,0.06964658086256378,0.0010247949542476632,-0.001085638145092993,0.007042114456110657,0.07988438312018532,0.009044585645423068,-0.0009179832643138042,0.2599760715262373
2024-02-20,-3.663068041728384,1.3399889925334318,0.06967158531737004,0.001025524328805915,0.014613734048325,0.007040198647542375,0.10321083143367307,0.006200002356700603,0.012360300655403833,0.9790424921736615
2024-02-21,-3.6622014534793874,1.340027204449983,0.0696814566884288,0.0010263490881724266,0.007658733779217108,0.007039650858724758,0.11315032928131219,0.004989325605606327,0.006478263400362394,0.6446588028472856
2024-02-22,-3.6629994468006855,1.339940816185412,0.0697345200867422,0.0010267990122588906,-0.00977460546710951,0.007042252672432341,0.08163944048514782,0.008838030840384058,-0.00826495289019391,-0.1543366523935734
2024-02-23,-3.6629452976468135,1.3399450947693303,0.0697729500351054,0.0010274146096936438,0.000579067329721461,0.007041161323511762,0.09351098066260284,0.007388750320849331,0.00048970835905493,0.3384728170325448
2024-02-26,-3.6621353022646943,1.339986671048876,0.06979015669981593,0.0010281964766093033,0.0074691772029416015,0.007040051213352758,0.10844506163278475,0.005566380126733848,0.006317564626710848,0.6566999913177042
2024-02-27,-3.664079454776971,1.3397391952135689,0.06985010182038279,0.0010285474531951503,-0.02577988950397625,0.007042986731731705,0.07541353162032538,0.009599569279338594,-0.02179600656867997,-0.876223809663021
2024-02-28,-3.6656976482104446,1.339524021072182,0.06991181929354695,0.0010288705604117247,-0.021949024372614367,0.0070432023881817005,0.07372507342479925,0.009803357895733354,-0.018556574151411098,-0.6802500268124526
2024-02-29,-3.66646517648095,1.3394448569410304,0.06996273481992735,0.0010293483899805754,-0.009193407096914186,0.0070422000756800605,0.08348681423701443,0.00861096765508641,-0.0077735765718749406,-0.07464053610305746
2024-03-01,-3.6680859506937056,1.3392842452452032,0.07001183933314081,0.0010298485988194663,-0.019064882480432033,0.007042105078436554,0.08501359577848755,0.008424478671296068,-0.01612071797393,-0.5289246645136589
2024-03-04,-3.670093216462543,1.3391103422428525,0.07005468632946525,0.0010304196124799989,-0.02228042181439438,0.007041677325475059,0.09009101288831452,0.007805193447379059,-0.018840830268366915,-0.6794571308681495
2024-03-05,-3.6717616241655042,1.3390306693254372,0.07006836649533181,0.0010312227659946525,-0.015067368893647348,0.007040136294266934,0.1107298636369495,0.005287779039431253,-0.012744098015362582,-0.35608308627614016
2024-03-06,-3.673903719326499,1.3388558950278964,0.07010832983714614,0.0010318231028322996,-0.023198691718354425,0.007041512868326833,0.09233689498532717,0.007533799735898052,-0.019617798306587275,-0.7264182609360814
2024-03-07,-3.6766630551245596,1.338538109983371,0.07016408300519471,0.0010322362354398796,-0.03481253411241614,0.007042783636728597,0.07926271006730333,0.009128466301792785,-0.029433644511328794,-1.242381122800141
2024-03-11,-3.6800413404708956,1.3381277231466446,0.07022210603474242,0.0010326167868377409,-0.04375931287747559,0.007043028093488485,0.0772015172129229,0.009378274240171843,-0.03699677104880905,-1.6315922975541022
2024-03-12,-3.6831113117859706,1.337528603194842,0.07029736962295252,0.0010326746898131254,-0.051810163153174216,0.007045275600445795,0.059254229831297724,0.011563753428674637,-0.04378947334323691,-1.9142565022126923
2024-03-13,-3.685481589968469,1.337237470638259,0.07035587406759425,0.001033048675170407,-0.03088049546652183,0.007043223387289145,0.07675648161371686,0.009427716498218237,-0.026107515566195616,-0.9600593148379848
2024-03-14,-3.6866755270630645,1.3370225468583588,0.07042860979236648,0.0010331651884906996,-0.019192322956198105,0.0070450836196127836,0.062209097737687624,0.011198424515405082,-0.01622161686244894,-0.4505207794910146
2024-03-15,-3.688684359989923,1.3366728716695324,0.07050024835345037,0.0010333058381360749,-0.03166080515304959,0.007045057376369251,0.06344857362747656,0.011044418710644315,-0.026760250182942258,-0.9985227252431002
2024-03-18,-3.6908445993985386,1.3364701045045089,0.07054688626503901,0.0010338357012707497,-0.024817090798146424,0.007042563772201215,0.08704644014023967,0.008170464728230123,-0.020983253630220133,-0.6865120532965867
2024-03-19,-3.6893649519448646,1.3364885937363666,0.07050932384473654,0.0010348142219252733,0.010584817293127102,0.0070396333168033665,0.139789607387437,0.0017467691076605717,0.008953360609943672,0.8476993950560519
2024-03-20,-3.6884330913819254,1.3365052833014088,0.0704821850007143,0.001035773440121533,0.006934106894679104,0.007039753594573607,0.13438797196136265,0.0024068802652942273,0.005865240474870248,0.6704707617560597
2024-03-21,-3.68779493626106,1.3365217215326335,0.07046818597505848,0.0010366977988549323,0.005014859258962723,0.007039894009456885,0.1272528475699025,0.003277904797678153,0.0042417530161102945,0.5761691408614038
2024-03-22,-3.688450482439257,1.3365141877458953,0.07042855942780062,0.0010376793577022442,-0.0046546388371240255,0.007039363578015342,0.14083717365317514,0.001618554522004765,-0.003937361957191854,0.15326317845042944
2024-03-26,-3.688920181100631,1.3365100442095803,0.07038321738603051,0.0010386680468608936,-0.003268757011447576,0.007039112196812943,0.14369335491413332,0.0012676183333355,-0.0027651423834935684,0.21773041976539825
2024-03-27,-3.688331756860137,1.336513379528261,0.07033067759944368,0.001039663145951253,0.003997134908834354,0.007038816390268619,0.1472115037181514,0.0008344273478105055,0.0033814418135698077,0.5329197635450901
2024-03-28,-3.6882495505799495,1.336515455338812,0.07031594960292734,0.0010405899924956835,0.0006439101299848815,0.007038983232108803,0.12766731933464706,0.003223758183403275,0.0005447134206750803,0.38044986755262805
2024-04-01,-3.6899018499169918,1.3364337082720275,0.07033129027661406,0.0010413827677058485,-0.015066953938501548,0.0070396046931042846,0.1096637942736523,0.005425586825206033,-0.012744709396924847,-0.2961304710350716
2024-04-02,-3.691063752073381,1.336389059322297,0.07033463504328354,0.0010422400398461967,-0.00991539808764319,0.0070389287374275685,0.11718159433630455,0.004502991139216397,-0.008387959705190795,-0.07080141335242221
2024-04-03,-3.6940202390868073,1.3361564225377607,0.07037279606155422,0.0010428571559053495,-0.03154577512368473,0.007040326243816662,0.09372053791146998,0.007374578168519793,-0.02668094252754294,-0.9807314668553789
2024-04-04,-3.6971862348580027,1.3357633273199827,0.07043166582655873,0.0010432230875915614,-0.041426034293532865,0.0070418577965673124,0.0764252679549783,0.00948908637965695,-0.03502989684753466,-1.3590100651971286
2024-04-05,-3.6999514289731597,1.3354968882031122,0.07047943931711984,0.001043738205969552,-0.03210628882140032,0.007040766947301361,0.08612624556326458,0.008298658195991062,-0.027153316872752242,-0.9279730572348229
2024-04-08,-3.702314595192004,1.3352863988114583,0.07052356383663633,0.0010442949106387234,-0.026526716321788157,0.007040438629571998,0.08908627024081761,0.007934996141269796,-0.022435539877861288,-0.662992493929206
2024-04-09,-3.702456128609698,1.3352763794704288,0.07055662544529004,0.0010449594546100116,-0.001451436176662213,0.007039684090901455,0.09751267053288064,0.006903053121226713,-0.0012277148866441934,0.4421187124729835
2024-04-10,-3.702974343168036,1.3352250009013487,0.07060571786263727,0.0010454590431287277,-0.006094362180684598,0.007040763821920891,0.08503179544862075,0.008430507993608047,-0.005154199596447029,0.24334543459967256
2024-04-12,-3.705040281896236,1.334997586582359,0.07065948962260261,0.0010458988882819061,-0.02549680800106735,0.007041158372871831,0.08102734774146485,0.008919325077092432,-0.021562268494260906,-0.6083095367150435
2024-04-15,-3.706311423604293,1.3349164250307581,0.07068748337143371,0.0010466053377000903,-0.012568288554471785,0.007039382263461513,0.10113880681110514,0.006457645466121253,-0.010631495073385011,-0.029583321361020102
2024-04-16,-3.7092795097342255,1.3348177731833997,0.07068438177619168,0.0010474914379344058,-0.02452300320639811,0.007038169081919953,0.12103273424350824,0.004022828954841375,-0.020747544643770155,-0.5318489352469443
2024-04-18,-3.710915345557165,1.3347611963139618,0.07068303320526627,0.001048370206281564,-0.0136320232442948,0.007038155148193959,0.11999948896976743,0.004150291444189992,-0.011533317041052982,-0.02128617921960404
2024-04-19,-3.71151956827718,1.3347455725216388,0.07066941914464824,0.0010492942417448007,-0.004755518779441914,0.007037749115142576,0.12705716201292383,0.003285402297342798,-0.004023619173048942,0.40013292479282675
2024-04-22,-3.7117641860446526,1.3347334473821235,0.07068493252189469,0.0010500866617759327,-0.0022327169268825386,0.007038486524084521,0.10956058268165014,0.005430665826655215,-0.0018888920129480624,0.5250555521834716
2024-04-23,-3.7116251656499344,1.334741685667472,0.07070921226451736,0.00105082075542637,0.001340355083163658,0.007038737650286278,0.10371907896997785,0.006146345436442992,0.0011339080437089422,0.6806642276276679
2024-04-24,-3.710682281900399,1.334779727596593,0.07071491957067061,0.0010516672630514476,0.008145907868889246,0.007037861717225481,0.11574937560204411,0.004670066214002746,0.0068920990966514495,1.0005634725011696
2024-04-25,-3.7101645023180425,1.3348088773219018,0.07073668075596057,0.0010524192917885785,0.004910994445835648,0.007038357246957735,0.1054327362954455,0.005935605431922433,0.004154807291488538,0.9111015821354017
2024-04-26,-3.709126329179284,1.3348545525830529,0.07074648359961692,0.0010532447034033894,0.009170437155777478,0.007037742098930993,0.11320868581538841,0.004980707067206367,0.007759065889970884,1.1907272576247492
2024-04-29,-3.7096985504433326,1.3348104902443243,0.07078362459415422,0.0010538719903439016,-0.006055272082775787,0.0070389332205390035,0.09449967833423649,0.007276690151358843,-0.005122471678513207,0.471468561770427
2024-04-30,-3.709464418354792,1.334821971752504,0.07079865951493698,0.0010546676677151902,0.002130867220259347,0.007037709972652802,0.10987643261626742,0.005388185650743199,0.0018029254611846568,0.9368488284749887
2024-05-02,-3.711085780116172,1.3346940908350482,0.0708369678790323,0.0010552838916189223,-0.01731873210631818,0.007038799962200585,0.09361896421900195,0.007383965331340624,-0.01465109957964117,-0.07429137851510732
2024-05-03,-3.711729051986324,1.3346512914822286,0.07086698452217549,0.001055974092589098,-0.00645102642255857,0.007038227341226997,0.09971620452565229,0.0066345027932147565,-0.00545780831496856,0.5303874388871721
2024-05-06,-3.713611611158788,1.3344030163116443,0.07092830320736092,0.0010563013165215285,-0.025398148104813778,0.007040573860451191,0.0741219070262403,0.009775325726889383,-0.021480616483152914,-0.5065377189862564
2024-05-07,-3.7154127231033174,1.3340478192323137,0.07100381146537235,0.0010563487900914358,-0.030541611754832942,0.007042423971200305,0.05897239343448898,0.011629938923384753,-0.02582394176927849,-0.7767420016712827
2024-05-08,-3.717655375145896,1.3336690336990629,0.0710743494016334,0.001056508312497273,-0.03467130448627387,0.007041735960963888,0.06468323231005618,0.010925044178850237,-0.02931859769308076,-1.0299114485946241
2024-05-09,-3.7187770501870485,1.3335210517647271,0.07113572208326957,0.0010568359896868666,-0.015143564828033362,0.007040713761181376,0.07406941852134269,0.00977193520919788,-0.012807494596124513,0.03097426901832133
2024-05-10,-3.71882797306042,1.3335174515688641,0.07116876565725776,0.0010575013181957711,-0.0005221064623475158,0.007038572672575652,0.09753350522079614,0.006895520593432585,-0.0004416998161094199,0.8403824614311557
2024-05-13,-3.720408711402424,1.333338087551995,0.07122385831115456,0.00105792313154828,-0.01979226939871115,0.007040258448292524,0.07986645240928593,0.009062326975040648,-0.016740165218941172,-0.3536729865635615
2024-05-14,-3.7204115784051894,1.3333378778419882,0.07125855460555426,0.0010585737339545518,-2.9765198605424814e-05,0.007038808847495761,0.0963206328149747,0.007045476476685048,-2.518038477639095e-05,0.8554506632642768
2024-05-15,-3.720026804457174,1.3333616588126656,0.07128496651422685,0.001059292637495714,0.0037630397476666744,0.007038398158425141,0.10225083278861276,0.006319617190334543,0.0031835943362903407,1.0662393242815154
2024-05-16,-3.7191961203988293,1.333443374989104,0.07133370344931346,0.0010597965607251245,0.00973452749435122,0.007039836428415747,0.08533378315762827,0.008394467680705902,0.008233889918574988,1.3990009054403019
2024-05-17,-3.716501627681802,1.333585126430139,0.07135218443026228,0.0010605709499269247,0.02503652782376342,0.007038062424705499,0.10762246011085305,0.0056617851338218355,0.02118233016759241,2.233260333702102
2024-05-21,-3.7144197550838713,1.3336876760726863,0.07136744972451683,0.001061365350769957,0.018973413111867288,0.007037913962505769,0.10972578237010239,0.005404912755684139,0.01605292801487046,1.781849111981652
2024-05-22,-3.7117109218641477,1.3338503403508029,0.07139241761798856,0.0010620947886542575,0.026235691296703223,0.007038297665223152,0.10324992732567961,0.006200114046051623,0.022196148959107376,2.108442471886239
2024-05-23,-3.710644994702382,1.3339648651428766,0.07144509854646672,0.0010625485528287257,0.013001631120388879,0.007040067722057746,0.08198411044706026,0.008808494181483578,0.010996988023151744,1.3521976853297135
2024-05-24,-3.7085803129404975,1.3341109625996914,0.07147815039831204,0.0010632133423103853,0.021170375039244682,0.007038650952125752,0.09752693365408503,0.006901033002203867,0.017909846823574327,1.776705732824436
2024-05-27,-3.7063363201900357,1.3342698837687914,0.07151124287614932,0.0010638777627118962,0.023015902426587687,0.007038628813736911,0.09749749146788525,0.006904841972064601,0.019471198914436272,1.7978915997054192
2024-05-28,-3.70445301276547,1.3343977994126295,0.07154228412570567,0.0010645596402985198,0.019026816296019433,0.007038485113964018,0.09898174215093783,0.0067229136944391005,0.016096804794617725,1.5340751356239517
2024-05-29,-3.7025102828057435,1.3344937426481513,0.07155767831651713,0.0010653532905097805,0.017718547427443276,0.007037712785223623,0.10964386147802312,0.005414847685161979,0.014991646228230238,1.4384939157730734
2024-05-30,-3.69959613341381,1.3345621058391628,0.07154042577562841,0.0010662887632397707,0.022575414852375353,0.007036717543978494,0.12908508707324368,0.0030282141638852023,0.01910373872865634,1.6276668137609798
2024-05-31,-3.6926447890437992,1.3346125514614053,0.07149218204934915,0.0010672809562127644,0.04789063269198124,0.007036227358274684,0.14515039746331015,0.0010533505073329979,0.04052877332276417,2.7173114968850984
2024-06-03,-3.68907222837349,1.3347075816016551,0.07147980958711352,0.0010682014459091752,0.02827016360775403,0.007036510094545219,0.12637212574635953,0.0033614994793917216,0.02392344703552851,1.6776285906648407
2024-06-04,-3.6878075059751043,1.3347561801349461,0.07148330630647655,0.001069058951448405,0.010799640782996,0.007036720124120408,0.11710782088017713,0.004500013867812715,0.00913885488183297,0.8118360924753268
2024-06-05,-3.6853683994968014,1.3349042769544424,0.07150879947506551,0.0010697842720810132,0.023704926863925557,0.007037393157926811,0.1028944949842776,0.006247512187927732,0.020057627154661972,1.377774713262387
2024-06-06,-3.68392601859439,1.3350958731052938,0.07157037263186329,0.0010701062429694396,0.01952294571041513,0.007039883534003255,0.07388131503340256,0.009813895592056783,0.01651325247608959,1.1410442797760179
2024-06-07,-3.6819327023599593,1.335519009289613,0.07164800780422333,0.0010700984450006897,0.03537045433852981,0.007041974120085144,0.05635540373196174,0.011962984141211901,0.02990879820223391,1.7979755912664992
2024-06-10,-3.680489913306813,1.335714368482561,0.07171037843546849,0.0010704085405274979,0.019734340991390376,0.007039900356719887,0.07311057682521907,0.009899453598843063,0.016692018783817986,1.047727502437535
2024-06-11,-3.67921519391053,1.3358656471967558,0.07176736764237027,0.0010708027758976491,0.016307733850517536,0.007039397546344808,0.0781665563080333,0.009276501295735281,0.01379465588583173,0.8644986408950666
2024-06-12,-3.6780132708666953,1.3359790360672836,0.07181418662066856,0.0010713294674981175,0.013827421673950901,0.007038591606374311,0.08692314967865761,0.008200290206046325,0.01169790765243306,0.7278136704271052
2024-06-13,-3.677907254662931,1.3359935060855637,0.07187688354621447,0.0010716345419332434,0.0014564295216024092,0.00704010402092777,0.07279185308436092,0.009935268453088827,0.00123186508499451,0.08787820205182797
2024-06-14,-3.676654898124431,1.3361005841267268,0.07191910109579602,0.0010722121254896609,0.013821870609088016,0.007038394842258388,0.09060687760141259,0.007747000691259637,0.011693538381466695,0.6893879299352953
2024-06-18,-3.6743572436542142,1.3362684627361672,0.0719537461991405,0.0010728632267329758,0.023843469555854035,0.007037973032899402,0.09636409939562303,0.007040863287409371,0.020173191066211515,1.1655019107662068
2024-06-19,-3.670992275249888,1.3364897132384337,0.07198321795662471,0.0010735583181771746,0.03361363226168734,0.007037719760837883,0.10010725345389145,0.006582165846998731,0.028440434290669003,1.6068373492177606
2024-06-20,-3.6672398559047075,1.33671235279772,0.07200762687236345,0.00107429221349901,0.03620633053739031,0.0070374750163539595,0.103639868760111,0.006149188718706364,0.03063517704857155,1.678044248349344
2024-06-21,-3.6640632721982413,1.3369587700526042,0.07204515804768252,0.0010749163025655757,0.03371776340060695,0.007038177977082922,0.09421098513340563,0.00730823251698038,0.028526682128539704,1.5018823349241748
2024-06-24,-3.661968991418576,1.3371315875673824,0.07208566082979898,0.0010755111651482136,0.022778342785307437,0.007038353783704748,0.09194175359482519,0.0075869222097092945,0.019270979086634554,0.944463953124123
2024-06-25,-3.6601550227250907,1.3373119043985713,0.07213485919399934,0.001076009180246448,0.021352351403414183,0.007038976869233196,0.08495404834875303,0.00844482313831093,0.018062959945133628,0.8498019832158727
2024-06-26,-3.6592537742229987,1.3374127110310017,0.07218930620962478,0.001076439270693699,0.01120352871039021,0.00703942823518105,0.08044327152535734,0.008997757317016155,0.009476985025512974,0.3474690507774257
2024-06-27,-3.6590500387427793,1.3374548947161666,0.07226625309303003,0.0010764509785427183,0.0035608674697638065,0.0070421931502988675,0.057215125794272646,0.011846463122584475,0.0030109297748062147,-0.02167509383848016
2024-06-28,-3.6583976822353788,1.3375454685104375,0.07232963053508823,0.001076745012519716,0.009045040882892152,0.00704043908557597,0.07212311318951832,0.010013641225462163,0.007650037035102031,0.23659421309635573
2024-07-01,-3.6585140824777285,1.3375173574036343,0.07241074591648548,0.0010766435839446777,-0.0022479293298953706,0.0070431308463583,0.05178109507352242,0.012505333877426606,-0.0019005077540121817,-0.32146057518318777
2024-07-02,-3.658339227513932,1.3375679462026535,0.07249599873299017,0.0010764091669516894,0.0038215366179228383,0.007044159864846017,0.04575514545020636,0.013237816113524117,0.003230439192012824,-0.03768563883694862
2024-07-03,-3.656636142444921,1.3378230763405228,0.07256229592357291,0.0010766528271610116,0.024616589195180616,0.007041240492896507,0.069184445314799,0.010364154670108466,0.02081763784577184,0.9507981582170905
2024-07-04,-3.6557325502918125,1.3380202020911498,0.07264076135298829,0.001076627935322917,0.016341392173806035,0.007043190251238099,0.05529468624813871,0.01206297165691051,0.013815683695609593,0.5141575989919824
2024-07-05,-3.6547804758811373,1.3381846543887455,0.07271209874474727,0.001076772762651862,0.014923480057218441,0.007042293834731716,0.06379707729195558,0.011019701635615397,0.012618528605671031,0.41345721969213994
2024-07-08,-3.652752618949538,1.3384527107787145,0.07277358648381362,0.0010770998220671888,0.02741981925217818,0.0070413116632224325,0.07395588252969346,0.00977600864191574,0.02318802547824106,1.0614545651844007
2024-07-09,-3.650927226769454,1.3386634723833124,0.07282946612264017,0.0010775116428429138,0.02305961684970015,0.007040943534096912,0.07915969254742043,0.0091398571785294,0.019501767490305966,0.7960825749870765
2024-07-10,-3.6467116718234847,1.3389009721896454,0.0728513259139905,0.0010782636200591946,0.04001006751535652,0.007038881054184121,0.10536235522101042,0.0059360011387622836,0.033846861680865814,1.6554944822127815
2024-07-11,-3.643596394464854,1.3391142428257365,0.07288277404435554,0.001078942336875284,0.031568672160738664,0.007039446238755429,0.09868255917665744,0.0067557683454432535,0.02670364631769573,1.1708707500244329
2024-07-12,-3.644013997970468,1.3387101191284645,0.07298067273940814,0.0010779744984037451,-0.02418921568043242,0.0070502478585248865,0.01726403663231616,0.01670677142289319,-0.020430083908154373,-1.8546373462656698
2024-07-15,-3.644626458780378,1.3384379854512165,0.07307290814404319,0.0010774415526032055,-0.018451833602720846,0.007047600516540631,0.033192409117504734,0.014748327082672513,-0.01559017533678464,-1.5654565916082959
2024-07-16,-3.644921957358981,1.3383333519940077,0.07316193246488799,0.0010770654153206378,-0.007487496719630116,0.007046831726537743,0.03946560374824347,0.013974424447423806,-0.006326965887518909,-0.9788281292046117
2024-07-18,-3.6451438442565594,1.3377753416719709,0.07326157493900942,0.0010758042691819676,-0.031164657259216355,0.007052918684224826,0.0071198247339245594,0.017905228907078793,-0.02631153752732729,-2.1737261841075357
2024-07-19,-3.645263659904448,1.3376834759748528,0.0733584323130812,0.0010749568206069142,-0.005675186962863066,0.007050598029462245,0.02111219395456036,0.0161872547493483,-0.004792994900803649,-0.81934873249056
2024-07-22,-3.644905792990074,1.3378241994085283,0.07344908792871528,0.0010745119117820006,0.009828580661770836,0.0070483783594972775,0.03641084371072425,0.014317777766506801,0.008303369144334383,-0.0073739537475928495
2024-07-23,-3.6441789378249214,1.3380715225899877,0.07353748432202374,0.0010741684451420874,0.01791381711338591,0.007048123576523941,0.04057511364285134,0.013806280364151253,0.015134475504371636,0.4116236536791772
2024-07-24,-3.6435959965657765,1.3382313811171738,0.07362169248985789,0.0010739808879201376,0.012314761771537341,0.007047497979130174,0.04733678734187285,0.012981049097965882,0.010405041185963526,0.10912937084991071
2024-07-25,-3.643576685096095,1.3382363473684398,0.07370445034025437,0.0010738405905221752,0.00039042629694385766,0.007047561575148457,0.049462522972157856,0.012720073686017692,0.00032987767987080474,-0.5129561235777926
2024-07-26,-3.643226118633363,1.3383704534383543,0.07379472314162087,0.0010734171349329324,0.009437654325313183,0.007049773825544599,0.03714550783997026,0.014209682331205677,0.007971529013696355,-0.04939084159423404
2024-07-29,-3.6429471910061597,1.3384464970525705,0.07387882001587116,0.0010732351146520913,0.0058721927667768625,0.007048554073237019,0.04749973958301567,0.01294978166357941,0.004960814830960558,-0.24230031972481272
2024-07-30,-3.6421816528496933,1.3385970518359012,0.07395441586302463,0.001073291229468688,0.013009110318291661,0.0070473403397765255,0.05884631137227477,0.011573026874792917,0.01099195899937122,0.11260964441152145
2024-07-31,-3.642174627493783,1.3385984594668656,0.07403057165687445,0.001073333982874821,0.00012078192689823908,0.0070477438935644815,0.058165622050158246,0.011654317833096556,0.0001020480214073416,-0.5948653880914528
2024-08-01,-3.6428877789479315,1.3384624772745766,0.07410522597611083,0.0010734124634516984,-0.011892048606096495,0.007047803184513896,0.059968763816101035,0.01143471548032985,-0.010047445446433656,-1.287840409408328
2024-08-02,-3.6421009074187856,1.3385174131857211,0.07413763460268707,0.0010740830083239307,0.008032926607745239,0.007044192339622499,0.0979557722321415,0.006838841411998861,0.006790399753258569,-0.22614553955212421
2024-08-05,-3.640936913211381,1.338537455281648,0.07410884817409008,0.001075044826670206,0.00860752224255723,0.007042466162889666,0.13522988086507007,0.00232843963246232,0.007277900828050576,-0.25103912804237843
2024-08-06,-3.640735545917025,1.3385435375382155,0.07410117324478356,0.0010759465916818953,0.0016285739325150317,0.007042902624755939,0.12364639414615836,0.0037347132028417397,0.0013769194792914163,-0.720552699368246
2024-08-07,-3.639095921034948,1.3386240773990683,0.07411606377742291,0.0010767412341567359,0.01491598632125335,0.007043569833733871,0.10992400011394103,0.005399566553497601,0.012609907487757255,0.1127394638623905
2024-08-08,-3.6397789455326603,1.3385961723668525,0.07412205270657116,0.0010775843166153445,-0.005911960952516893,0.007043192401772545,0.11553264698436398,0.004720097517540186,-0.004998212926592416,-1.2742437959238178
2024-08-09,-3.6404626719066018,1.3385442584753826,0.07415849569451378,0.0010782179077470958,-0.00719821395739384,0.00704446976376228,0.0949855586383676,0.007212051736314222,-0.0060845601773866775,-1.3392140599614875
2024-08-12,-3.638440037837725,1.3386618203560992,0.07418170917144097,0.0010789584997162368,0.019372033746364536,0.0070436991891786056,0.1044100013121384,0.006068639062671615,0.016376729101835963,0.3826276822112268
2024-08-13,-3.636807977796542,1.338763391719119,0.07420832399254616,0.0010796742639965014,0.015989503733273125,0.007043784542707718,0.10207071266300898,0.006352377454247575,0.013517042221080189,0.15410599550506315
2024-08-14,-3.6370377080272913,1.3387308356652456,0.0742725827424656,0.0010799564747336426,-0.003225678969958956,0.0070465368311776345,0.07121918606558368,0.010092775560289152,-0.0027258262235694275,-1.0694291987255338
2024-08-16,-3.637842360434064,1.3384452894628447,0.07436168312408317,0.0010795838638417148,-0.020465474445023446,0.007050798409393604,0.03931755449570042,0.013952581610946419,-0.017283682036893566,-2.071550723201438
2024-08-19,-3.6388027442367847,1.3378814028808834,0.07445676511717643,0.0010788884215922065,-0.03636951305121361,0.007053009247316234,0.026406287083590708,0.015504375358758359,-0.03070547229587639,-2.8101947957419813
2024-08-20,-3.63979691846487,1.3373171584518782,0.07455156975296816,0.0010782149222105365,-0.03663057602855435,0.007053074851887845,0.027140556766298833,0.015403646084227014,-0.030925590722997498,-2.6090936216541345
2024-08-21,-3.64093642919978,1.3367271665589122,0.07464553939147783,0.0010775983370303458,-0.03897025044371283,0.0070529839998353435,0.029240528914644598,0.015139545839414258,-0.032901299149431296,-2.537098158967717
2024-08-22,-3.6416880893769235,1.3365517637809121,0.07472595356957788,0.0010775318105280757,-0.014260551850058256,0.007049712094762968,0.052709052570109834,0.012299859068876375,-0.012045302183162576,-1.2054140430212905
2024-08-23,-3.642409649386076,1.3364450468304596,0.07479193488737357,0.0010777876966780752,-0.010385896038300757,0.007047912723525286,0.06947498862796152,0.010275179922750273,-0.00877477930623094,-0.9738027776610372
2024-08-26,-3.6431999985451964,1.3363025267422335,0.07486484735974797,0.0010779068840322664,-0.012749708558424722,0.007049071100086444,0.0619895863108453,0.011178301650813292,-0.010770134208959448,-1.0608454023930713
2024-08-27,-3.64296261796145,1.336338970204669,0.0749322091171335,0.00107813761961708,0.0034884537042465524,0.007048590934189181,0.06804750868774191,0.010446881491119641,0.002947022187468562,-0.21635398574928597
2024-08-28,-3.641536228612136,1.3365516219297973,0.07499848787932169,0.0010783881308059568,0.020622458539036437,0.007048686766038166,0.06916679437680798,0.010311657299524648,0.01742147717886411,0.7094273436470292
2024-08-29,-3.6406311482496734,1.336680247302209,0.07506295449132673,0.0010786704759559267,0.012747436938926882,0.007048684602730091,0.07100096802197296,0.010090292897940474,0.01076880573954675,0.3084781077749123
2024-08-30,-3.640397901407592,1.3367218178680282,0.0751354909338816,0.0010787981131945917,0.0037370452488252326,0.007049883816760478,0.062414775993166215,0.011123912891445943,0.0031564516797484288,-0.16813105666678124
2024-09-02,-3.6386153956870695,1.3369439493015822,0.07519471002050514,0.0010791648049778835,0.02343426300340301,0.007048515893512216,0.07606408276050881,0.009478916982447369,0.01979731827366571,0.8881599331663238
2024-09-03,-3.637768658600361,1.337037077672657,0.07524858449547127,0.0010796068384175818,0.010466869549941471,0.007048192897848419,0.08089687968961329,0.008897442605018848,0.008842840238212801,0.20181765069309834
2024-09-04,-3.636945664927345,1.3371048972198567,0.07528906326105343,0.0010802026454916902,0.008955150256153566,0.007047331339458917,0.09190171571381656,0.0075732450332845975,0.007566602769422559,0.14727603074277537
2024-09-05,-3.6356372646906605,1.3372102305801616,0.07532840066488806,0.0010808094833945298,0.014102410079651406,0.007047359774909124,0.092778484620345,0.00746917439713509,0.011915702311815934,0.43663294254060464
2024-09-06,-3.6355058414229506,1.337219390886124,0.0753606423762031,0.0010814803000406496,0.0013402738633994105,0.007047011874544678,0.09805702498478765,0.006834652388974115,0.001132508040274871,-0.2535675394393706
2024-09-09,-3.635555223799469,1.3372160477040644,0.07539142687997988,0.0010821630662657252,-0.00049827779585776,0.007046970172233441,0.09910611495993285,0.006709474288078364,-0.00042103853915698153,-0.3421428309412648
2024-09-10,-3.6362510679111373,1.3371403253771126,0.07544480020696323,0.0010826109145604431,-0.008555460618646649,0.007048509803176364,0.08133333115367172,0.0088507598044192,-0.0072276786844511776,-0.7745107257778245
2024-09-11,-3.6362394265680202,1.3371413088467505,0.0754864495483294,0.0010831944658741418,0.00012793887060613685,0.007047654545174918,0.09099144819521318,0.007687027666646459,0.0001080962562944876,-0.284643706939766
2024-09-12,-3.6354706765630342,1.3372274805124051,0.07554112858587687,0.001083625012938242,0.009587142303689511,0.007048670484580732,0.08018552146557381,0.008988253530088256,0.008099061823124032,0.2514604342768381
2024-09-13,-3.635197756719083,1.3372577878590786,0.07559540209528764,0.0010840611241283013,0.0033884792107645723,0.007048671871599213,0.08054346123296109,0.00894423273338401,0.002862531539092217,-0.06621558538781128
2024-09-16,-3.6344518404983823,1.3373318059740142,0.07564462782542712,0.0010845611591026,0.008788415032375596,0.007048305188903319,0.0848749425184163,0.00842223707721382,0.007424694803676246,0.2740270478752531
2024-09-17,-3.633495867932756,1.3374191017261097,0.07568998776270854,0.0010851055351441292,0.010857373809922244,0.007048065181693978,0.08804823176972316,0.00804022718787459,0.009172920453647038,0.42774055792038956
2024-09-18,-3.6300002362016506,1.3374820054362548,0.07566217800113403,0.0010860641480245593,0.025953566428203345,0.007045418073695705,0.1346879143094106,0.002423701972486423,0.02193527203568557,1.3239667991702009
2024-09-19,-3.624502128626107,1.3375375331730186,0.07561845360263766,0.0010870494883618218,0.038494111365078965,0.007045188712943921,0.14282983502071206,0.0014424995095267054,0.03253527010278923,2.0021739650075254
2024-09-20,-3.618678045780721,1.3376214396857786,0.07558376295491993,0.0010880215324477534,0.04212145864517236,0.007045132374796379,0.13826878348272886,0.001992013464368538,0.03560139316256539,2.101510462478332
2024-09-23,-3.613805051370999,1.3377027330815703,0.07555351842448185,0.0010889852849360602,0.03583904189921849,0.0070449911186691305,0.13596888062534845,0.0022682915469719104,0.030292051728288527,1.677705093199304
2024-09-24,-3.6098864008358937,1.3378003498913713,0.07553758880572709,0.0010899133449152989,0.030547779870247815,0.007044994245189708,0.12827938893594912,0.003195545149785349,0.025819733684564028,1.3482362889767843
2024-09-25,-3.6070899411547668,1.337892416375173,0.07553344214326695,0.001090800461186561,0.02299996075197619,0.007045023116251881,0.12158541100495067,0.004002897430769084,0.019440051952640758,0.9146516414827994
2024-09-26,-3.6052472088770493,1.3379782787472143,0.07554561689132722,0.0010916097831451138,0.016504493600626446,0.007045297315938437,0.11165033731466302,0.005202363315045964,0.013949403185732123,0.5548149191826066
2024-09-27,-3.6039688375576966,1.3380541767561347,0.0755698078368117,0.0010923425638531463,0.012324097063293848,0.00704558831908966,0.10372941017805601,0.006158504637746093,0.010415751155973041,0.34548264030814635
2024-09-30,-3.6032300476998476,1.3380861503154413,0.07557843422512099,0.0010931714201553094,0.006487014537893465,0.007044800262640731,0.11388749840674414,0.004928855811842999,0.00548313496108932,0.04104199097182271
2024-10-01,-3.6016994877672284,1.3381746013280387,0.07560129711168155,0.0010939138068314538,0.014627330929799953,0.007045192707894168,0.1046369935817086,0.006046968720529025,0.01236303101819125,0.47965139016194536
2024-10-03,-3.598846925542514,1.3382769071525855,0.0756011117666624,0.001094784941924462,0.02391935752932106,0.007044220881997325,0.11925747676196849,0.004277114233587232,0.02021944793984609,0.9867630071623946
2024-10-04,-3.5958951854635495,1.338425873424928,0.07561726041137545,0.0010955713770805023,0.02705524755743749,0.0070446088864869255,0.10910046462145287,0.005506002930713357,0.022869010537176493,1.1481927884553185
2024-10-07,-3.5934116552282385,1.3385890160944616,0.0756465242734576,0.0010962661398038773,0.02478511078992618,0.007045051467954551,0.10020250691476715,0.006582285264587573,0.02094881411231775,1.0611317975919399
2024-10-08,-3.5898020070142755,1.3387965270854456,0.07566915235998575,0.0010970104368243745,0.03444306101858974,0.007044611734017864,0.10480044767259651,0.00602475461957187,0.029113701706247497,1.5829775292042485
2024-10-09,-3.586575883481866,1.3389927836359894,0.07569460407861936,0.001097734554439141,0.03136109554663502,0.007044628587021907,0.1028702434075321,0.0062579622019903035,0.026508543946057728,1.3729107547881754
2024-10-10,-3.5847089243655503,1.3390875252878656,0.07571105751475124,0.001098519404670808,0.017142904104088252,0.00704413659624527,0.1089056501150613,0.005526581219900224,0.014491367675123712,0.5645093016577544
2024-10-11,-3.5784740687436223,1.3392278859421824,0.07569147410993494,0.0010994587996115063,0.04784879494965999,0.007043039463200339,0.13030329454456435,0.0029334208826921437,0.040454201347291274,2.1504765883267374
2024-10-14,-3.5711968856986775,1.339408301708781,0.07567560262294254,0.0011003875801052665,0.056735185737407434,0.0070429554995070694,0.12826578339985506,0.003179962562095256,0.047967853569105046,2.506400167785752
2024-10-15,-3.5641602144284943,1.3395781078090192,0.07565869188309163,0.001101319499021641,0.054614926167285915,0.007042755074423668,0.12884154138797202,0.0031091518776033707,0.04617655342198823,2.2489860033150384
2024-10-16,-3.5598580470885532,1.3396763353557788,0.07563968536018205,0.0011022574603109425,0.03309526026054499,0.007042514823555916,0.12999345846117458,0.00296802460491924,0.02798277495002388,1.121642682349411
2024-10-17,-3.5541024700349015,1.3398791296343218,0.0756387856936952,0.0011031321971456225,0.04808543894526185,0.007042699455554067,0.11969480116847145,0.004217373969982473,0.04065623688608966,1.8004540166411611
2024-10-18,-3.5555252549654743,1.3398045368906593,0.07565685811886157,0.0011039070094020736,-0.013191887052135698,0.007043125619763978,0.10785302549588513,0.005654440745863719,-0.011153065136094042,-1.1656218581686613
2024-10-21,-3.5568850677947244,1.339755378306748,0.07565716589990736,0.0011047767222107268,-0.01142896585786346,0.007042337991274627,0.11897951627132128,0.004301227645853656,-0.009663686204333999,-1.062734332476161
2024-10-22,-3.5553943427339654,1.3397808460087899,0.07562820371145448,0.0011057390824538293,0.011015416925017618,0.007041564607977384,0.13533078873965315,0.0023120052754429833,0.009315035618641332,0.014080035023789886
2024-10-23,-3.554922967731895,1.3398022206217246,0.07563920241601231,0.0011065560788040354,0.004192999789979446,0.007042273936768749,0.11241951482964364,0.005097689960703865,0.0035453953827424556,-0.31221805806419844
2024-10-24,-3.5544365051947246,1.339822380321012,0.07564590739517706,0.0011073958547322782,0.004226356759938099,0.007041934378886599,0.11510209970479804,0.004769994686335816,0.0035737727206601733,-0.3033769725062731
2024-10-25,-3.5544705970377386,1.3398206267778476,0.07566308037950574,0.0011081767236542732,-0.0003143520650503717,0.007042124342437916,0.1084511501723516,0.005578277858875422,-0.00026580636559536686,-0.5208177341299096
2024-10-28,-3.555371106437629,1.3397528601425137,0.07569907640017397,0.001108814261788641,-0.009446253857042564,0.007042870458369693,0.09532979036120152,0.007173916386271848,-0.007986613372034768,-0.962761121376757
2024-10-29,-3.5559306220391607,1.339715639774401,0.07572901147402576,0.0011095042076056706,-0.005609480325511562,0.007042413559498566,0.09974464104755604,0.006635261370541428,-0.004743007952829004,-0.7636626348302293
2024-10-30,-3.5586311702100883,1.3395137223099782,0.0757647085132508,0.0011101447274830128,-0.028262050470794442,0.007042623127279073,0.09555386555261403,0.007144473279861975,-0.023895821630338432,-1.7682291494254345
2024-10-31,-3.56001319126792,1.339485959422708,0.07574131901107434,0.0011110949333528173,-0.010439500873310692,0.007040578759598388,0.13238382510840765,0.0026594075336625897,-0.008829256273674702,-0.9240265740978313
2024-11-01,-3.5614762933497217,1.339437094454185,0.07573817731096943,0.0011119798850342368,-0.012088438628963694,0.007040855788735631,0.12103317282816548,0.004042289498495222,-0.010223450759799135,-0.9719730227193829
2024-11-04,-3.5617073370465304,1.3394299824484575,0.07573148093751256,0.001112878786326599,-0.0018768283221861637,0.007040613525216665,0.12310326633379529,0.0037893746824645396,-0.0015873284186636027,-0.5073073224818375
2024-11-05,-3.562796314862056,1.3393862284994174,0.0757367999526715,0.0011137259385185414,-0.009390694977692071,0.007040770208309576,0.11596349557859538,0.0046592876399514805,-0.007942007863395162,-0.8499902911454552
2024-11-06,-3.564238165215106,1.3390981954962797,0.07581274997706038,0.0011137661870856768,-0.024678855724154403,0.007045702511805607,0.0584245221563794,0.01167124628293071,-0.020857078016875974,-1.4910666074244825
2024-11-07,-3.5663928432172547,1.3386867947577616,0.07588734052645549,0.0011138398679124842,-0.035878864934702825,0.007045436577913456,0.06005424101542862,0.011466381092790386,-0.030323793758062934,-1.8973732901846623
2024-11-08,-3.567336286073575,1.3385340121477864,0.07595649024588279,0.001114030817158531,-0.014256662118987684,0.007044718298464885,0.06617557801724004,0.010716576481933889,-0.012050552923213331,-0.9387983273412885
2024-11-11,-3.568000586317652,1.3383841612002376,0.07603591429058004,0.0011139838087471095,-0.012293191798351089,0.007046289767373594,0.05403806065777126,0.012189751043254106,-0.010388597196415716,-0.8646287577218464
2024-11-12,-3.568320456361766,1.3383235057470622,0.07611032492707706,0.0011140636726960052,-0.00530766040629338,0.007045609994490132,0.06026573285192343,0.011427907690450725,-0.004485772844267544,-0.5992486106574034
2024-11-13,-3.5674916750918717,1.3384175205717304,0.07616547849358568,0.0011144865864333813,0.010386590629949843,0.007043590275856867,0.07979338932494555,0.009051557726463242,0.008780751337486237,0.07526262921649572
2024-11-14,-3.5668144821364005,1.3384881002132154,0.07621689678394858,0.0011149588624565006,0.00815393884002713,0.007043407733553567,0.08305102218167115,0.008655895373960535,0.006893461724532202,-0.06866605249832133
2024-11-18,-3.5643891231601694,1.3385578422580944,0.0762073495760755,0.0011158682811434255,0.019443976092501813,0.007040757959030702,0.1247357518180816,0.0035868201311929308,0.016444414396517004,0.4603067909023012
2024-11-19,-3.5624532799303323,1.3386431993579613,0.07621710488618637,0.0011166928282273572,0.017099603415064557,0.007041308381022629,0.11320983199713572,0.0049917590364502535,0.014460570320869337,0.3245166112785302
2024-11-21,-3.561604405209046,1.3387004580571134,0.076247755079337,0.0011173772979723932,0.008554092333050711,0.0070421605412252005,0.09923609522038083,0.006693720025782568,0.007233038236920564,-0.11967796952310288
2024-11-22,-3.562115657137831,1.3385459191503155,0.07633394692328607,0.0011171156405731229,-0.011550553335823999,0.007048088476982678,0.04426211575505156,0.013379350954437342,-0.009758525275746166,-1.1077309596830571
2024-11-25,-3.5632731401146716,1.3379661246416892,0.0764275502897223,0.001116510657550273,-0.03842761758229152,0.007050325494433771,0.030121122506797698,0.015087963946366759,-0.03245540562070559,-2.290612258576496
2024-11-26,-3.5640094535273708,1.3375684937185253,0.07652189430871469,0.0011158611936236242,-0.025997246554139153,0.007050780992973398,0.028322746071039833,0.015295116824618378,-0.02195547698575062,-1.6299576014187327
2024-11-27,-3.5646969061334857,1.3373604344846066,0.07660814834765783,0.0011156020839113454,-0.015567022375364559,0.007048564578725066,0.044160828547574936,0.013365384137167662,-0.01315096479986444,-1.1186812794890189
2024-11-28,-3.566394269362294,1.3371598929158093,0.07666508818235424,0.0011160010002408901,-0.021710384767000157,0.007044678120523333,0.07818208875728475,0.009237126423580813,-0.018350973779497792,-1.350983358371572
2024-11-29,-3.568263975849396,1.336902655235065,0.07672824228266845,0.0011163035528301147,-0.025854423289010775,0.007045503018120961,0.07231669669060742,0.009949465043903627,-0.021851215407535207,-1.4830795178746576
2024-12-02,-3.5691405669546765,1.3367858259501733,0.07679013854308502,0.0011166267270102618,-0.011919861131740817,0.007045565761941409,0.07354037900208611,0.00980122868885697,-0.010074142082611814,-0.8405738241126378
2024-12-03,-3.569939765675959,1.3366640013308964,0.07685718107263609,0.0011168609286426416,-0.011685799139841357,0.007046300251705518,0.06839059200987989,0.010425013969442693,-0.009875293702503285,-0.8071941500220534
2024-12-04,-3.571480717349276,1.3363393390589633,0.07693477934206899,0.0011168665147595783,-0.027332444288215463,0.007047912036424351,0.05637811448798272,0.011878274350792231,-0.023092488989505,-1.4501146291731337
2024-12-05,-3.5724319854318587,1.3358472833480033,0.07702872916578041,0.0011162477239427965,-0.03247704131962248,0.007052045313829134,0.029290478563627334,0.015150878619683335,-0.027422946245867053,-1.6129228870959091
2024-12-06,-3.5736882985113962,1.335470129326336,0.07711485103094011,0.0011159969672762298,-0.028315640216955984,0.00704998367324758,0.04436816790690364,0.013319636030742918,-0.023916136475019556,-1.403032884592228
2024-12-09,-3.574944010482141,1.3351500611388638,0.07719743295325808,0.001115865335392466,-0.025262096114668786,0.007049509832352271,0.04970735464882287,0.012669898254660273,-0.021338466790469468,-1.2415155293648226
2024-12-10,-3.5751042836145293,1.3351211210716358,0.07727037655482225,0.001115983174893318,-0.00258681454197518,0.007048214675312403,0.06195772050448509,0.011187530748120386,-0.0021854401579446403,-0.29788735661764726
2024-12-11,-3.574260271712375,1.3352507652060834,0.0773377453199427,0.0011162132610785709,0.012403877617300552,0.007047763343416829,0.06804419780610126,0.01045190370685594,0.010479942719024748,0.3137646669131548
2024-12-12,-3.573707301924816,1.3353464072489947,0.07740927201438273,0.001116361470622292,0.008700237598723959,0.007048509800321054,0.06355800991457752,0.010993038043606487,0.007349986712622325,0.16120227906436066
2024-12-13,-3.573205495237403,1.3354361328641724,0.07748190159448963,0.0011164864033128914,0.008052961823533877,0.0070488756807305444,0.06231330762634518,0.01114193971656876,0.006802813077646519,0.13649832866712755
2024-12-16,-3.57197947053396,1.3355599987893847,0.07753197272130337,0.001116976770919665,0.014565278406266202,0.007046783090566588,0.08417447777143251,0.008504192076348616,0.01230780581339097,0.4149998725758361
2024-12-17,-3.567852621750513,1.3357535081022327,0.07754457228691099,0.0011177846032953084,0.037051061425890985,0.007044947933954348,0.11138274113148794,0.00522277379920915,0.03131667281589401,1.3499507488656697
2024-12-18,-3.5651220405274118,1.3359214270286588,0.07757059345007868,0.0011185048362232994,0.02664770022485463,0.007045580281409178,0.10246967655973051,0.0063014415881756025,0.02252141715814915,0.9416350562976262
2024-12-19,-3.5614925967887006,1.3360299161240516,0.07756232059236227,0.0011194080949858702,0.02927549601001278,0.0070444645221914405,0.12397548234434701,0.0037057987115128536,0.024746228827053685,1.0629388432827038
2024-12-20,-3.554792862173144,1.33605132944355,0.077502450189091,0.0011204064618554662,0.04447111329138753,0.007043830126165449,0.1506536292819621,0.0004815107586368418,0.03759428909926221,1.672959409362038
2024-12-23,-3.5486066512206205,1.3360991007931695,0.07745364925259185,0.001121397588431437,0.042562136271517836,0.007043735658541497,0.14534540543405652,0.0011223907868419213,0.03598099073814254,1.554548049191814
2024-12-24,-3.5458387324244574,1.3361613643830574,0.07743391503292708,0.001122337001366774,0.021229973357779208,0.007043856450855662,0.13037787422133898,0.002932815262583058,0.017946993320196114,0.6738212550870699
2024-12-26,-3.5432323425919403,1.336227832074661,0.07741906306232767,0.0011232623081956685,0.020411331156299894,0.007043724532766074,0.1276932803920861,0.0032564114067113233,0.017255268218711706,0.6330725097704035
2024-12-27,-3.5403293372444304,1.3363163212675575,0.07741164974080272,0.0011241625053458179,0.023508114769837718,0.007043655056035374,0.1234895003675273,0.003764197757366219,0.01987341362876016,0.7445446302771218
2024-12-30,-3.538378064394727,1.3363830960841692,0.07740936031504231,0.0011250427154616534,0.01619193108849526,0.0070435569551781894,0.1205089645601246,0.0041239563240937985,0.013688610461310091,0.4455708049822821
2024-12-31,-3.5355550769589525,1.3364281972094891,0.07737810806105912,0.001126009214009221,0.020678941799533668,0.007042802367609107,0.13651508201634382,0.002181017082850725,0.01748378905893233,0.6313466184024521
