,AXISBANK.NS,HDFCBANK.NS,HINDALCO.NS,ICICIBANK.NS,INFY.NS,SBIN.NS,TATASTEEL.NS,TCS.NS
2018-01-01,562.4501342773438,432.68902587890625,257.2323303222656,298.0550231933594,415.2442626953125,278.3490295410156,55.28141403198242,1069.273193359375
2018-01-02,556.4824829101562,436.85369873046875,257.9438171386719,297.4787292480469,413.6973876953125,274.8594665527344,55.82489776611328,1063.4532470703125
2018-01-03,557.4273071289062,432.2574462890625,262.3077697753906,302.5695495605469,410.322509765625,274.4969177246094,56.25737762451172,1066.4644775390625
2018-01-04,556.88037109375,433.9490051269531,265.4383544921875,302.28143310546875,407.9522399902344,279.6179504394531,58.1939811706543,1073.9212646484375
2018-01-05,560.2122802734375,434.812255859375,262.2128601074219,300.55242919921875,406.5862121582031,277.6692199707031,58.993896484375,1086.8951416015625
2018-01-08,562.400390625,434.11224365234375,261.9757385253906,301.7530822753906,416.2486572265625,277.1706848144531,58.844627380371094,1097.080078125
2018-01-09,562.2511596679688,434.8355407714844,257.56439208984375,300.2642517089844,418.3780212402344,275.8111267089844,59.116363525390625,1094.8974609375
2018-01-10,559.7646484375,434.9521789550781,255.0029754638672,299.6878967285156,422.7572021484375,272.9107666015625,59.15846633911133,1134.3447265625
2018-01-11,555.736572265625,436.9004211425781,254.0068359375,297.28662109375,432.2187805175781,273.9078063964844,59.01302719116211,1127.837646484375
2018-01-12,552.106201171875,435.2088928222656,255.0504150390625,305.1630554199219,433.28350830078125,273.9530944824219,58.959449768066406,1122.11865234375
2018-01-15,557.5267944335938,442.780029296875,253.01080322265625,316.3052673339844,434.3683166503906,274.2702941894531,59.973670959472656,1109.892578125
2018-01-16,560.1626586914062,443.3399963378906,247.17640686035156,320.9158935546875,451.121826171875,268.4241638183594,58.614986419677734,1152.2288818359375
2018-01-17,582.0439453125,441.0884704589844,249.2635040283203,329.7048034667969,462.87347412109375,278.3490295410156,59.246490478515625,1167.628173828125
2018-01-18,581.6460571289062,451.307861328125,240.8677520751953,332.4903259277344,463.1144714355469,274.8594665527344,57.54334259033203,1179.4501953125
2018-01-19,587.066650390625,455.4842224121094,244.75730895996094,339.6463317871094,459.398193359375,280.2977294921875,57.63901901245117,1196.0611572265625
2018-01-22,608.2517700195312,458.0857238769531,242.00619506835938,337.62921142578125,462.0298156738281,277.8052062988281,57.577789306640625,1262.5428466796875
2018-01-23,616.755615234375,455.2742004394531,251.35060119628906,348.0030212402344,472.9175720214844,288.3191833496094,59.68662643432617,1256.7093505859375
2018-01-24,604.671142578125,456.75579833984375,245.4214324951172,338.8298645019531,476.4131164550781,299.0144348144531,58.33559036254883,1286.1217041015625
2018-01-25,612.7772216796875,460.792236328125,245.65858459472656,346.5622253417969,472.23468017578125,283.8326110839844,58.875247955322266,1264.427001953125
2018-01-29,602.2841186523438,466.5552673339844,245.32652282714844,343.5364990234375,475.247802734375,282.88092041015625,59.94688415527344,1295.94580078125
2018-01-30,590.5477294921875,465.5869140625,240.53575134277344,339.3101806640625,470.32623291015625,284.19512939453125,59.38810729980469,1277.309814453125
2018-01-31,590.3984985351562,467.966796875,243.00228881835938,339.0220031738281,462.1301574707031,283.9232482910156,56.64592742919922,1260.9022216796875
2018-02-01,589.6029052734375,464.5719909667969,243.09715270996094,332.538330078125,459.86029052734375,277.3973083496094,55.979087829589844,1271.5369873046875
2018-02-02,561.8533325195312,454.5043029785156,237.02566528320312,321.87640380859375,459.31787109375,269.5118103027344,53.86605453491211,1277.634033203125
2018-02-05,563.1961059570312,446.53643798828125,233.9424591064453,316.68951416015625,457.2889404296875,270.1462707519531,53.35185623168945,1257.1953125
2018-02-06,560.6598510742188,442.55841064453125,231.85540771484375,317.6500549316406,445.0552673339844,264.4360656738281,53.38801193237305,1214.27197265625
2018-02-07,556.3333129882812,436.95880126953125,233.37327575683594,319.427001953125,445.5775451660156,265.3877868652344,53.17108154296875,1197.1754150390625
2018-02-08,565.3842163085938,438.86029052734375,232.6143341064453,320.6757507324219,455.7020263671875,273.1826171875,53.94639587402344,1204.933837890625
2018-02-09,554.54296875,431.52239990234375,231.00157165527344,313.85589599609375,445.61761474609375,268.6507873535156,55.05914306640625,1203.9210205078125
2018-02-12,561.1571655273438,437.8570251464844,230.76443481445312,313.37567138671875,443.0664978027344,261.7169189453125,57.29269027709961,1202.1383056640625
2018-02-14,540.9666748046875,439.3735656738281,230.76443481445312,306.36370849609375,441.0375061035156,250.34188842773438,56.8829460144043,1179.65380859375
2018-02-15,540.7677612304688,439.0819396972656,238.59097290039062,315.680908203125,447.7470703125,252.6078338623047,56.284385681152344,1185.345947265625
2018-02-16,534.94921875,438.31201171875,234.9385528564453,308.38079833984375,453.2110595703125,246.21786499023438,55.416683197021484,1188.262939453125
2018-02-19,537.6347045898438,438.21868896484375,234.84371948242188,307.1321105957031,454.6975402832031,243.36279296875,52.130645751953125,1184.434326171875
2018-02-20,528.8323364257812,434.7189025878906,236.02955627441406,304.73077392578125,456.7867126464844,244.4051055908203,52.327484130859375,1193.0030517578125
2018-02-21,532.9102783203125,433.36566162109375,228.29786682128906,306.6038513183594,460.9852294921875,247.71334838867188,51.495941162109375,1232.52294921875
2018-02-22,527.3902587890625,432.38568115234375,227.58636474609375,305.787353515625,466.3487854003906,247.07896423339844,51.22276306152344,1235.7236328125
2018-02-23,533.7557373046875,438.76702880859375,233.89503479003906,310.0137023925781,464.2996826171875,250.20594787597656,54.45256042480469,1246.0948486328125
2018-02-26,549.3213500976562,445.9998779296875,233.56300354003906,314.1440734863281,457.4495849609375,248.7557373046875,54.64939880371094,1228.228515625
2018-02-27,535.496337890625,443.8999938964844,231.76051330566406,309.43743896484375,462.1100769042969,242.54705810546875,53.97050476074219,1232.54345703125
2018-02-28,525.8983154296875,439.6185302734375,232.8040771484375,300.8886413574219,471.1097106933594,242.9095916748047,53.958457946777344,1229.5859375
2018-03-01,522.9144897460938,437.3204345703125,228.440185546875,292.9161682128906,466.3487854003906,237.60726928710938,54.23563003540039,1230.6595458984375
2018-03-05,521.7208862304688,436.29376220703125,217.8150634765625,291.37933349609375,464.4002990722656,238.8308868408203,52.697059631347656,1258.268798828125
2018-03-06,514.5597534179688,430.7641296386719,214.25750732421875,283.4068298339844,462.5719909667969,232.5315399169922,53.006385803222656,1232.7257080078125
2018-03-07,509.8851623535156,427.5793151855469,212.9293975830078,275.3863525390625,459.6593017578125,223.55841064453125,52.03824996948242,1226.5069580078125
2018-03-08,517.7425537109375,432.3041076660156,211.26919555664062,285.2318420410156,464.7015075683594,232.7581329345703,51.090206146240234,1216.9862060546875
2018-03-09,502.6245422363281,431.8841247558594,208.8975372314453,281.1496276855469,467.4134216308594,229.54049682617188,48.748199462890625,1229.2010498046875
2018-03-12,516.3998413085938,435.66387939453125,215.96514892578125,288.7858581542969,476.39288330078125,229.17794799804688,50.045745849609375,1236.513671875
2018-03-13,528.6334838867188,434.0306091308594,214.54209899902344,292.3398742675781,475.6094665527344,230.854736328125,50.523780822753906,1169.5257568359375
2018-03-14,533.2584228515625,435.022216796875,215.0638885498047,293.97271728515625,474.4041748046875,232.98471069335938,49.856929779052734,1169.565673828125
2018-03-15,526.79345703125,438.8253173828125,213.35629272460938,289.5543518066406,475.0870666503906,229.9483642578125,49.1499137878418,1162.597412109375
2018-03-16,519.7815551757812,432.3390197753906,210.32054138183594,286.3364562988281,470.828369140625,228.67942810058594,48.22195053100586,1144.7718505859375
2018-03-19,516.6485595703125,430.99749755859375,203.5375518798828,282.9265441894531,460.7240295410156,224.73667907714844,46.19328689575195,1146.919189453125
2018-03-20,518.2896118164062,429.18927001953125,206.14637756347656,280.4772033691406,467.87530517578125,225.77902221679688,47.64347839355469,1160.633056640625
2018-03-21,523.4615478515625,433.71563720703125,203.6798095703125,277.78765869140625,469.0605773925781,224.78201293945312,46.779788970947266,1157.3511962890625
2018-03-22,515.4052124023438,435.7804870605469,205.67205810546875,272.0724792480469,466.5697326660156,218.9358673095703,46.671329498291016,1147.06103515625
2018-03-23,496.80609130859375,429.66754150390625,195.52125549316406,264.6763000488281,469.1008605957031,212.8177947998047,45.51438903808594,1141.71337890625
2018-03-26,504.56402587890625,441.77679443359375,199.7428741455078,270.5356140136719,464.1390380859375,223.42245483398438,46.72355651855469,1141.2476806640625
2018-03-27,509.4375915527344,441.57843017578125,207.2847900390625,272.6968078613281,463.6368103027344,230.53750610351562,47.40245056152344,1153.68505859375
2018-03-28,507.7467346191406,440.0619201660156,203.5375518798828,267.3658447265625,454.71771240234375,226.50411987304688,45.879947662353516,1154.2724609375
2018-04-02,496.3584899902344,450.58453369140625,200.40689086914062,251.51695251464844,456.8670959472656,223.10520935058594,46.50260925292969,1178.782470703125
2018-04-03,498.8450012207031,447.0147705078125,197.2762908935547,259.39337158203125,458.1929016113281,227.04795837402344,46.574920654296875,1179.4305419921875
2018-04-04,489.59521484375,439.39691162109375,190.49330139160156,258.04864501953125,451.6641540527344,224.14755249023438,45.03635025024414,1179.2890625
2018-04-05,500.3866882324219,445.3815002441406,203.15805053710938,267.654052734375,461.0455017089844,235.02406311035156,46.63517761230469,1198.3505859375
2018-04-06,497.5023193359375,448.7646484375,203.01577758789062,269.5750732421875,452.7891845703125,235.38665771484375,47.177494049072266,1195.2510986328125
2018-04-09,516.4993286132812,452.4161376953125,209.98854064941406,269.7671813964844,446.4613342285156,236.24771118164062,47.09313201904297,1184.5556640625
2018-04-10,543.2044677734375,448.1697082519531,218.1945037841797,277.4034423828125,447.3251647949219,238.6495819091797,48.3585319519043,1190.10595703125
2018-04-11,536.8887329101562,447.7030334472656,222.17893981933594,273.3211975097656,451.684326171875,232.98471069335938,48.85264205932617,1221.118408203125
2018-04-12,545.79052734375,450.02459716796875,220.66107177734375,275.434326171875,467.0920715332031,230.03900146484375,48.07733154296875,1271.80029296875
2018-04-13,539.6239013671875,449.1379699707031,225.59417724609375,276.87518310546875,470.6475830078125,227.45584106445312,47.72783660888672,1277.4921875
2018-04-16,539.4747314453125,453.1277160644531,227.15945434570312,276.2508239746094,455.28009033203125,225.68838500976562,47.531002044677734,1291.4083251953125
2018-04-17,529.5287475585938,454.6210021972656,227.11204528808594,280.2370910644531,452.0659484863281,224.91796875,47.888526916503906,1282.88037109375
2018-04-18,515.4550170898438,450.91119384765625,230.3375244140625,278.6041564941406,452.36737060546875,223.3771209716797,48.33443069458008,1279.8421630859375
2018-04-19,510.1338195800781,452.4044189453125,251.1608428955078,278.1719665527344,455.1394958496094,223.10520935058594,49.96941375732422,1292.826416015625
2018-04-20,502.9726257324219,456.3475036621094,248.64686584472656,271.015869140625,473.4599609375,218.61863708496094,48.704010009765625,1378.429931640625
2018-04-23,503.469970703125,451.6461181640625,242.48052978515625,268.3743896484375,477.17620849609375,219.75160217285156,48.736148834228516,1380.94189453125
2018-04-24,502.12725830078125,451.47113037109375,224.5980682373047,272.8889465332031,463.8377380371094,218.07481384277344,48.0090446472168,1371.6239013671875
2018-04-25,495.7120361328125,448.14642333984375,220.13929748535156,267.8941345214844,466.18804931640625,214.9931182861328,47.09715270996094,1405.897705078125
2018-04-26,491.08709716796875,450.3629150390625,221.98922729492188,267.84613037109375,472.6563720703125,211.36758422851562,46.45439910888672,1433.8516845703125
2018-04-27,536.2919921875,448.7646484375,222.8904266357422,276.5389709472656,476.1717834472656,219.88755798339844,47.386383056640625,1398.4842529296875
2018-04-30,514.5101318359375,453.6410217285156,223.5545196533203,272.9850158691406,481.91705322265625,223.33180236816406,47.80015563964844,1430.9549560546875
2018-05-02,520.92529296875,459.5206298828125,216.3446044921875,265.9730224609375,480.93280029296875,218.43734741210938,46.157135009765625,1417.849365234375
2018-05-03,530.5233154296875,459.1473388671875,219.6649627685547,270.7757568359375,475.1071472167969,219.25308227539062,47.03688430786133,1410.5972900390625
2018-05-04,517.493896484375,463.95367431640625,219.4752197265625,271.68829345703125,471.310546875,219.29843139648438,46.65927505493164,1410.1517333984375
2018-05-07,533.2086791992188,461.36383056640625,225.64161682128906,278.3639831542969,475.28802490234375,223.42245483398438,47.9206657409668,1385.925048828125
2018-05-08,539.3255615234375,458.94903564453125,226.44793701171875,297.094482421875,468.27728271484375,226.64007568359375,47.91263198852539,1394.128662109375
2018-05-09,545.5418090820312,461.5971374511719,225.92616271972656,294.69317626953125,470.3462829589844,224.78201293945312,48.458961486816406,1413.6156005859375
2018-05-10,544.6964111328125,464.9336242675781,228.9145050048828,294.74114990234375,469.26165771484375,224.73667907714844,47.735877990722656,1398.2000732421875
2018-05-11,550.3158569335938,469.37835693359375,230.2426300048828,298.679443359375,474.38409423828125,226.91200256347656,48.788368225097656,1400.5096435546875
2018-05-14,548.9235229492188,471.7115478515625,229.67343139648438,297.86297607421875,477.8191223144531,229.85772705078125,49.03743362426758,1391.02978515625
2018-05-15,546.7353515625,475.456298828125,231.3810577392578,296.0859375,479.9283142089844,224.78201293945312,50.29078674316406,1410.8201904296875
2018-05-16,547.03369140625,472.0848083496094,227.44406127929688,285.52001953125,478.0802307128906,220.3407440185547,49.913177490234375,1415.47900390625
2018-05-17,536.5405883789062,473.1114501953125,221.0879669189453,284.3193359375,475.247802734375,219.9781951904297,49.03341293334961,1414.6282958984375
2018-05-18,530.0259399414062,469.4716796875,219.61753845214844,274.80999755859375,475.3682861328125,216.4886474609375,47.514930725097656,1418.78076171875
2018-05-21,524.008544921875,465.01531982421875,216.53433227539062,277.88372802734375,473.8818664550781,221.56436157226562,46.35799026489258,1440.9415283203125
2018-05-22,520.4777221679688,464.2803649902344,222.8904266357422,278.8442687988281,479.647216796875,230.129638671875,46.3419189453125,1421.5560302734375
2018-05-23,517.4441528320312,459.0539855957031,218.14707946777344,280.52520751953125,476.0513610839844,238.55897521972656,43.389312744140625,1415.965087890625
2018-05-24,531.5676879882812,463.3703918457031,222.08407592773438,285.9522705078125,490.55499267578125,243.36279296875,44.04410934448242,1459.962158203125
2018-05-25,535.595703125,468.6667175292969,232.89891052246094,283.983154296875,493.488037109375,241.95790100097656,45.654991149902344,1452.7105712890625
2018-05-28,543.2044677734375,476.48284912109375,229.2465362548828,287.44110107421875,487.9033203125,246.58042907714844,46.329872131347656,1418.78076171875
2018-05-29,544.7958374023438,474.2430114746094,230.0529022216797,278.46002197265625,488.827392578125,239.55596923828125,46.22542190551758,1427.4710693359375
2018-05-30,538.7288208007812,477.9178161621094,225.87875366210938,273.6573791503906,486.8187561035156,242.13916015625,46.4302978515625,1423.6627197265625
2018-05-31,542.9558715820312,502.3613586425781,222.17893981933594,274.5218811035156,494.8941345214844,244.31446838378906,46.24952697753906,1422.43701171875
2018-06-01,533.7557373046875,495.587158203125,226.25820922851562,277.88372802734375,490.47479248046875,241.73130798339844,45.044376373291016,1415.4111328125
2018-06-04,534.153564453125,480.4654541015625,229.19911193847656,275.434326171875,497.9476318359375,238.37770080566406,45.48626708984375,1425.051025390625
2018-06-05,528.0368041992188,484.5511474609375,229.6260223388672,272.8889465332031,490.494873046875,238.87620544433594,45.96430587768555,1406.5465087890625
2018-06-06,528.5340576171875,483.0836486816406,235.365478515625,272.6968078613281,497.16424560546875,244.85830688476562,46.57893753051758,1409.9368896484375
2018-06-07,539.4747314453125,484.222412109375,235.83981323242188,279.42059326171875,503.1905517578125,244.4051055908203,48.374603271484375,1417.943359375
2018-06-08,534.5017700195312,481.2052001953125,229.72088623046875,276.87518310546875,506.2439880371094,247.4414825439453,48.246055603027344,1427.380126953125
2018-06-11,537.0379028320312,479.5497131347656,232.13998413085938,275.09820556640625,507.1882019042969,248.34783935546875,47.293983459472656,1429.504150390625
2018-06-12,534.2531127929688,479.91363525390625,228.29786682128906,276.0587158203125,505.62127685546875,256.3692932128906,46.599021911621094,1455.076171875
2018-06-13,537.7342529296875,477.0020446777344,232.42459106445312,279.2765197753906,512.1700439453125,260.7652587890625,45.60276794433594,1490.2889404296875
2018-06-14,529.1307983398438,478.3992004394531,232.1874237060547,273.5133056640625,510.2765197753906,256.1427307128906,45.75943374633789,1460.427490234375
2018-06-15,525.8983154296875,476.5675964355469,225.21469116210938,271.3520812988281,527.379150390625,251.47486877441406,45.474212646484375,1503.3204345703125
2018-06-18,519.7318115234375,474.1139221191406,219.1431884765625,281.4377136230469,521.67822265625,250.93104553222656,44.87164306640625,1494.2919921875
2018-06-19,514.4105834960938,475.1353454589844,214.21011352539062,281.2455749511719,511.0586853027344,247.07896423339844,44.59043884277344,1490.615478515625
2018-06-20,516.3004150390625,482.8017883300781,214.58956909179688,281.62982177734375,511.6967468261719,247.71334838867188,45.25327682495117,1488.940673828125
2018-06-21,510.2829895019531,483.1423034667969,210.88973999023438,286.1924133300781,513.0962524414062,243.49871826171875,44.8113899230957,1486.408203125
2018-06-22,522.8151245117188,489.1886901855469,210.6051483154297,288.7858581542969,513.63134765625,247.48681640625,45.14079666137695,1478.6060791015625
2018-06-25,512.4214477539062,491.91241455078125,207.18991088867188,278.2679443359375,523.7568969726562,243.31747436523438,44.879676818847656,1486.3265380859375
2018-06-26,511.42681884765625,491.6189270019531,211.5063934326172,276.7311096191406,525.9796752929688,242.36575317382812,44.148555755615234,1513.0828857421875
2018-06-27,505.1110534667969,496.0567932128906,206.71559143066406,268.0382080078125,522.74853515625,237.1994171142578,43.64239501953125,1517.985107421875
2018-06-28,501.8785705566406,500.342041015625,209.7039031982422,260.6900634765625,530.816162109375,232.93943786621094,44.06419372558594,1505.4849853515625
2018-06-29,508.0451354980469,495.082275390625,218.66885375976562,264.5322570800781,538.060302734375,235.06942749023438,45.61481857299805,1509.611083984375
2018-07-02,509.4873046875,486.81707763671875,211.79098510742188,266.453369140625,549.3797607421875,234.61624145507812,45.03232955932617,1512.5523681640625
2018-07-03,508.7911071777344,486.10089111328125,214.4947052001953,262.1308898925781,557.2210693359375,233.39260864257812,45.474212646484375,1531.0980224609375
2018-07-04,511.973876953125,493.9317932128906,212.5973663330078,262.46710205078125,553.7017211914062,233.34730529785156,45.88397216796875,1524.6436767578125
2018-07-05,508.24407958984375,498.6749267578125,208.99241638183594,260.8341369628906,528.5110473632812,232.44094848632812,45.246124267578125,1536.204345703125
2018-07-06,510.9294738769531,496.655517578125,209.13470458984375,259.39337158203125,528.6138916015625,233.1207275390625,45.26247787475586,1562.8792724609375
2018-07-09,522.4172973632812,499.1209716796875,210.65257263183594,260.4980163574219,534.6234741210938,237.0634307861328,45.4342041015625,1538.4105224609375
2018-07-10,529.6778564453125,503.9932861328125,217.29327392578125,262.61114501953125,535.6731567382812,239.0574951171875,46.50136947631836,1531.9559326171875
2018-07-11,533.6563110351562,504.4276123046875,209.4667510986328,258.1446838378906,543.514404296875,234.84280395507812,45.442378997802734,1617.5775146484375
2018-07-12,535.446533203125,508.583740234375,208.99241638183594,261.5545654296875,532.771240234375,238.1510772705078,45.401493072509766,1610.5921630859375
2018-07-13,520.1793823242188,512.0941772460938,207.52194213867188,257.1841125488281,542.2589721679688,233.61923217773438,45.67953109741211,1618.5576171875
2018-07-16,519.2841796875,509.2648010253906,202.1145477294922,249.0195770263672,548.6183471679688,228.04498291015625,42.4616813659668,1625.1754150390625
2018-07-17,534.9990234375,511.11968994140625,208.23345947265625,255.9354705810547,546.580810546875,234.79747009277344,43.53293991088867,1639.0518798828125
2018-07-18,523.7101440429688,510.9906311035156,201.49789428710938,252.3334197998047,544.3787231445312,235.25067138671875,41.23505401611328,1637.49658203125
2018-07-19,523.9588623046875,513.315185546875,187.45755004882812,250.8926544189453,541.9707641601562,235.83984375,40.77711868286133,1622.0645751953125
2018-07-20,530.8215942382812,514.0078125,185.60765075683594,255.3110809326172,554.8954467773438,237.01812744140625,41.14918899536133,1634.50830078125
2018-07-23,537.4357299804688,506.3531494140625,186.08197021484375,264.6763000488281,558.1265258789062,241.41407775878906,42.26951217651367,1641.9169921875
2018-07-24,543.1547241210938,507.1280212402344,196.94427490234375,263.52374267578125,566.8529052734375,241.8672332763672,43.12814712524414,1636.472900390625
2018-07-25,529.3794555664062,509.61700439453125,198.2724151611328,263.81182861328125,569.5693969726562,246.39913940429688,43.8314094543457,1622.1470947265625
2018-07-26,538.7288208007812,514.8414916992188,195.9481658935547,274.3777770996094,565.2474975585938,260.7652587890625,43.73737335205078,1608.393310546875
2018-07-27,550.2661743164062,517.0838623046875,202.44656372070312,281.62982177734375,565.3298950195312,259.9042053222656,44.992618560791016,1591.2430419921875
2018-07-30,566.5777587890625,509.51123046875,200.40689086914062,295.221435546875,556.0892944335938,269.55712890625,45.22159194946289,1591.9388427734375
2018-07-31,547.4315795898438,511.7654724121094,202.44656372070312,292.2437438964844,561.8930053710938,266.0222473144531,46.043426513671875,1588.33642578125
2018-08-01,542.2099609375,506.88140869140625,197.32374572753906,287.4891052246094,557.3444213867188,267.4725341796875,45.4505615234375,1618.0533447265625
2018-08-02,544.298583984375,500.18939208984375,197.2288818359375,286.7686767578125,557.1798706054688,266.3847961425781,45.3278923034668,1595.049560546875
2018-08-03,571.650146484375,498.18182373046875,200.7389678955078,292.9642028808594,561.4812622070312,271.2339172363281,45.34016799926758,1620.4681396484375
2018-08-06,593.5813598632812,496.4559326171875,205.00799560546875,302.6656188964844,560.061279296875,279.6179504394531,45.242034912109375,1617.2757568359375
2018-08-07,589.8515014648438,500.3537292480469,207.75914001464844,300.7925720214844,563.0657958984375,275.58453369140625,46.86935806274414,1610.5628662109375
2018-08-08,593.0840454101562,501.63348388671875,209.2770233154297,306.1235656738281,560.9255981445312,279.79925537109375,47.22507858276367,1616.0069580078125
2018-08-09,617.7005615234375,497.4421081542969,215.775390625,319.8592834472656,568.0053100585938,287.6846923828125,47.91607666015625,1616.293212890625
2018-08-10,612.180419921875,496.4911193847656,211.26919555664062,315.6329040527344,570.2691650390625,275.9471130371094,47.15966033935547,1631.6429443359375
2018-08-13,601.6376342773438,491.13751220703125,210.27308654785156,312.07891845703125,579.8597412109375,266.6114196777344,46.51363754272461,1637.4144287109375
2018-08-14,614.7166748046875,490.5387878417969,210.0833740234375,319.33099365234375,579.6746826171875,267.2911682128906,47.343650817871094,1640.197509765625
2018-08-16,620.0875854492188,487.3923645019531,205.00799560546875,321.10797119140625,588.4212646484375,265.2971496582031,46.411415100097656,1644.25
2018-08-17,623.9168701171875,487.7798156738281,208.42320251464844,326.5830383300781,588.7506103515625,273.817138671875,47.4417839050293,1647.729248046875
2018-08-20,621.032470703125,492.2059020996094,215.01646423339844,325.0942077636719,569.7752685546875,278.8475341796875,49.01594924926758,1645.43701171875
2018-08-21,632.3212280273438,492.1707458496094,214.77928161621094,325.4784240722656,569.6516723632812,278.2583923339844,47.60533142089844,1651.74072265625
2018-08-23,628.3428955078125,488.3785705566406,209.7039031982422,323.8935852050781,575.1878662109375,274.1343688964844,46.7466926574707,1666.0257568359375
2018-08-24,636.4489135742188,486.0187683105469,210.70001220703125,318.5387268066406,567.326171875,272.32159423828125,47.069705963134766,1672.4935302734375
2018-08-27,646.6934204101562,488.5076904296875,218.4316864013672,327.9458312988281,582.5971069335938,279.1647644042969,47.527645111083984,1678.960693359375
2018-08-28,656.490234375,491.8889465332031,226.7325439453125,326.98095703125,586.425048828125,276.7628173828125,48.27588653564453,1693.94189453125
2018-08-29,653.357177734375,488.0498046875,224.6929168701172,328.6694641113281,580.4154052734375,280.70562744140625,48.59071731567383,1696.234130859375
2018-08-30,646.2457275390625,485.13824462890625,227.91839599609375,332.2393493652344,582.9263305664062,279.7085876464844,49.74783706665039,1704.7479248046875
2018-08-31,645.7484741210938,483.98760986328125,225.7364501953125,330.55084228515625,593.1754150390625,280.6149597167969,49.105899810791016,1701.4736328125
2018-09-03,628.392578125,487.23968505859375,227.11204528808594,322.3980407714844,590.35595703125,277.6692199707031,49.126346588134766,1680.597900390625
2018-09-04,638.3385620117188,481.7804260253906,223.0327606201172,316.9467468261719,606.841064453125,268.6507873535156,48.49667739868164,1718.25537109375
2018-09-05,634.2110595703125,480.3832702636719,227.63380432128906,318.0563049316406,600.87255859375,268.78668212890625,48.60707092285156,1702.16943359375
2018-09-06,634.758056640625,481.8742980957031,223.31732177734375,317.0915222167969,598.608642578125,268.6960754394531,49.08954620361328,1698.935791015625
2018-09-07,642.0684204101562,482.9896545410156,230.100341796875,323.3146667480469,603.2598876953125,264.3454895019531,50.631011962890625,1702.66064453125
2018-09-10,648.2349243164062,479.2796936035156,223.60195922851562,321.1919860839844,601.6546630859375,258.18206787109375,50.181243896484375,1703.3975830078125
2018-09-11,646.6436157226562,469.71124267578125,219.71240234375,315.0653381347656,604.4948120117188,256.1427307128906,48.41899108886719,1675.1539306640625
2018-09-12,632.0228881835938,472.3997802734375,226.86448669433594,311.5437316894531,611.5745849609375,258.58990478515625,49.51886749267578,1673.271484375
2018-09-14,632.9677734375,476.5675964355469,234.06427001953125,316.8019714355469,604.0009155273438,263.4390869140625,50.29164123535156,1690.8310546875
2018-09-17,622.5740966796875,467.78582763671875,230.15444946289062,314.2452392578125,597.6209716796875,258.58990478515625,50.406124114990234,1697.994384765625
2018-09-18,605.3176879882812,467.0813293457031,223.28843688964844,307.6361389160156,591.9817504882812,248.1665496826172,50.10764694213867,1695.2109375
2018-09-19,605.5166015625,460.5419616699219,224.7188720703125,309.66229248046875,592.516845703125,246.08192443847656,50.79864501953125,1701.0640869140625
2018-09-21,595.9684448242188,462.63177490234375,229.24851989746094,305.9476623535156,580.6211547851562,245.26620483398438,51.12166213989258,1721.7347412109375
2018-09-24,594.1283569335938,452.1710205078125,228.77171325683594,297.891357421875,591.2820434570312,239.601318359375,49.69468307495117,1799.7515869140625
2018-09-25,611.0366821289062,458.4404296875,231.77560424804688,300.15869140625,597.82666015625,245.53810119628906,49.14678955078125,1787.2674560546875
2018-09-26,614.1199951171875,462.150390625,236.4483184814453,302.08837890625,590.95263671875,239.1481170654297,49.79280471801758,1753.6624755859375
2018-09-27,596.913330078125,464.0171203613281,232.58616638183594,295.86517333984375,596.6741333007812,240.50767517089844,50.00951385498047,1791.8929443359375
2018-09-28,609.9425659179688,471.0379638671875,218.9971923828125,294.80389404296875,600.9959716796875,240.64366149902344,47.531734466552734,1787.6767578125
2018-10-01,590.2493896484375,477.9412841796875,231.63253784179688,302.9566955566406,614.6616821289062,248.21192932128906,47.691192626953125,1846.49658203125
2018-10-03,569.1636962890625,476.9316101074219,241.979248046875,293.01898193359375,599.7200927734375,246.2632293701172,47.39680099487305,1770.608154296875
2018-10-04,583.0881958007812,459.69659423828125,240.16738891601562,305.3688049316406,582.1854248046875,245.94593811035156,47.617591857910156,1690.33984375
2018-10-05,565.4339599609375,461.469482421875,229.86837768554688,296.4923400878906,596.5093994140625,234.16302490234375,46.448211669921875,1721.3255615234375
2018-10-08,553.5484008789062,456.702880859375,212.2265625,299.9175109863281,588.1536865234375,240.87020874023438,45.777652740478516,1700.7779541015625
2018-10-09,549.8682861328125,455.6697082519531,213.84767150878906,295.4792785644531,590.8704833984375,238.33238220214844,46.81620788574219,1712.443359375
2018-10-10,586.0223388671875,461.9038391113281,216.374755859375,308.6009826660156,576.6287231445312,252.56256103515625,47.727989196777344,1672.984375
2018-10-11,577.7173461914062,454.9535217285156,206.45718383789062,300.7376403808594,554.3192749023438,237.60726928710938,45.397403717041016,1620.8778076171875
2018-10-12,581.74560546875,465.3554992675781,216.18402099609375,308.16680908203125,558.8057861328125,239.0574951171875,47.14330291748047,1570.407958984375
2018-10-15,573.4405517578125,471.5075378417969,220.99977111816406,302.32958984375,575.270263671875,238.55897521972656,46.61176300048828,1595.9500732421875
2018-10-16,585.6741943359375,467.91497802734375,219.85543823242188,309.3728332519531,572.3478393554688,244.99423217773438,46.840728759765625,1606.4285888671875
2018-10-17,572.9432373046875,463.6531677246094,217.18533325195312,303.72857666015625,580.6624755859375,236.70089721679688,45.35652160644531,1579.49560546875
2018-10-19,559.5160522460938,462.0447692871094,216.47010803222656,304.355712890625,562.7161865234375,236.65557861328125,45.381046295166016,1566.233154296875
2018-10-22,559.0187377929688,469.35906982421875,213.60928344726562,315.5959777832031,559.7525024414062,235.9757843017578,44.54694747924805,1557.8828125
2018-10-23,559.7149658203125,466.0599670410156,209.31800842285156,311.4954833984375,541.3533325195312,231.71578979492188,44.616455078125,1512.4757080078125
2018-10-24,561.0576171875,467.79754638671875,219.1879119873047,310.67535400390625,534.9322509765625,231.76113891601562,44.98035430908203,1516.4542236328125
2018-10-25,558.0241088867188,462.29132080078125,212.03582763671875,308.69744873046875,539.8836669921875,226.1868896484375,44.628719329833984,1520.1461181640625
2018-10-26,534.8001098632812,460.5067138671875,210.98683166503906,304.5487060546875,527.2759399414062,224.8726348876953,45.10301208496094,1475.927734375
2018-10-29,563.6436767578125,452.3119201660156,213.75230407714844,337.1116943359375,536.5550537109375,242.81890869140625,46.91433334350586,1534.91259765625
2018-10-30,559.665283203125,449.1302795410156,213.513916015625,333.5418395996094,548.9129638671875,247.5774383544922,46.16200637817383,1554.4375
2018-10-31,579.2589721679688,448.8954772949219,210.17625427246094,342.5147399902344,571.2156982421875,255.0550537109375,45.29108810424805,1590.0006103515625
2018-11-01,598.9024658203125,449.0010986328125,220.52296447753906,341.260498046875,554.8217163085938,259.1337890625,45.51597595214844,1588.0316162109375
2018-11-02,607.3566284179688,457.74774169921875,229.2962188720703,341.9841003417969,551.1183471679688,258.63525390625,46.942955017089844,1569.7373046875
2018-11-05,621.032470703125,459.2857360839844,231.1080780029297,337.3529052734375,554.2388916015625,267.3365173339844,47.22098159790039,1551.19677734375
2018-11-06,604.1740112304688,457.0668029785156,231.3464813232422,340.68157958984375,554.6135864257812,259.6322937011719,47.08197021484375,1585.5294189453125
2018-11-07,603.5771484375,459.74359130859375,232.72921752929688,343.38311767578125,562.1449584960938,259.722900390625,47.449954986572266,1593.2818603515625
2018-11-09,609.8928833007812,456.7967529296875,227.72274780273438,344.2996826171875,548.829833984375,256.73187255859375,46.79166793823242,1566.25048828125
2018-11-12,603.2787475585938,451.0792236328125,218.61573791503906,339.95794677734375,552.7411499023438,251.92807006835938,47.66257858276367,1570.885986328125
2018-11-13,614.9653930664062,452.65240478515625,220.80905151367188,348.2072448730469,553.9893798828125,252.01869201660156,48.18184280395508,1587.3751220703125
2018-11-14,609.3955688476562,459.69659423828125,218.85415649414062,353.7068176269531,543.5869750976562,257.04913330078125,48.17367172241211,1542.829345703125
2018-11-15,622.7233276367188,463.7823486328125,222.76397705078125,356.9872131347656,546.25,258.6805725097656,48.194114685058594,1536.429931640625
2018-11-16,616.4572143554688,470.62701416015625,219.28326416015625,354.6233825683594,541.6314086914062,263.6656494140625,46.94704055786133,1547.7108154296875
2018-11-19,612.9761352539062,472.8811340332031,223.5745391845703,349.65447998046875,542.3387451171875,261.1731262207031,47.62577438354492,1560.7132568359375
2018-11-20,609.3458251953125,472.5406799316406,211.6543731689453,345.312744140625,533.7671508789062,256.91314697265625,46.063873291015625,1540.860107421875
2018-11-21,623.4691772460938,474.02001953125,212.79869079589844,344.2032165527344,515.2092895507812,260.1761169433594,45.09074783325195,1486.5107421875
2018-11-22,611.235595703125,470.90875244140625,207.98297119140625,339.66851806640625,516.5824584960938,256.23333740234375,44.12989044189453,1486.9619140625
2018-11-26,627.6465454101562,481.310791015625,208.65048217773438,343.8172607421875,517.1649780273438,259.5869445800781,43.39800262451172,1514.4853515625
2018-11-27,621.8779907226562,484.6451416015625,209.69944763183594,342.17706298828125,531.6866455078125,262.30609130859375,42.711097717285156,1550.7047119140625
2018-11-28,624.5634155273438,490.5739440917969,206.02804565429688,346.3740539550781,554.5718994140625,257.9101867675781,42.84602355957031,1627.5322265625
2018-11-29,627.9947509765625,500.3890686035156,214.08609008789062,349.4615478515625,550.1196899414062,259.5869445800781,43.63106155395508,1608.376953125
2018-11-30,622.3751831054688,499.77850341796875,215.7072296142578,342.65948486328125,555.44580078125,258.0008239746094,43.29987335205078,1614.693603515625
2018-12-03,621.4302978515625,496.2211608886719,222.23947143554688,342.9971923828125,557.8590087890625,259.9494934082031,44.00314712524414,1626.302001953125
2018-12-04,619.888671875,489.70526123046875,222.52557373046875,345.36102294921875,570.258544921875,256.0973815917969,44.011314392089844,1649.641357421875
2018-12-05,611.6334228515625,492.9102783203125,211.0822296142578,339.0413513183594,567.0548706054688,253.922119140625,42.334930419921875,1646.27783203125
2018-12-06,596.8138427734375,492.4054870605469,207.792236328125,335.4232482910156,556.3194580078125,249.84341430664062,41.721614837646484,1634.751708984375
2018-12-07,600.6928100585938,494.88275146484375,208.65048217773438,339.8132629394531,568.2198486328125,249.61679077148438,41.64801788330078,1636.802490234375
2018-12-10,587.1163940429688,490.45660400390625,207.792236328125,334.16900634765625,556.9020385742188,248.52914428710938,41.120567321777344,1620.88720703125
2018-12-11,600.9910888671875,483.6001281738281,206.21876525878906,330.7438049316406,561.312744140625,254.91912841796875,40.9488410949707,1640.740478515625
2018-12-12,616.6065063476562,489.6465148925781,211.03451538085938,337.6423645019531,564.641357421875,258.54461669921875,42.54345703125,1654.5225830078125
2018-12-13,615.7610473632812,493.4034729003906,210.08091735839844,337.25640869140625,580.6609497070312,261.94354248046875,41.889251708984375,1626.4661865234375
2018-12-14,616.9049072265625,492.0885009765625,209.9378662109375,339.5237731933594,587.5682983398438,262.1248474121094,41.99556350708008,1632.331787109375
2018-12-17,613.8215942382812,500.18939208984375,214.9920196533203,345.84344482421875,577.8732299804688,262.3967590332031,42.85011291503906,1636.0643310546875
2018-12-18,616.0593872070312,501.4222106933594,214.80130004882812,349.509765625,563.060302734375,265.34246826171875,43.09543991088867,1630.772705078125
2018-12-19,638.189453125,498.60443115234375,216.61317443847656,353.6103210449219,553.281982421875,272.5482177734375,43.12814712524414,1614.857421875
2018-12-20,629.5364379882812,501.8917236328125,213.513916015625,349.4132995605469,555.1128540039062,266.520751953125,42.796958923339844,1603.04443359375
2018-12-21,617.5015869140625,495.7162780761719,213.60928344726562,341.7428894042969,537.76171875,264.572021484375,42.53936767578125,1555.2576904296875
2018-12-24,611.6831665039062,488.55462646484375,207.74456787109375,340.3438720703125,540.0916748046875,265.6143798828125,42.00782775878906,1573.8802490234375
2018-12-26,616.1588745117188,498.3461608886719,208.45977783203125,343.3348693847656,535.972412109375,266.6114196777344,41.987388610839844,1549.843505859375
2018-12-27,614.2194213867188,494.2840270996094,210.3670196533203,343.1418762207031,546.5828857421875,264.79864501953125,41.41904830932617,1566.045654296875
2018-12-28,621.678955078125,498.475341796875,213.13246154785156,348.0625305175781,546.7075805664062,267.20050048828125,41.93832015991211,1555.4627685546875
2018-12-31,616.5567626953125,498.1935119628906,215.7072296142578,347.4836120605469,548.3720703125,268.1975402832031,42.6088752746582,1553.001953125
2019-01-01,623.9168701171875,504.3924560546875,212.41725158691406,350.9570007324219,553.4483642578125,271.5511779785156,42.17546463012695,1561.0003662109375
2019-01-02,616.7058715820312,499.790283203125,204.59764099121094,351.7771301269531,556.7771606445312,266.3847961425781,40.36824035644531,1577.81787109375
2019-01-03,604.671142578125,495.86895751953125,199.4958038330078,350.474609375,556.860595703125,263.846923828125,39.35422897338867,1558.6622314453125
2019-01-04,616.2583618164062,497.1955871582031,201.116943359375,352.3560791015625,550.1196899414062,269.7837219238281,39.87759017944336,1539.7115478515625
2019-01-07,634.0120849609375,497.94696044921875,198.87596130371094,354.7680969238281,558.9824829101562,268.5600891113281,39.70177459716797,1556.98046875
2019-01-08,647.3896484375,493.8026428222656,196.92105102539062,366.7802429199219,557.6094360351562,276.7174987792969,40.180152893066406,1553.412109375
2019-01-09,666.4859619140625,497.04296875,196.1581573486328,368.806396484375,562.644287109375,276.7174987792969,39.186588287353516,1547.9974365234375
2019-01-10,659.6729125976562,495.0940246582031,194.5369873046875,366.1531066894531,565.6400146484375,276.9441223144531,39.284725189208984,1549.310302734375
2019-01-11,662.9053955078125,495.892333984375,196.3012237548828,365.23651123046875,568.8025512695312,274.4062194824219,38.77771759033203,1511.572998046875
2019-01-14,655.644775390625,493.485595703125,196.5872802734375,360.2193908691406,584.11474609375,272.2762451171875,38.50376892089844,1487.5362548828125
2019-01-15,657.0372314453125,498.2404479980469,198.82826232910156,359.6405029296875,604.6697998046875,273.4092102050781,38.84722137451172,1532.2877197265625
2019-01-16,660.4188842773438,497.84124755859375,198.73291015625,362.1007995605469,613.1581420898438,274.768798828125,38.806339263916016,1534.2152099609375
2019-01-17,673.0007934570312,500.6824951171875,196.44422912597656,361.4254150390625,610.2871704101562,269.55712890625,38.69185256958008,1557.3582763671875
2019-01-18,661.015625,500.2010803222656,199.11436462402344,358.9168701171875,608.2898559570312,267.3365173339844,38.4874153137207,1562.57861328125
2019-01-21,656.7388305664062,504.40423583984375,198.0177001953125,358.62744140625,619.9820556640625,265.070556640625,38.573280334472656,1569.19677734375
2019-01-22,658.0317993164062,501.5160827636719,194.10789489746094,356.0706481933594,620.2733154296875,263.0765075683594,37.33438491821289,1563.6063232421875
2019-01-23,658.0317993164062,494.3660888671875,195.91973876953125,354.4786682128906,608.872314453125,259.81353759765625,37.992679595947266,1541.984130859375
2019-01-24,660.0707397460938,493.6265563964844,195.53829956054688,351.9700927734375,612.5123291015625,261.0824890136719,37.6778450012207,1563.3187255859375
2019-01-25,666.1378784179688,492.1589660644531,194.96612548828125,344.63739013671875,611.131591796875,258.6805725097656,37.035911560058594,1579.1448974609375
2019-01-28,652.7603759765625,489.3764343261719,190.72256469726562,331.4674072265625,609.1233520507812,255.23635864257812,36.44712829589844,1607.26123046875
2019-01-29,657.1864013671875,483.1423034667969,190.29345703125,334.6513977050781,609.08154296875,254.32998657226562,36.29175567626953,1630.075927734375
2019-01-30,687.2235717773438,477.76519775390625,196.25352478027344,353.0314025878906,607.407958984375,260.5386657714844,38.22573471069336,1628.9654541015625
2019-01-31,718.8023071289062,488.3902587890625,198.82826232910156,351.6324157714844,627.197509765625,266.158203125,38.982154846191406,1655.8492431640625
2019-02-01,713.3817138671875,490.85577392578125,201.59373474121094,342.17706298828125,633.4734497070312,257.77423095703125,38.818603515625,1668.880126953125
2019-02-04,716.6142578125,494.248779296875,194.72775268554688,342.0805969238281,632.5110473632812,257.3663330078125,38.92900466918945,1685.569091796875
2019-02-05,725.5656127929688,496.39727783203125,195.25222778320312,340.2474060058594,631.6324462890625,258.0008239746094,38.000850677490234,1680.88330078125
2019-02-06,721.8358154296875,498.41656494140625,201.59373474121094,346.6635437011719,638.7029418945312,261.9888916015625,39.669063568115234,1705.7528076171875
2019-02-07,726.212158203125,497.1485900878906,199.4958038330078,346.0363464355469,639.2887573242188,260.49334716796875,39.99207305908203,1712.4112548828125
2019-02-08,715.5200805664062,498.41656494140625,196.348876953125,342.61126708984375,636.69482421875,259.2243957519531,38.33204650878906,1694.7354736328125
2019-02-11,707.0161743164062,502.4083251953125,190.19805908203125,337.7388610839844,638.28466796875,254.2393035888672,39.30925369262695,1698.435546875
2019-02-12,701.7945556640625,500.072021484375,189.14910888671875,332.1910705566406,627.9505615234375,249.61679077148438,39.85715103149414,1686.6790771484375
2019-02-14,691.2517700195312,495.4931640625,182.85525512695312,331.8533935546875,619.248291015625,242.0938720703125,39.460540771484375,1680.92431640625
2019-02-15,682.89697265625,493.25079345703125,177.94415283203125,330.1166687011719,620.8380737304688,238.33238220214844,38.229820251464844,1668.67431640625
2019-02-18,689.5609130859375,490.7265319824219,175.98924255371094,326.8362731933594,620.0849609375,235.61325073242188,38.07036590576172,1619.8402099609375
2019-02-19,689.3121948242188,489.3529968261719,177.89646911621094,331.1780090332031,606.0691528320312,238.2870635986328,38.51194763183594,1565.9906005859375
2019-02-20,696.5728149414062,495.0588684082031,184.04727172851562,333.0594482421875,619.7922973632812,242.63766479492188,40.16380310058594,1574.1708984375
2019-02-21,693.4398803710938,496.8316955566406,185.38232421875,338.9449157714844,613.7256469726562,242.9095916748047,40.7934684753418,1573.7183837890625
2019-02-22,698.2637329101562,491.0905456542969,187.3372344970703,339.66851806640625,614.9808349609375,245.5834197998047,41.075592041015625,1583.1317138671875
2019-02-25,699.90478515625,499.06231689453125,187.38490295410156,343.0936584472656,631.6742553710938,244.85830688476562,41.304561614990234,1632.0484619140625
2019-02-26,706.3200073242188,495.598876953125,187.38490295410156,335.95391845703125,621.2982788085938,241.41407775878906,41.18190002441406,1676.073486328125
2019-02-27,714.3265380859375,491.2784118652344,186.86044311523438,333.3970947265625,615.2318115234375,242.59237670898438,41.468116760253906,1692.0230712890625
2019-02-28,705.7232055664062,487.8267517089844,186.66970825195312,337.8352966308594,614.4368286132812,243.8612518310547,40.92430877685547,1630.6507568359375
2019-03-01,698.61181640625,489.1886901855469,187.0511474609375,341.7911071777344,620.7962646484375,247.39617919921875,41.509002685546875,1640.4757080078125
2019-03-05,728.1018676757812,494.76531982421875,189.53057861328125,350.474609375,612.9306030273438,250.56851196289062,42.66612243652344,1634.4736328125
2019-03-06,716.713623046875,494.09613037109375,193.34500122070312,358.8686218261719,612.9306030273438,252.0640106201172,42.59252166748047,1643.928466796875
2019-03-07,729.792724609375,499.32061767578125,191.2947235107422,357.7590637207031,604.9395751953125,255.3722686767578,42.61705780029297,1655.191650390625
2019-03-08,729.4446411132812,499.7197570800781,186.47898864746094,357.5661315917969,596.06982421875,254.873779296875,41.52944564819336,1662.919189453125
2019-03-11,730.5386962890625,499.77850341796875,191.72386169433594,362.6315002441406,595.1494140625,260.4480285644531,42.576168060302734,1656.424560546875
2019-03-12,738.5452880859375,509.7696838378906,193.96485900878906,374.5471496582031,591.5513305664062,260.0401611328125,42.94415283203125,1654.4925537109375
2019-03-13,734.019775390625,522.813232421875,192.91587829589844,378.11700439453125,592.8065185546875,265.7050476074219,42.01191711425781,1644.6683349609375
2019-03-14,736.6057739257812,522.3905639648438,191.43775939941406,374.2576599121094,592.722900390625,264.572021484375,42.330841064453125,1633.898681640625
2019-03-15,731.135498046875,529.0239868164062,189.81663513183594,381.3974304199219,601.2578125,270.4635009765625,42.150936126708984,1677.10107421875
2019-03-18,742.9712524414062,531.0079956054688,190.05503845214844,384.0506591796875,594.2708740234375,270.9620666503906,42.9482421875,1663.0018310546875
2019-03-19,756.7963256835938,532.4873657226562,192.9635467529297,384.388427734375,604.3538208007812,274.67816162109375,43.136329650878906,1663.0018310546875
2019-03-20,751.6741333007812,539.8250732421875,197.54090881347656,379.0818176269531,618.327880859375,275.3579406738281,41.99965286254883,1656.6302490234375
2019-03-22,752.9671020507812,534.4597778320312,199.4004364013672,378.0205078125,621.8003540039062,270.1462707519531,42.392173767089844,1648.9022216796875
2019-03-25,741.6782836914062,535.6690673828125,195.91973876953125,370.0124206542969,615.2318115234375,266.4754638671875,42.12640380859375,1631.3087158203125
2019-03-26,753.0167846679688,542.7249755859375,198.82826232910156,380.2396545410156,608.9561157226562,275.0860900878906,42.4698600769043,1629.99365234375
2019-03-27,755.2049560546875,539.9307861328125,198.0177001953125,379.3713073730469,610.5877685546875,279.8898010253906,42.179561614990234,1617.8670654296875
2019-03-28,776.4895629882812,540.7174072265625,192.9635467529297,386.4627685546875,617.3656616210938,289.13494873046875,41.40269088745117,1644.50390625
2019-04-01,761.470947265625,542.8306274414062,205.88499450683594,384.2436218261719,631.8414916992188,292.5338439941406,43.76190948486328,1670.2777099609375
2019-04-02,763.2612915039062,538.8507080078125,206.8863067626953,383.182373046875,635.439697265625,298.1986999511719,43.39391326904297,1709.4520263671875
2019-04-03,757.3930053710938,538.3575439453125,205.93270874023438,378.3099060058594,630.3353881835938,290.4944763183594,43.78643035888672,1709.4520263671875
2019-04-04,758.03955078125,536.2911987304688,200.68780517578125,375.0777587890625,625.8168334960938,291.6727600097656,43.39391326904297,1656.1781005859375
2019-04-05,758.0892944335938,541.3748779296875,205.40821838378906,376.814453125,635.35595703125,287.3674621582031,44.91902160644531,1683.9658203125
2019-04-08,750.5302124023438,537.5708618164062,204.5022735595703,373.48583984375,642.00830078125,283.5153503417969,44.89857864379883,1702.4229736328125
2019-04-09,759.2828369140625,537.0660400390625,207.07701110839844,383.182373046875,636.4437255859375,285.2828063964844,45.22568130493164,1719.4820556640625
2019-04-10,756.74658203125,525.3492431640625,201.87982177734375,380.3360900878906,629.8333740234375,281.7932434082031,44.51831817626953,1677.3480224609375
2019-04-11,748.24267578125,530.0805053710938,201.4984130859375,376.3320617675781,621.4656372070312,285.41876220703125,43.806880950927734,1660.2889404296875
2019-04-12,760.2277221679688,531.9003295898438,200.02029418945312,380.7220153808594,625.69140625,285.7359619140625,43.63924026489258,1656.1781005859375
2019-04-15,758.7357788085938,537.4301147460938,202.88113403320312,378.93707275390625,608.746826171875,286.0532531738281,45.233848571777344,1737.404296875
2019-04-16,766.9412841796875,541.2457275390625,204.97906494140625,392.6859436035156,605.9017944335938,286.1891784667969,45.242034912109375,1752.614013671875
2019-04-18,767.040771484375,538.5689086914062,197.5885772705078,390.1773681640625,600.002685546875,281.7026062011719,44.41201400756836,1767.617919921875
2019-04-22,751.4254150390625,532.7103881835938,191.10400390625,380.62554931640625,603.3497314453125,281.02276611328125,43.68421936035156,1776.98974609375
2019-04-23,749.1875610351562,527.2158813476562,191.0563507080078,382.55523681640625,609.3325805664062,276.67218017578125,42.796958923339844,1771.7281494140625
2019-04-24,748.7896728515625,535.3050537109375,191.39010620117188,386.9934387207031,616.2359008789062,281.6572570800781,42.95233154296875,1795.076416015625
2019-04-25,736.9042358398438,531.4776611328125,187.43260192871094,381.4938659667969,609.6254272460938,277.53326416015625,41.76659393310547,1804.57275390625
2019-04-26,755.8017578125,535.5868530273438,191.8192138671875,392.87890625,617.53271484375,283.2434387207031,44.58783721923828,1840.3758544921875
2019-04-30,762.7142333984375,544.1572875976562,196.491943359375,393.1683349609375,628.7037963867188,280.9322204589844,45.56504821777344,1858.2982177734375
2019-05-02,748.2923583984375,553.1622314453125,195.20455932617188,381.63861083984375,611.5081176757812,279.30072021484375,45.381046295166016,1821.34375
2019-05-03,753.2156372070312,556.0151977539062,195.5860137939453,387.66876220703125,605.4834594726562,280.9775085449219,44.79636001586914,1752.7781982421875
2019-05-06,743.4188232421875,546.740234375,189.67359924316406,387.1863708496094,601.1324462890625,279.8445129394531,43.82732391357422,1774.0303955078125
2019-05-07,737.8490600585938,545.3079223632812,191.1516876220703,372.90692138671875,606.2783203125,276.853515625,43.389827728271484,1769.179931640625
2019-05-08,731.5332641601562,541.7623291015625,190.72256469726562,368.7581787109375,601.9273071289062,270.3275451660156,42.73971939086914,1769.919677734375
2019-05-09,727.0575561523438,537.9232177734375,188.95838928222656,367.9862976074219,603.3497314453125,271.2792053222656,42.4535026550293,1786.115478515625
2019-05-10,731.085693359375,539.2381591796875,186.7174072265625,371.55615234375,599.8352661132812,279.2100830078125,39.808082580566406,1755.9022216796875
2019-05-13,728.1515502929688,537.0543212890625,183.2843780517578,363.065673828125,602.2200317382812,278.167724609375,38.62234115600586,1750.106201171875
2019-05-14,727.4056396484375,537.21875,183.9995880126953,367.02142333984375,597.3250732421875,285.1921691894531,38.397457122802734,1720.1807861328125
2019-05-15,718.056396484375,536.93701171875,181.8062744140625,363.78924560546875,599.2077026367188,282.88092041015625,37.85774612426758,1722.688232421875
2019-05-16,727.9028930664062,542.5606689453125,185.5730743408203,369.0475769042969,613.432861328125,286.1891784667969,38.37293243408203,1733.6636962890625
2019-05-17,744.9107666015625,554.6415405273438,182.80755615234375,375.994384765625,605.7345581054688,289.3614807128906,38.389286041259766,1722.729248046875
2019-05-20,778.1803588867188,571.1368408203125,189.53057861328125,393.3612976074219,604.4793701171875,312.42889404296875,39.5627555847168,1762.6026611328125
2019-05-21,768.7813110351562,564.4095458984375,186.90811157226562,386.07684326171875,593.5177001953125,305.9482727050781,38.64278793334961,1734.485595703125
2019-05-22,774.9478759765625,564.8909301757812,188.81533813476562,391.0939636230469,593.8943481445312,309.1659240722656,38.67958068847656,1711.4664306640625
2019-05-23,772.2127075195312,547.5972290039062,182.85525512695312,396.4005126953125,586.6143798828125,310.1629638671875,38.000850677490234,1688.6932373046875
2019-05-24,788.922119140625,557.2830810546875,186.7174072265625,416.56549072265625,593.4339599609375,322.0818176269531,39.59138107299805,1683.7191162109375
2019-05-27,809.510498046875,565.5015258789062,191.2947235107422,420.18359375,592.5136108398438,327.8372802734375,41.91379165649414,1689.597412109375
2019-05-28,804.0401000976562,567.3447875976562,192.4867706298828,419.02581787109375,609.2488403320312,326.3417663574219,41.464027404785156,1704.8892822265625
2019-05-29,800.360107421875,567.509033203125,190.05503845214844,408.4126892089844,608.9978637695312,316.0090637207031,40.339622497558594,1732.677001953125
2019-05-30,803.1947021484375,572.8275146484375,189.33982849121094,411.2106628417969,613.8092651367188,320.4502868652344,39.90212631225586,1764.53466796875
2019-05-31,803.9406127929688,569.4931640625,187.8617401123047,408.7986145019531,617.3237915039062,319.49859619140625,39.930747985839844,1805.84619140625
2019-06-03,808.2671508789062,576.9483032226562,190.150390625,408.0267028808594,623.097412109375,322.17242431640625,40.695343017578125,1843.4591064453125
2019-06-04,818.362548828125,575.8212280273438,188.62461853027344,404.36041259765625,615.2736206054688,319.407958984375,40.695343017578125,1809.3133544921875
2019-06-06,803.3439331054688,569.023681640625,185.81146240234375,397.075927734375,615.5247192382812,305.3591003417969,39.628177642822266,1795.2239990234375
2019-06-07,799.663818359375,574.7294311523438,185.76377868652344,401.9483337402344,618.4533081054688,310.0269470214844,39.42374038696289,1808.1942138671875
2019-06-10,809.7591552734375,572.9800415039062,189.05372619628906,401.4659118652344,630.5028076171875,312.0662841796875,39.74674606323242,1849.4259033203125
2019-06-11,810.4056396484375,574.9053955078125,190.3411102294922,406.53125,631.6742553710938,314.60418701171875,40.27419662475586,1867.0789794921875
2019-06-12,809.1622924804688,569.8923950195312,190.05503845214844,403.2990417480469,630.7537841796875,311.79437255859375,41.36589431762695,1873.7921142578125
2019-06-13,815.726806640625,574.0368041992188,190.38877868652344,404.8428039550781,630.2021484375,314.06036376953125,41.096038818359375,1868.15673828125
2019-06-14,796.8789672851562,571.7826538085938,189.05372619628906,403.057861328125,628.3352661132812,311.61309814453125,41.03470993041992,1868.488037109375
2019-06-17,773.5057373046875,568.70654296875,184.61944580078125,399.63275146484375,628.420166015625,306.22015380859375,38.687767028808594,1864.095703125
2019-06-18,771.566162109375,567.5911865234375,181.13876342773438,407.3031311035156,636.566650390625,308.2142333984375,38.62234115600586,1865.463134765625
2019-06-19,766.5435180664062,570.1976928710938,181.23410034179688,405.0357666015625,638.0515747070312,307.12652587890625,40.4050407409668,1872.9630126953125
2019-06-20,767.2396850585938,573.2691040039062,185.2869873046875,418.157470703125,640.5973510742188,312.83673095703125,40.96928405761719,1887.9229736328125
2019-06-21,766.8915405273438,570.3984375,188.4815673828125,415.6488952636719,636.6090087890625,316.6888427734375,40.695343017578125,1864.634033203125
2019-06-24,758.7357788085938,571.284423828125,189.00607299804688,414.3464050292969,632.6206665039062,320.13311767578125,39.76310348510742,1885.892333984375
2019-06-25,777.4344482421875,573.8244018554688,193.10659790039062,418.398681640625,634.8269653320312,323.16943359375,40.72395706176758,1879.5106201171875
2019-06-26,784.3468627929688,583.0859985351562,198.6852264404297,423.2228088378906,627.2745361328125,324.6196594238281,41.754329681396484,1868.2393798828125
2019-06-27,796.133056640625,581.762939453125,196.5395965576172,425.44195556640625,619.934326171875,328.24517822265625,41.762508392333984,1866.8719482421875
2019-06-28,804.1892700195312,577.380126953125,197.44554138183594,421.7273254394531,621.1647338867188,327.4294738769531,41.24732208251953,1845.862060546875
2019-07-01,806.0791015625,587.256103515625,199.20968627929688,423.56048583984375,620.5707397460938,327.7013244628906,41.455841064453125,1856.09814453125
2019-07-02,798.2713623046875,589.4888916015625,199.6388702392578,421.3896484375,627.9534301757812,330.3751525878906,41.60713577270508,1866.499267578125
2019-07-03,801.85205078125,588.224853515625,199.0189971923828,420.6177673339844,620.5707397460938,331.8706970214844,41.729793548583984,1854.5233154296875
2019-07-04,805.48681640625,586.8427124023438,197.302490234375,420.8589782714844,622.692138671875,333.003662109375,41.56196975708008,1858.6671142578125
2019-07-05,802.7481689453125,584.1492309570312,189.67359924316406,421.00372314453125,609.2845458984375,335.94940185546875,40.1396484375,1792.738037109375
2019-07-08,779.6447143554688,569.3116455078125,188.43389892578125,410.9212646484375,608.945068359375,322.0364990234375,39.27534866333008,1802.931396484375
2019-07-09,782.9309692382812,562.1171875,188.71998596191406,413.4297790527344,607.1631469726562,325.84326171875,39.30891418457031,1768.08154296875
2019-07-10,766.0514526367188,564.3853759765625,184.6671142578125,415.7453308105469,608.6481323242188,321.03948974609375,38.16350173950195,1747.2373046875
2019-07-11,763.21337890625,568.7327270507812,189.24447631835938,411.54833984375,612.2545776367188,329.1968688964844,38.767677307128906,1742.554931640625
2019-07-12,752.6573486328125,565.60205078125,189.6259002685547,412.0307922363281,616.709716796875,329.5594482421875,39.68232727050781,1746.739990234375
2019-07-15,746.632568359375,565.8030395507812,190.8656005859375,407.4478454589844,661.3452758789062,326.3417663574219,39.296329498291016,1778.316162109375
2019-07-16,757.8855590820312,564.9642333984375,189.8643341064453,409.6669921875,666.012451171875,330.23919677734375,40.001190185546875,1749.49072265625
2019-07-17,749.4706420898438,566.4409790039062,194.01254272460938,409.763427734375,673.9044189453125,337.5355224609375,39.91727828979492,1758.83642578125
2019-07-18,737.3214721679688,569.85498046875,191.24705505371094,403.92620849609375,672.6739501953125,329.6047058105469,39.15367126464844,1716.220703125
2019-07-19,726.2177734375,561.290283203125,186.90811157226562,395.8698425292969,666.479248046875,322.67095947265625,38.43622589111328,1725.3585205078125
2019-07-22,724.42529296875,542.7669677734375,193.01123046875,397.9976806640625,665.630615234375,318.0030822753906,39.06556701660156,1752.73046875
2019-07-23,724.9729614257812,534.7927856445312,193.67877197265625,398.4328918457031,670.4251098632812,310.1629638671875,38.58726119995117,1754.848876953125
2019-07-24,709.3382568359375,538.9038696289062,188.1001434326172,395.09613037109375,667.242919921875,307.80633544921875,37.42506790161133,1741.848388671875
2019-07-25,720.1431884765625,540.1207275390625,187.62335205078125,395.5797119140625,674.2012939453125,309.34716796875,36.950965881347656,1767.683349609375
2019-07-26,726.815185546875,538.0532836914062,188.81533813476562,402.1082458496094,667.8370361328125,310.5254821777344,37.383113861083984,1752.0240478515625
2019-07-29,717.2551879882812,530.2564086914062,184.28565979003906,415.261962890625,671.6133422851562,311.61309814453125,36.37196350097656,1769.4281005859375
2019-07-30,704.6578369140625,532.1348876953125,181.28179931640625,411.3932189941406,672.6739501953125,296.88446044921875,34.827972412109375,1810.2576904296875
2019-07-31,671.2969970703125,531.9930419921875,181.7109375,410.6678771972656,673.4801635742188,301.0991516113281,36.25448989868164,1832.3131103515625
2019-08-01,666.5170288085938,526.1087036132812,174.27273559570312,403.36553955078125,652.4351196289062,287.4581298828125,35.243343353271484,1811.0054931640625
2019-08-02,671.0481567382812,524.3446044921875,172.03175354003906,397.127197265625,658.1631469726562,279.5726623535156,34.328697204589844,1831.9810791015625
2019-08-05,659.6954956054688,516.0330810546875,167.5974578857422,389.43804931640625,659.0965576171875,272.14031982421875,33.50215148925781,1867.9510498046875
2019-08-06,676.1766967773438,518.3656005859375,172.31784057617188,396.7886962890625,657.187255859375,273.1826171875,33.699344635009766,1839.955810546875
2019-08-07,657.2058715820312,517.1578979492188,168.21728515625,394.9993591308594,658.58740234375,262.75927734375,32.0462646484375,1838.7513427734375
2019-08-08,657.3553466796875,528.7963256835938,172.65159606933594,400.802490234375,669.3219604492188,266.79266357421875,30.829532623291016,1875.8428955078125
2019-08-09,658.0523681640625,540.3637084960938,168.0265655517578,406.3638610839844,670.2554931640625,264.0735168457031,30.40577507019043,1865.9990234375
2019-08-13,646.7496337890625,525.765380859375,168.07424926757812,396.7886962890625,648.9559936523438,256.822509765625,29.260366439819336,1827.12158203125
2019-08-14,660.4425048828125,527.920166015625,173.40310668945312,403.60736083984375,657.484130859375,262.6233215332031,30.598773956298828,1831.2330322265625
2019-08-16,672.8406982421875,527.5057983398438,172.63497924804688,405.2032470703125,657.2720947265625,263.6656494140625,30.46451187133789,1798.58642578125
2019-08-19,682.1517944335938,522.568603515625,173.93118286132812,409.5072021484375,659.9026489257812,259.994873046875,30.170820236206055,1796.8419189453125
2019-08-20,669.5543823242188,525.8245239257812,172.25091552734375,403.22052001953125,672.71630859375,257.1397399902344,30.061731338500977,1816.5712890625
2019-08-21,661.9362182617188,527.0677490234375,169.9945831298828,398.5296325683594,678.4019165039062,251.42953491210938,28.782062530517578,1816.1141357421875
2019-08-22,658.4009399414062,514.8136596679688,169.51449584960938,386.0045471191406,675.2196655273438,243.40805053710938,28.001676559448242,1840.86962890625
2019-08-23,661.1395263671875,512.1141967773438,173.06704711914062,382.4259338378906,680.7355346679688,245.7194061279297,28.970869064331055,1867.2034912109375
2019-08-26,680.857177734375,534.2425537109375,171.62681579589844,398.14276123046875,681.032470703125,253.96742248535156,28.36669158935547,1890.9617919921875
2019-08-27,680.1102905273438,535.1423950195312,173.97918701171875,404.8647155761719,665.8427734375,258.9525146484375,29.444976806640625,1857.899658203125
2019-08-28,675.3800048828125,532.1942749023438,171.29074096679688,399.4001159667969,680.9901123046875,258.2273864746094,28.274391174316406,1860.18408203125
2019-08-29,658.4009399414062,527.3281860351562,172.5389404296875,391.1306457519531,684.7662353515625,248.8010711669922,28.15691375732422,1855.365478515625
2019-08-30,661.1395263671875,527.5650024414062,177.09967041015625,396.2083435058594,691.5123901367188,248.21192932128906,28.941497802734375,1877.0889892578125
2019-09-03,643.0151977539062,523.5394287109375,171.29074096679688,379.2825927734375,690.9609375,243.27212524414062,27.808673858642578,1870.443115234375
2019-09-04,644.6085205078125,532.2535400390625,174.41123962402344,384.4570617675781,696.9434204101562,249.34487915039062,28.467390060424805,1865.292724609375
2019-09-05,646.89892578125,529.2698974609375,177.2436981201172,376.2359619140625,707.762939453125,247.71334838867188,28.96247673034668,1840.2882080078125
2019-09-06,668.3095092773438,531.8154296875,180.8922576904297,378.5088195800781,712.9392700195312,248.30252075195312,29.822580337524414,1825.50146484375
2019-09-09,668.7576904296875,532.6915893554688,181.70838928222656,382.4743957519531,703.5624389648438,251.973388671875,29.688318252563477,1813.3316650390625
2019-09-11,678.865478515625,533.0941772460938,185.74102783203125,381.6521911621094,695.9251708984375,258.54461669921875,30.8001651763916,1789.3651123046875
2019-09-12,660.1436767578125,537.7234497070312,189.24557495117188,389.4864501953125,692.7854614257812,260.1761169433594,30.632343292236328,1772.4183349609375
2019-09-13,671.4464721679688,534.5503540039062,192.3660430908203,399.8353576660156,703.7319946289062,264.3907775878906,30.825336456298828,1779.3551025390625
2019-09-16,668.1104125976562,531.4010620117188,192.41404724121094,398.6263122558594,702.37451171875,258.0461120605469,30.300886154174805,1786.042236328125
2019-09-17,637.7870483398438,523.6342163085938,190.0616912841797,387.5036926269531,705.3868408203125,248.30252075195312,28.945690155029297,1763.3223876953125
2019-09-18,645.7039794921875,518.0458984375,190.10972595214844,386.246337890625,704.1989135742188,254.148681640625,30.061731338500977,1776.5308837890625
2019-09-19,635.54638671875,521.4439697265625,188.14138793945312,373.91473388671875,696.4343872070312,248.3931884765625,28.920516967773438,1746.126220703125
2019-09-20,677.5210571289062,568.115966796875,194.09434509277344,403.8008117675781,683.1115112304688,273.45458984375,30.92603302001953,1715.8055419921875
2019-09-23,722.4833374023438,595.4183349609375,192.03001403808594,431.6557922363281,648.6165161132812,284.37640380859375,31.66446304321289,1674.56005859375
2019-09-24,701.4710693359375,593.7843017578125,189.91766357421875,426.4329833984375,673.8194580078125,274.2702941894531,31.114839553833008,1698.56787109375
2019-09-25,692.0603637695312,587.1068115234375,182.33248901367188,419.9528503417969,672.631591796875,254.01271057128906,30.380603790283203,1734.911865234375
2019-09-26,696.9898071289062,588.4328002929688,188.14138793945312,437.12042236328125,664.0609130859375,255.46292114257812,31.530200958251953,1734.2060546875
2019-09-27,697.6868286132812,589.2379760742188,183.10061645507812,434.4606628417969,663.763671875,254.873779296875,30.179210662841797,1708.07958984375
2019-09-30,682.1517944335938,581.305419921875,183.72471618652344,419.4692687988281,683.6631469726562,245.44741821289062,30.250532150268555,1743.9249267578125
2019-10-01,676.3261108398438,591.41650390625,182.1884765625,410.6678771972656,673.3952026367188,231.9877166748047,29.499513626098633,1711.2362060546875
2019-10-03,665.6207885742188,579.45849609375,175.32339477539062,413.27923583984375,666.6489868164062,230.35623168945312,28.49675750732422,1711.4857177734375
2019-10-04,653.6707153320312,563.4273681640625,174.84332275390625,400.3189392089844,673.3103637695312,226.54945373535156,27.951326370239258,1727.3525390625
2019-10-07,670.6497192382812,562.1013793945312,175.03533935546875,402.44671630859375,670.0008544921875,225.77902221679688,27.254850387573242,1701.06005859375
2019-10-09,683.4463500976562,581.636962890625,178.6359405517578,422.370849609375,664.9942016601562,236.51962280273438,28.23243522644043,1678.132080078125
2019-10-10,670.1519165039062,568.5658569335938,174.98733520507812,409.7973937988281,664.485107421875,230.35623168945312,27.687000274658203,1665.1314697265625
2019-10-11,669.9029541015625,567.737060546875,179.74009704589844,414.48822021484375,691.427734375,230.71878051757812,28.446413040161133,1650.5108642578125
2019-10-14,680.6580200195312,570.3890991210938,181.18031311035156,414.77838134765625,667.0732421875,231.53453063964844,28.93730354309082,1678.8797607421875
2019-10-15,687.1807250976562,579.2215576171875,184.8769073486328,417.6799621582031,651.9683837890625,234.25367736816406,29.30232048034668,1692.4205322265625
2019-10-16,690.516845703125,578.2980346679688,180.460205078125,421.0167236328125,654.6414184570312,232.07835388183594,29.151281356811523,1699.97998046875
2019-10-17,707.3466186523438,577.7771606445312,181.2763214111328,426.1428527832031,652.9867553710938,240.59835815429688,29.88132095336914,1725.0797119140625
2019-10-18,706.599609375,582.0393676757812,179.93209838867188,423.4346923828125,651.5866088867188,244.4051055908203,30.175012588500977,1747.503662109375
2019-10-22,709.786376953125,586.9174194335938,178.34786987304688,436.3466796875,546.1072998046875,245.17552185058594,29.747058868408203,1742.44970703125
2019-10-23,711.8775634765625,588.006591796875,177.72377014160156,440.1670837402344,559.0393676757812,249.662109375,29.889713287353516,1758.333740234375
2019-10-24,704.7573852539062,585.4019165039062,174.12319946289062,439.8285217285156,545.9354858398438,237.92449951171875,30.200185775756836,1768.441650390625
2019-10-25,705.6536254882812,582.0393676757812,174.50726318359375,453.70770263671875,547.7400512695312,255.1909942626953,30.39737892150879,1804.923095703125
2019-10-27,707.1473999023438,586.15966796875,174.84332275390625,454.1429138183594,557.53564453125,255.4176025390625,30.628141403198242,1797.0660400390625
2019-10-29,735.3795166015625,588.4328002929688,176.95565795898438,461.7353210449219,559.0823974609375,254.37525939941406,32.74274444580078,1864.2957763671875
2019-10-30,744.2923583984375,591.203369140625,179.74009704589844,455.6904296875,567.6319580078125,262.75927734375,32.558135986328125,1913.517822265625
2019-10-31,733.2882080078125,582.6787109375,180.4121856689453,447.856201171875,589.1137084960938,283.1528015136719,31.932985305786133,1927.8302001953125
2019-11-01,745.1885375976562,587.2726440429688,186.029052734375,447.0824279785156,591.0900268554688,284.19512939453125,33.52313232421875,1869.4344482421875
2019-11-04,739.5122680664062,585.757080078125,190.0616912841797,455.0617370605469,609.2205810546875,284.8749084472656,34.3328857421875,1863.5308837890625
2019-11-05,734.981201171875,587.0121459960938,190.685791015625,452.9822998046875,598.1361083984375,289.31622314453125,33.896541595458984,1870.241455078125
2019-11-06,744.1429443359375,595.134033203125,193.47024536132812,464.9270935058594,612.0560302734375,287.8206787109375,33.93849563598633,1858.902099609375
2019-11-07,731.6949462890625,598.472900390625,197.02279663085938,462.8475646972656,618.7583618164062,288.364501953125,33.825218200683594,1856.2264404296875
2019-11-08,722.4833374023438,594.6368408203125,195.72657775878906,473.3899841308594,608.4902954101562,286.4158020019531,33.393062591552734,1809.169677734375
2019-11-11,730.6492309570312,598.97021484375,192.1740264892578,480.498779296875,605.2678833007812,288.455078125,33.68675994873047,1784.53759765625
2019-11-13,708.2427978515625,595.560302734375,185.45297241210938,469.81134033203125,594.0545654296875,278.07708740234375,33.38887023925781,1850.4931640625
2019-11-14,712.9232177734375,603.303466796875,180.98829650878906,482.2880859375,606.0411987304688,277.35198974609375,32.889591217041016,1865.951416015625
2019-11-15,713.9191284179688,605.1978759765625,180.26815795898438,483.44873046875,604.8382568359375,291.7633972167969,33.10356903076172,1846.9681396484375
2019-11-18,719.9439697265625,597.6914672851562,185.8850555419922,481.9979553222656,605.9552612304688,294.6638488769531,34.40841293334961,1828.4085693359375
2019-11-19,744.6906127929688,602.3563842773438,184.6848602294922,477.30706787109375,612.5287475585938,299.4676208496094,33.71194076538086,1791.2052001953125
2019-11-20,745.63671875,603.04296875,183.14862060546875,478.75787353515625,612.657470703125,298.01739501953125,33.45600128173828,1790.9931640625
2019-11-21,734.3339233398438,607.7789306640625,181.0843048095703,481.9012145996094,612.8724365234375,300.32867431640625,32.314781188964844,1799.1044921875
2019-11-22,729.055908203125,598.97021484375,182.66854858398438,480.498779296875,595.6441650390625,298.4705810546875,33.565086364746094,1759.692626953125
2019-11-25,751.61181640625,601.9775390625,191.30990600585938,481.4659729003906,599.8544921875,304.6340026855469,35.20138168334961,1768.016357421875
2019-11-26,749.1221313476562,603.8482055664062,190.7818145751953,493.94268798828125,593.4099731445312,304.0902099609375,35.59157943725586,1738.4150390625
2019-11-27,749.7694702148438,605.4346313476562,194.91046142578125,488.913330078125,597.8351440429688,311.3865051269531,35.356624603271484,1744.9132080078125
2019-11-28,747.47900390625,599.230712890625,195.9666290283203,502.1155090332031,603.0767211914062,316.59820556640625,36.25868225097656,1764.491943359375
2019-11-29,735.9769897460938,603.80078125,192.1740264892578,495.78033447265625,598.350830078125,309.8456726074219,35.87268829345703,1744.0211181640625
2019-12-02,741.2052001953125,599.4437255859375,192.7981414794922,494.1361389160156,595.2144165039062,306.8092956542969,35.314666748046875,1716.6708984375
2019-12-03,730.3505859375,594.5421752929688,188.1894073486328,492.636962890625,600.0693969726562,304.7699890136719,33.53571701049805,1742.110107421875
2019-12-04,736.7736206054688,592.7662353515625,193.086181640625,511.8840026855469,609.0916137695312,309.8456726074219,34.34547424316406,1765.4683837890625
2019-12-05,726.2177734375,589.9009399414062,190.63778686523438,510.7716979980469,614.2472534179688,304.72467041015625,33.54830551147461,1801.8228759765625
2019-12-06,714.6162109375,590.1140747070312,190.0616912841797,507.580078125,614.4619750976562,290.0412902832031,33.83780288696289,1803.77587890625
2019-12-09,728.956298828125,588.64599609375,190.92584228515625,509.2242126464844,616.3095092773438,287.05029296875,34.127296447753906,1750.13671875
2019-12-10,712.72412109375,591.7479858398438,191.16587829589844,511.3520812988281,613.9893798828125,284.0592041015625,33.73711013793945,1709.705810546875
2019-12-11,713.570556640625,591.3927001953125,188.76551818847656,516.0429077148438,619.57470703125,283.5153503417969,34.030799865722656,1734.380859375
2019-12-12,719.0974731445312,598.4255981445312,193.42221069335938,517.7838134765625,603.29150390625,291.71807861328125,35.13425064086914,1716.54296875
2019-12-13,748.8731079101562,598.5440063476562,199.9512481689453,519.4280395507812,611.19677734375,301.41632080078125,35.948211669921875,1759.3101806640625
2019-12-16,744.1429443359375,595.465576171875,198.4149932861328,521.555908203125,613.5169067382812,300.78192138671875,35.32725143432617,1806.4515380859375
2019-12-17,742.549560546875,601.9775390625,205.18405151367188,523.3936767578125,627.0074462890625,301.73358154296875,36.871246337890625,1838.898681640625
2019-12-18,738.7653198242188,612.0411987304688,205.13604736328125,523.6353759765625,629.3704223632812,296.34063720703125,37.32018280029297,1841.2769775390625
2019-12-19,739.4624633789062,610.3599853515625,207.6804656982422,522.4747924804688,627.9955444335938,297.42828369140625,37.488006591796875,1893.3448486328125
2019-12-20,736.7736206054688,614.101318359375,206.91233825683594,528.1810913085938,628.5969848632812,306.22015380859375,38.68376159667969,1888.120849609375
2019-12-23,740.0599975585938,616.80078125,206.57627868652344,523.5386352539062,632.4207763671875,301.2803649902344,38.7802619934082,1895.5953369140625
2019-12-24,737.5703735351562,610.5256958007812,207.6324462890625,523.3451538085938,630.1865844726562,300.4193420410156,38.851585388183594,1881.9208984375
2019-12-26,733.4376831054688,601.6696166992188,206.4322509765625,521.072265625,626.3629760742188,298.9691162109375,39.262760162353516,1870.3265380859375
2019-12-27,756.9892578125,603.824462890625,206.8643035888672,531.3728637695312,633.2371215820312,305.6763610839844,39.39702224731445,1867.3961181640625
2019-12-30,750.9644165039062,607.2105712890625,209.26467895507812,526.1016235351562,629.7570190429688,303.0931396484375,39.83755874633789,1854.400146484375
2019-12-31,750.9644165039062,602.4510498046875,207.5364227294922,521.2174072265625,628.2532958984375,302.5039978027344,39.61100387573242,1836.1383056640625
2020-01-01,745.5869140625,605.529296875,205.76016235351562,519.137939453125,633.1511840820312,303.1385192871094,39.25017547607422,1841.1495361328125
2020-01-02,753.8026123046875,609.38916015625,211.3770294189453,522.861572265625,631.3037109375,307.53436279296875,40.685081481933594,1832.6976318359375
2020-01-03,739.8607788085938,600.6987915039062,207.82449340820312,521.1690063476562,641.013427734375,302.45867919921875,40.58858108520508,1869.221923828125
2020-01-06,720.2427368164062,587.69873046875,200.95941162109375,508.4505615234375,634.86962890625,289.13494873046875,39.711692810058594,1869.052490234375
2020-01-07,722.7322998046875,597.0048217773438,200.52734375,505.74237060546875,625.460693359375,288.591064453125,39.950843811035156,1873.6387939453125
2020-01-08,721.4874877929688,595.4420166015625,199.13510131835938,508.6922912597656,617.1257934570312,289.8600158691406,39.8795166015625,1915.59912109375
2020-01-09,739.76123046875,602.1195678710938,202.35162353515625,528.3745727539062,625.1598510742188,299.286376953125,40.54242706298828,1880.8587646484375
2020-01-10,736.9728393554688,607.4710083007812,203.07174682617188,522.5230712890625,634.2682495117188,301.1444396972656,40.798362731933594,1880.1793212890625
2020-01-13,734.3339233398438,609.0338745117188,202.78369140625,520.92724609375,664.686279296875,299.7848815917969,41.599735260009766,1860.473388671875
2020-01-14,744.790283203125,610.69140625,203.5037841796875,519.9600219726562,666.49072265625,297.2923583984375,41.8388786315918,1874.5308837890625
2020-01-15,743.1968383789062,608.2051391601562,205.13604736328125,518.025634765625,659.5305786132812,293.8934020996094,42.13257598876953,1891.5186767578125
2020-01-16,734.2342529296875,609.8153686523438,201.2954559326172,519.52490234375,659.0580444335938,293.0323486328125,41.48644256591797,1901.6265869140625
2020-01-17,736.8235473632812,605.3162841796875,201.6795196533203,514.5921630859375,659.7883911132812,288.2285461425781,41.55777359008789,1884.8931884765625
2020-01-20,724.17626953125,594.3053588867188,199.03912353515625,517.3002319335938,660.3040161132812,284.60302734375,41.17177200317383,1843.48583984375
2020-01-21,714.6162109375,589.3089599609375,196.97479248046875,513.6249389648438,655.1912841796875,284.3311462402344,39.95504379272461,1844.0797119140625
2020-01-22,709.636962890625,587.6514282226562,195.48654174804688,505.6940002441406,661.8077392578125,286.5517883300781,39.862735748291016,1874.5308837890625
2020-01-23,719.9937744140625,589.5457763671875,196.44668579101562,510.3848876953125,673.9662475585938,292.9417419433594,40.29907989501953,1865.2093505859375
2020-01-24,734.3339233398438,589.4037475585938,197.21482849121094,516.3330688476562,672.5914306640625,293.7121276855469,40.56340789794922,1858.781494140625
2020-01-27,737.1720581054688,574.5567016601562,190.3497314453125,519.6215209960938,668.5958862304688,286.59710693359375,38.80543518066406,1846.7353515625
2020-01-28,734.0849609375,579.2925415039062,188.1894073486328,510.8684387207031,668.510009765625,285.6000671386719,37.44605255126953,1859.0789794921875
2020-01-29,732.1928100585938,585.2835083007812,189.86965942382812,509.32098388671875,678.5634765625,286.82366943359375,37.945335388183594,1834.263671875
2020-01-30,727.8609619140625,580.642333984375,185.74102783203125,514.7371826171875,670.8299560546875,281.6119689941406,37.6390495300293,1820.0035400390625
2020-01-31,726.2675170898438,580.7607421875,181.80441284179688,508.4021911621094,666.74853515625,288.63641357421875,36.81250762939453,1769.94580078125
2020-02-03,706.002197265625,564.8955688476562,174.55526733398438,498.6335754394531,659.4017944335938,270.1916198730469,36.59014129638672,1789.9090576171875
2020-02-04,712.0270385742188,582.4182739257812,181.70838928222656,513.3831176757812,676.9737548828125,277.57855224609375,37.920162200927734,1794.37890625
2020-02-05,721.0394287109375,589.4510498046875,188.4774627685547,521.4107666015625,674.13818359375,281.8838806152344,39.862735748291016,1827.410400390625
2020-02-06,733.8858032226562,587.1541748046875,186.26910400390625,523.8287963867188,662.7957763671875,291.8087463378906,40.07671356201172,1811.9158935546875
2020-02-07,745.0392456054688,588.290771484375,189.5336151123047,518.8477783203125,667.908447265625,290.539794921875,39.52288818359375,1818.89697265625
2020-02-10,738.0184936523438,587.3909912109375,183.24464416503906,516.4298095703125,664.3855590820312,288.6817321777344,37.2404670715332,1840.5208740234375
2020-02-11,746.8317260742188,587.5330200195312,185.93304443359375,522.0394897460938,664.686279296875,293.9840393066406,37.2656364440918,1833.2418212890625
2020-02-12,752.109619140625,591.5111694335938,185.93304443359375,531.2760620117188,671.1306762695312,290.2225646972656,37.58870315551758,1848.01220703125
2020-02-13,744.6906127929688,587.911865234375,187.46929931640625,523.2484741210938,680.7545166015625,296.7938232421875,37.0264892578125,1866.0601806640625
2020-02-14,733.4376831054688,577.4693603515625,186.26910400390625,527.8909301757812,675.770751953125,289.4974365234375,36.46427536010742,1859.4622802734375
2020-02-17,735.329833984375,576.4273681640625,182.66854858398438,523.8287963867188,678.3486328125,284.7843322753906,36.65727233886719,1875.6802978515625
2020-02-18,730.5994873046875,574.5804443359375,177.00367736816406,523.44189453125,685.3945922851562,287.8206787109375,36.19994354248047,1886.32177734375
2020-02-19,737.96875,581.18701171875,180.60423278808594,526.9237670898438,687.800537109375,290.3585205078125,36.35099411010742,1869.8062744140625
2020-02-20,741.2052001953125,576.4037475585938,182.38050842285156,529.0515747070312,684.8359985351562,296.9750671386719,37.21949005126953,1836.1361083984375
2020-02-24,722.43359375,573.0175170898438,171.91485595703125,512.46435546875,683.847900390625,292.7151184082031,34.861534118652344,1800.848876953125
2020-02-25,725.7199096679688,568.4474487304688,167.49818420410156,513.5282592773438,686.0389404296875,296.20465087890625,35.3524284362793,1835.5830078125
2020-02-26,726.3671875,567.9502563476562,163.12950134277344,506.51611328125,672.5914306640625,297.4736328125,34.932865142822266,1807.8720703125
2020-02-27,732.790283203125,568.044921875,161.64125061035156,498.4400939941406,668.381103515625,291.8087463378906,34.639163970947266,1792.463134765625
2020-02-28,694.400634765625,557.720703125,149.68739318847656,480.93402099609375,628.725830078125,274.6328430175781,32.0336799621582,1702.7762451171875
2020-03-02,681.3551025390625,558.6441650390625,143.78245544433594,489.49359130859375,636.7600708007812,260.49334716796875,30.54842758178711,1703.7552490234375
2020-03-03,684.2929077148438,559.6860961914062,152.951904296875,497.8597717285156,641.8726806640625,262.7139587402344,32.5203742980957,1733.4664306640625
2020-03-04,679.3634643554688,544.0813598632812,154.20008850097656,491.6697692871094,651.9690551757812,258.58990478515625,31.64767837524414,1773.47900390625
2020-03-05,675.081298828125,545.2653198242188,149.30332946777344,487.94610595703125,648.4029541015625,261.4903869628906,31.530200958251953,1809.106689453125
2020-03-06,654.9154663085938,537.4747924804688,144.1185302734375,470.3916931152344,634.95556640625,245.17552185058594,29.495323181152344,1801.7850341796875
2020-03-09,620.9572143554688,524.4038696289062,137.7335205078125,442.7301025390625,605.310791015625,229.72178649902344,27.045066833496094,1679.109375
2020-03-11,616.7747192382812,527.4821166992188,132.3086700439453,450.3708801269531,589.4573364257812,222.15350341796875,25.1528377532959,1663.2320556640625
2020-03-12,540.9911499023438,483.6752624511719,115.41001892089844,411.68341064453125,542.3694458007812,192.69619750976562,24.120710372924805,1506.71630859375
2020-03-13,566.4348754882812,506.6442565917969,122.3711166381836,432.5262756347656,551.9503784179688,219.34371948242188,27.414283752441406,1537.7469482421875
2020-03-16,506.4852294921875,473.3510437011719,111.04135131835938,389.6798400878906,501.0818786621094,202.4397735595703,24.301122665405273,1444.1861572265625
2020-03-17,486.3194580078125,461.79547119140625,110.80131530761719,355.19964599609375,476.8504638671875,195.0074462890625,23.726320266723633,1411.4954833984375
2020-03-18,471.4814147949219,415.2891540527344,104.848388671875,343.3999328613281,459.1064758300781,195.05279541015625,23.566884994506836,1408.4310302734375
2020-03-19,426.4693298339844,424.1215515136719,95.77496337890625,327.44134521484375,468.7732238769531,184.58409118652344,22.81167221069336,1403.2427978515625
2020-03-20,426.3697509765625,418.10699462890625,101.29582977294922,334.3567810058594,502.8433532714844,190.20364379882812,24.98501205444336,1541.3931884765625
2020-03-23,307.36663818359375,365.3966979980469,84.39717864990234,274.6812438964844,452.3612976074219,164.5984344482422,22.752933502197266,1431.841552734375
2020-03-24,301.8894958496094,363.5733642578125,85.21330261230469,286.7711181640625,506.79583740234375,166.0486297607422,22.815868377685547,1460.5264892578125
2020-03-25,325.441162109375,405.746337890625,90.78218078613281,306.5017395019531,520.8878173828125,172.12139892578125,24.06616973876953,1500.959716796875
2020-03-26,339.9804382324219,426.7499694824219,90.78218078613281,319.4137268066406,552.5089111328125,174.7045440673828,23.868974685668945,1535.8189697265625
2020-03-27,358.2541809082031,428.3365173339844,87.9017333984375,328.6986999511719,560.8438720703125,177.60498046875,23.264801025390625,1564.58984375
2020-03-30,366.6192321777344,393.85931396484375,85.2613296508789,303.1165771484375,538.5029296875,169.40225219726562,21.31802749633789,1525.1427001953125
2020-03-31,377.42413330078125,408.1853332519531,91.8863525390625,313.1269836425781,551.2200317382812,178.42071533203125,22.622867584228516,1565.9620361328125
2020-04-01,357.15875244140625,392.912109375,87.99775695800781,300.9404296875,517.9662475585938,169.0850067138672,22.35015106201172,1465.329345703125
2020-04-03,324.0968322753906,385.42938232421875,85.2613296508789,277.2442932128906,503.2729187011719,159.06951904296875,21.2928524017334,1418.550048828125
2020-04-07,387.2331848144531,424.38201904296875,99.8075942993164,315.3998718261719,549.0717163085938,168.94906616210938,23.176692962646484,1522.3125
2020-04-08,389.7227478027344,420.97222900390625,96.83113861083984,308.4844970703125,542.7132568359375,165.86737060546875,23.055021286010742,1462.4989013671875
2020-04-09,418.4029846191406,438.0924072265625,103.2641372680664,331.4552307128906,546.7088012695312,170.1726837158203,23.902536392211914,1514.5523681640625
2020-04-13,417.2080078125,424.0268249511719,109.26508331298828,319.8005676269531,547.6970825195312,166.320556640625,23.709535598754883,1508.634765625
2020-04-15,415.5648498535156,408.848388671875,110.51326751708984,316.60888671875,549.11474609375,165.27822875976562,23.927709579467773,1487.96826171875
2020-04-16,420.79302978515625,416.6388854980469,115.74608612060547,330.77813720703125,536.0538940429688,170.8524627685547,24.24238395690918,1471.589111328125
2020-04-17,476.80914306640625,431.1069641113281,119.20262908935547,363.2272644042969,540.2642822265625,175.1577606201172,24.615795135498047,1548.896484375
2020-04-20,454.0541687011719,447.46942138671875,111.8094711303711,349.4448547363281,561.359375,174.4779815673828,24.032602310180664,1559.572998046875
2020-04-21,418.90093994140625,436.48223876953125,102.83207702636719,320.9612121582031,544.0880126953125,167.4535369873047,22.316587448120117,1490.112060546875
2020-04-22,429.3572692871094,439.77362060546875,103.98424530029297,324.9266662597656,551.5206909179688,171.0337371826172,22.517974853515625,1517.424560546875
2020-04-23,428.2618713378906,452.2527160644531,106.81668853759766,341.3688659667969,583.7003173828125,169.220947265625,22.68160629272461,1610.6829833984375
2020-04-24,402.2703857421875,444.2490539550781,99.51956176757812,323.8627624511719,565.3978881835938,162.921630859375,22.45084571838379,1559.487060546875
2020-04-27,425.52325439453125,440.2945861816406,103.88822937011719,336.4845275878906,571.0690307617188,163.96397399902344,22.794889450073242,1574.9659423828125
2020-04-28,453.5562438964844,441.09967041015625,104.41631317138672,348.04248046875,567.718017578125,167.045654296875,22.954322814941406,1594.217529296875
2020-04-29,437.2742004394531,462.74261474609375,111.66545104980469,358.2946472167969,581.3372192382812,172.30267333984375,23.717927932739258,1634.1793212890625
2020-04-30,443.0500793457031,474.44024658203125,125.01153564453125,367.6763610839844,614.8057861328125,172.6652069091797,25.03116226196289,1727.4803466796875
2020-05-04,401.1251525878906,437.1215515136719,111.28138732910156,326.9577331542969,578.888427734375,162.1059112548828,22.958518981933594,1655.446533203125
2020-05-05,387.3825378417969,431.651611328125,111.28138732910156,319.9940185546875,578.888427734375,154.44696044921875,22.878803253173828,1657.4189453125
2020-05-06,387.2331848144531,448.2035217285156,113.8738021850586,330.19781494140625,572.1862182617188,155.08148193359375,23.3067569732666,1632.42138671875
2020-05-07,395.6978454589844,438.0687255859375,112.9616470336914,325.700439453125,571.3698120117188,154.76422119140625,23.147323608398438,1622.173583984375
2020-05-08,380.46142578125,439.9867248535156,112.4335708618164,326.6192626953125,579.3179931640625,151.04806518554688,22.899782180786133,1623.674560546875
2020-05-11,377.9718322753906,433.71173095703125,114.97797393798828,309.6450500488281,586.7938232421875,149.9604034423828,23.176692962646484,1659.605712890625
2020-05-12,385.2414855957031,426.96307373046875,116.27416229248047,310.66064453125,590.875244140625,151.27467346191406,22.987890243530273,1671.782470703125
2020-05-13,412.278564453125,439.32373046875,118.62654113769531,326.9577331542969,596.46044921875,157.8006134033203,23.206064224243164,1671.9114990234375
2020-05-14,400.2786865234375,423.24542236328125,112.52957916259766,316.6571960449219,565.52685546875,152.22634887695312,22.534759521484375,1631.3497314453125
2020-05-15,386.9344177246094,420.6170349121094,114.49789428710938,312.1114196777344,560.5000610351562,150.82147216796875,22.945932388305664,1623.2454833984375
2020-05-18,357.30810546875,396.2272644042969,110.7533187866211,288.7054748535156,570.467529296875,140.76068115234375,22.371131896972656,1668.4383544921875
2020-05-19,353.0259704589844,393.3857421875,112.62560272216797,290.4464111328125,574.506103515625,138.49472045898438,22.82425880432129,1671.0537109375
2020-05-20,360.99273681640625,405.9121398925781,115.98612976074219,295.6208801269531,575.3223266601562,139.03854370117188,23.764081954956055,1675.2987060546875
2020-05-21,355.7147521972656,407.0723876953125,124.33943939208984,294.4118957519531,577.5994262695312,137.72430419921875,23.806039810180664,1707.542236328125
2020-05-22,335.5489807128906,397.2691345214844,119.87474060058594,281.49993896484375,594.9137573242188,136.727294921875,23.02984619140625,1732.5396728515625
2020-05-26,339.880859375,403.686279296875,123.95537567138672,283.0958557128906,584.7743530273438,137.22576904296875,23.533321380615234,1666.2088623046875
2020-05-27,385.390869140625,427.9576416015625,127.9880142211914,308.38775634765625,606.170166015625,143.751708984375,24.16266632080078,1719.633544921875
2020-05-28,389.3244323730469,447.6589050292969,132.88475036621094,316.1252746582031,607.8457641601562,143.38917541503906,24.796207427978516,1718.776123046875
2020-05-29,383.3493957519531,450.68988037109375,133.31683349609375,321.0579528808594,601.8361206054688,146.19895935058594,24.771034240722656,1691.3780517578125
2020-06-01,395.29949951171875,467.7390441894531,133.60487365722656,328.1183776855469,609.28271484375,154.1297607421875,26.449289321899414,1753.892578125
2020-06-02,408.3948059082031,474.0613708496094,135.52517700195312,336.9681396484375,616.7295532226562,154.31103515625,26.80172348022461,1755.5218505859375
2020-06-03,407.8470764160156,484.1251220703125,137.63751220703125,345.1408996582031,611.024658203125,158.5256805419922,26.633893966674805,1759.822265625
2020-06-04,392.7102966308594,474.3929138183594,136.9654083251953,336.43621826171875,616.4246215820312,157.75527954101562,26.847875595092773,1798.8687744140625
2020-06-05,403.6147766113281,489.3819580078125,143.30239868164062,345.47943115234375,612.7666625976562,170.21798706054688,28.442218780517578,1761.6282958984375
2020-06-08,428.4610290527344,481.11785888671875,140.51795959472656,347.99407958984375,627.8343505859375,169.31161499023438,27.993284225463867,1781.8399658203125
2020-06-09,418.3034362792969,467.5732421875,136.9174041748047,337.1132507324219,625.003662109375,167.18161010742188,27.875804901123047,1782.0980224609375
2020-06-10,425.67266845703125,469.72808837890625,141.0940399169922,341.41717529296875,623.4794311523438,170.12733459472656,27.187721252441406,1813.6622314453125
2020-06-11,411.7308654785156,458.7171630859375,138.64566040039062,330.0527648925781,613.1151123046875,160.56503295898438,26.27726936340332,1778.313720703125
2020-06-12,406.30352783203125,465.41845703125,140.22991943359375,332.90594482421875,602.7505493164062,162.3778076171875,26.650678634643555,1754.1029052734375
2020-06-15,387.98004150390625,449.8373718261719,139.98988342285156,320.2358093261719,598.8311767578125,157.4380340576172,25.694074630737305,1745.8460693359375
2020-06-16,379.9635009765625,469.0414123535156,144.1185302734375,331.6969909667969,610.7199096679688,156.7129364013672,25.924835205078125,1759.5213623046875
2020-06-17,387.98004150390625,463.7608642578125,142.10220336914062,330.7297668457031,612.853759765625,156.7582550048828,25.86189842224121,1761.241455078125
2020-06-18,403.7143249511719,483.0359191894531,144.79061889648438,340.45001220703125,621.7811279296875,162.83099365234375,26.6926326751709,1752.89892578125
2020-06-19,415.31591796875,489.3819580078125,145.03067016601562,351.86279296875,614.5086059570312,167.2269287109375,26.898221969604492,1758.4888916015625
2020-06-22,428.3614196777344,487.2034606933594,144.1185302734375,355.48980712890625,612.8972778320312,170.12733459472656,27.330371856689453,1744.1689453125
2020-06-23,441.8052978515625,493.6205749511719,152.03977966308594,363.8075866699219,627.6602172851562,174.43263244628906,27.859024047851562,1750.490478515625
2020-06-24,422.88427734375,488.9794006347656,145.36671447753906,336.677978515625,621.9989013671875,167.31759643554688,27.359739303588867,1756.4246826171875
2020-06-25,419.94659423828125,487.2034606933594,140.75799560546875,339.48284912109375,610.1102294921875,167.90672302246094,27.112197875976562,1733.97705078125
2020-06-26,423.0834655761719,500.32183837890625,145.03067016601562,337.64520263671875,651.6551513671875,167.31759643554688,27.17513084411621,1822.3487548828125
2020-06-29,403.1168212890625,509.604248046875,140.0378875732422,331.8420715332031,637.3277587890625,162.4684600830078,26.923397064208984,1807.5560302734375
2020-06-30,404.95916748046875,504.7735900878906,140.37391662597656,339.9180908203125,640.9859008789062,161.7433319091797,27.414283752441406,1790.78466796875
2020-07-01,431.4485168457031,513.6532592773438,141.67015075683594,352.1046447753906,637.4585571289062,167.4988555908203,27.162548065185547,1799.2994384765625
2020-07-02,421.4403381347656,515.9266357421875,141.86216735839844,350.94403076171875,658.9713134765625,168.08798217773438,28.102367401123047,1855.2891845703125
2020-07-03,426.66851806640625,508.6095886230469,140.5659637451172,349.15472412109375,664.2842407226562,167.408203125,27.68280792236328,1891.84228515625
2020-07-06,432.1954040527344,522.3673706054688,148.1991729736328,349.976806640625,665.41650390625,170.444580078125,28.438018798828125,1946.4990234375
2020-07-07,445.48992919921875,523.3856201171875,146.23085021972656,363.71087646484375,691.676025390625,170.94308471679688,27.716371536254883,1952.26123046875
2020-07-08,442.3031921386719,525.8482055664062,148.82325744628906,356.8439025878906,674.73583984375,173.93414306640625,28.043630599975586,1908.3984375
2020-07-09,451.86328125,532.7626342773438,158.23272705078125,358.19793701171875,680.8324584960938,180.4600830078125,28.907928466796875,1895.884765625
2020-07-10,437.77215576171875,523.36181640625,157.1765594482422,348.5260314941406,680.9631958007812,177.28775024414062,28.421236038208008,1911.3660888671875
2020-07-13,438.22027587890625,511.5932922363281,162.50538635253906,341.9975280761719,694.2015991210938,174.65924072265625,28.706541061401367,1909.344482421875
2020-07-14,415.9632263183594,501.45843505859375,157.27256774902344,334.2116394042969,682.1824951171875,168.63182067871094,28.249217987060547,1868.018310546875
2020-07-15,424.8759765625,498.7590637207031,158.80880737304688,334.4534606933594,723.7274780273438,166.59246826171875,28.47158432006836,1921.299560546875
2020-07-16,432.1954040527344,503.210693359375,159.4329376220703,333.3411865234375,793.4481811523438,168.81309509277344,28.66878318786621,1926.3424072265625
2020-07-17,431.2991943359375,520.2124633789062,155.68833923339844,342.19091796875,786.611083984375,170.58053588867188,29.44917106628418,1897.0341796875
2020-07-20,432.1954040527344,536.5986938476562,154.48812866210938,351.0890808105469,813.7415161132812,172.8917999267578,29.570842742919922,1903.1973876953125
2020-07-21,444.3446960449219,539.2034301757812,153.62399291992188,366.3706359863281,815.87548828125,176.2000732421875,30.137250900268555,1917.981201171875
2020-07-22,476.9585266113281,533.4256591796875,153.52796936035156,368.5951843261719,799.4578247070312,174.0247802734375,29.37364959716797,1888.5867919921875
2020-07-23,458.93377685546875,535.3436889648438,155.54429626464844,379.37933349609375,790.791748046875,179.6896514892578,29.52888298034668,1871.56201171875
2020-07-24,443.7472229003906,529.9920043945312,149.97543334960938,369.272216796875,803.7689819335938,173.97946166992188,29.042190551757812,1859.6666259765625
2020-07-27,429.755615234375,511.2380065917969,151.89572143554688,346.7367248535156,826.0657348632812,169.62884521484375,29.608600616455078,1902.249267578125
2020-07-28,435.23272705078125,514.6242065429688,158.13671875,340.5467529296875,838.6076049804688,171.7135009765625,30.082706451416016,1990.9920654296875
2020-07-29,439.06671142578125,504.181640625,157.5126190185547,339.53118896484375,831.0302124023438,173.2996826171875,31.362375259399414,1961.942626953125
2020-07-30,424.0793151855469,497.5750732421875,155.54429626464844,333.6313781738281,837.3883666992188,169.0850067138672,30.762401580810547,1964.91650390625
2020-07-31,429.85516357421875,489.1214904785156,156.60047912597656,335.4206237792969,841.3511352539062,173.52626037597656,30.737228393554688,1966.5543212890625
2020-08-03,415.61468505859375,474.5350036621094,154.9202117919922,331.9871520996094,833.4254150390625,174.25137329101562,31.34139633178711,1943.0650634765625
2020-08-04,427.3655700683594,493.3127746582031,155.88035583496094,339.48284912109375,827.2850341796875,173.6622314453125,31.236507415771484,1939.22900390625
2020-08-05,433.1414794921875,486.63519287109375,168.74635314941406,340.6434631347656,822.7996826171875,173.52626037597656,33.21265411376953,1947.6761474609375
2020-08-06,431.1995544433594,492.86279296875,170.90670776367188,346.9785461425781,845.5752563476562,173.07305908203125,34.47383499145508,1989.5699462890625
2020-08-07,431.4983215332031,494.3546447753906,170.5226593017578,346.204833984375,828.1995239257812,172.80117797851562,34.78375244140625,1978.5794677734375
2020-08-10,429.3074951171875,497.5750732421875,171.48280334472656,351.62103271484375,828.5913696289062,175.65628051757812,35.313194274902344,1967.7613525390625
2020-08-11,446.13720703125,505.1524658203125,171.81884765625,355.2963562011719,826.0657348632812,176.7892303466797,35.85124206542969,1965.2613525390625
2020-08-12,449.2243347167969,503.75537109375,168.7943572998047,354.8127746582031,831.7269897460938,184.26686096191406,35.683372497558594,1945.8233642578125
2020-08-13,446.23681640625,501.55322265625,176.23553466796875,355.9733581542969,828.4609375,182.99794006347656,35.5628547668457,1943.3232421875
2020-08-14,434.0377197265625,489.90289306640625,177.5797576904297,349.5415954589844,830.5510864257812,178.10348510742188,36.02771759033203,1932.720703125
2020-08-17,436.3281555175781,489.09783935546875,184.8769073486328,348.3810119628906,833.9479370117188,175.0218048095703,36.59159851074219,1942.4180908203125
2020-08-18,443.94635009765625,500.3454895019531,188.1894073486328,357.4241638183594,842.701171875,176.83456420898438,37.40512466430664,1956.51220703125
2020-08-19,442.35302734375,505.12872314453125,188.95751953125,362.16339111328125,835.515625,178.6020050048828,37.16408157348633,1945.1767578125
2020-08-20,433.1414794921875,501.5295104980469,191.06985473632812,355.6832275390625,831.9012451171875,176.517333984375,37.24155807495117,1941.94384765625
2020-08-21,438.61859130859375,514.150634765625,188.42945861816406,358.9716491699219,826.3705444335938,179.8256072998047,36.91872787475586,1938.2808837890625
2020-08-24,443.94635009765625,529.0213012695312,185.5970001220703,367.8697814941406,825.1512451171875,182.59005737304688,36.97468566894531,1937.8494873046875
2020-08-25,449.9213562011719,530.2763061523438,183.6766815185547,373.67291259765625,817.0512084960938,188.4815216064453,36.50121307373047,1933.15185546875
2020-08-26,461.42340087890625,529.6842651367188,185.78903198242188,376.57452392578125,828.112548828125,190.20364379882812,36.58729553222656,1942.5045166015625
2020-08-27,471.08306884765625,526.677001953125,187.13323974609375,379.33099365234375,824.8463745117188,195.46063232421875,36.74655532836914,1938.108154296875
2020-08-28,507.0827331542969,527.8135986328125,186.0771026611328,396.2567443847656,814.5689697265625,203.79934692382812,36.5184211730957,1929.617431640625
2020-08-31,494.6845397949219,528.4530029296875,177.86778259277344,381.6521911621094,808.7769775390625,192.15235900878906,35.554237365722656,1945.73681640625
2020-09-01,483.68048095703125,533.87548828125,186.31710815429688,378.1219787597656,796.1917114257812,197.68128967285156,36.901512145996094,1936.341064453125
2020-09-02,482.3858337402344,537.11962890625,188.3814239501953,379.5244140625,804.7706298828125,196.0044708251953,37.76239013671875,1952.5465087890625
2020-09-03,472.97515869140625,535.5804443359375,185.29322814941406,370.1910400390625,814.830322265625,193.1947021484375,37.71504592895508,1982.156005859375
2020-09-04,453.3072814941406,530.0867919921875,181.7224578857422,360.3257141113281,800.5464477539062,187.25791931152344,36.268768310546875,1972.9327392578125
2020-09-07,456.792724609375,525.9192504882812,180.9503936767578,361.1478271484375,805.6851196289062,188.4362030029297,36.372074127197266,2005.904541015625
2020-09-08,442.50238037109375,526.8427734375,173.9536590576172,363.37237548828125,818.0963745117188,184.9466552734375,34.8741455078125,2024.1353759765625
2020-09-09,429.45684814453125,519.2891235351562,176.4145965576172,355.5381164550781,808.0368041992188,176.60797119140625,35.93302917480469,2006.420654296875
2020-09-10,444.99200439453125,516.4711303710938,170.47940063476562,358.53643798828125,818.7495727539062,179.5989990234375,35.12379837036133,2009.4376220703125
2020-09-11,445.3405456542969,510.83551025390625,172.40956115722656,358.3429870605469,823.670654296875,183.7230224609375,35.08076095581055,2046.461181640625
2020-09-14,438.7181701660156,501.0322265625,169.6591033935547,351.7661437988281,852.151123046875,179.91624450683594,34.83540725708008,2147.572998046875
2020-09-15,447.68072509765625,506.97576904296875,170.57591247558594,359.3584899902344,855.6785278320312,181.41177368164062,34.88705825805664,2147.572998046875
2020-09-16,444.1455383300781,517.9393920898438,177.37966918945312,362.40521240234375,872.4881591796875,179.6443328857422,34.83110046386719,2157.572021484375
2020-09-17,441.05841064453125,513.1796875,169.70736694335938,356.8922119140625,880.5445556640625,177.1517791748047,34.323184967041016,2121.324462890625
2020-09-18,441.5065612792969,500.7243957519531,173.2298583984375,357.4241638183594,872.8366088867188,174.56861877441406,34.047706604003906,2111.799560546875
2020-09-21,421.5897216796875,496.93572998046875,161.31126403808594,339.19268798828125,879.5864868164062,168.4052276611328,32.14516830444336,2125.07421875
2020-09-22,410.28692626953125,490.35284423828125,157.74050903320312,342.77130126953125,877.4961547851562,168.76776123046875,32.2097282409668,2174.76904296875
2020-09-23,418.0046691894531,495.96490478515625,159.67063903808594,340.3049621582031,888.1654663085938,166.59246826171875,31.10350227355957,2126.927734375
2020-09-24,400.776611328125,487.9848937988281,153.54244995117188,324.68487548828125,849.5381469726562,159.83998107910156,29.60557746887207,2010.3865966796875
2020-09-25,413.32421875,494.4256286621094,156.38941955566406,337.2099609375,880.9364013671875,165.14227294921875,30.311494827270508,2088.009521484375
2020-09-28,437.4236145019531,499.2562561035156,161.842041015625,351.0890808105469,880.0219116210938,169.71946716308594,31.07767677307129,2091.457275390625
2020-09-29,425.0751647949219,503.210693359375,170.23814392089844,345.3343200683594,878.8025512695312,167.72543334960938,31.85677146911621,2144.987060546875
2020-09-30,422.88427734375,510.8117980957031,169.12832641601562,343.10980224609375,878.1493530273438,168.0426788330078,30.970067977905273,2148.349609375
2020-10-01,441.8551025390625,524.2380981445312,168.01849365234375,357.085693359375,886.3365478515625,172.4839324951172,31.417722702026367,2175.2001953125
2020-10-05,442.3031921386719,527.7425537109375,172.79556274414062,360.857666015625,913.3797607421875,171.07904052734375,32.911346435546875,2332.384521484375
2020-10-06,447.7803649902344,541.831787109375,170.72067260742188,368.1116027832031,919.5201416015625,173.6622314453125,32.48951721191406,2339.711669921875
2020-10-07,451.2160339355469,550.4274291992188,166.81214904785156,370.0943298339844,928.9265747070312,172.8464813232422,31.947168350219727,2358.3740234375
2020-10-08,450.02099609375,564.4219970703125,168.16323852539062,374.78521728515625,952.5731201171875,173.5715789794922,32.166690826416016,2435.7373046875
2020-10-09,466.1038513183594,584.1942749023438,164.0616912841797,388.3258056640625,963.9829711914062,179.73497009277344,31.80942726135254,2424.747314453125
2020-10-12,466.0540466308594,574.7698364257812,166.13661193847656,390.7921447753906,986.0181884765625,180.09750366210938,31.947168350219727,2439.444091796875
2020-10-13,459.43170166015625,567.5712890625,167.19818115234375,383.248046875,1008.4017944335938,177.3783721923828,31.710420608520508,2436.470703125
2020-10-14,469.34033203125,573.751708984375,168.114990234375,393.4518737792969,990.2859497070312,181.32115173339844,32.33025360107422,2432.18505859375
2020-10-15,460.676513671875,553.7425537109375,167.58421325683594,378.1703186035156,965.2457275390625,174.7952117919922,32.188209533691406,2372.4541015625
2020-10-16,470.43572998046875,567.99755859375,173.51937866210938,383.10302734375,982.0119018554688,177.60498046875,33.90565490722656,2392.105224609375
2020-10-19,490.90032958984375,569.9866943359375,176.3180694580078,403.4139709472656,980.6183471679688,184.90133666992188,34.047706604003906,2347.306640625
2020-10-20,491.89617919921875,579.6477661132812,174.4844512939453,400.9959411621094,990.7212524414062,184.04026794433594,33.78083419799805,2371.068603515625
2020-10-21,499.364990234375,590.421875,179.4545440673828,406.5089111328125,1000.1712646484375,184.6747283935547,34.78375244140625,2316.01220703125
2020-10-22,508.17816162109375,584.0758056640625,178.0069580078125,399.35174560546875,983.3618774414062,184.26686096191406,35.265846252441406,2312.333251953125
2020-10-23,505.0910949707031,585.2598266601562,175.8837890625,403.2688903808594,988.1595458984375,183.81369018554688,36.453857421875,2325.880859375
2020-10-26,491.2986755371094,573.4674682617188,166.3778839111328,391.17901611328125,979.3121948242188,178.28475952148438,35.15823745727539,2327.09326171875
2020-10-27,505.9873352050781,583.9810791015625,168.35626220703125,396.49853515625,960.297607421875,176.42669677734375,35.38206100463867,2276.841064453125
2020-10-28,502.6014709472656,572.8517456054688,164.49598693847656,383.05462646484375,947.7088623046875,172.61990356445312,34.63310241699219,2269.95849609375
2020-10-29,491.79656982421875,562.243408203125,162.0350341796875,386.7782897949219,946.2123413085938,171.0337371826172,34.55561828613281,2279.004638671875
2020-10-30,490.4521789550781,560.514892578125,164.68898010253906,379.71783447265625,933.6676635742188,171.53224182128906,35.34332275390625,2306.8798828125
2020-11-02,520.476806640625,575.5277099609375,164.78549194335938,403.75244140625,943.967529296875,177.69561767578125,34.680450439453125,2254.722900390625
2020-11-03,531.9290161132812,591.0139770507812,173.47113037109375,429.2862243652344,935.3844604492188,185.58111572265625,35.02910614013672,2279.826904296875
2020-11-04,522.9664306640625,595.4893188476562,170.3346405029297,422.7093505859375,963.0262451171875,187.62046813964844,34.770843505859375,2296.75146484375
2020-11-05,537.0575561523438,601.07763671875,180.80564880371094,424.11175537109375,971.873779296875,198.17977905273438,36.63033676147461,2324.92919921875
2020-11-06,539.4973754882812,619.2871704101562,181.5776824951172,428.2706604003906,979.5763549804688,198.67828369140625,36.716426849365234,2343.7568359375
2020-11-09,562.7005004882812,634.8681030273438,187.89889526367188,447.5177001953125,1000.5280151367188,198.95021057128906,37.732261657714844,2360.3349609375
2020-11-10,581.17333984375,660.0156860351562,185.63099670410156,467.97369384765625,960.473388671875,210.00802612304688,38.042171478271484,2293.678466796875
2020-11-11,606.1192626953125,658.2633666992188,196.9222869873047,470.5850830078125,988.1595458984375,212.27398681640625,40.801292419433594,2326.74658203125
2020-11-12,597.2064208984375,649.6204223632812,201.31336975097656,461.0583190917969,983.9782104492188,205.5667724609375,40.73241424560547,2312.24658203125
2020-11-13,607.8121337890625,643.5111694335938,203.1952667236328,469.617919921875,989.6560668945312,207.96868896484375,41.88599395751953,2299.954345703125
2020-11-14,610.6005249023438,648.6731567382812,201.98892211914062,470.9236145019531,997.799072265625,208.1499481201172,42.37238693237305,2311.640869140625
2020-11-17,626.1854248046875,667.0247192382812,206.0904541015625,470.4400329589844,989.2159423828125,217.71224975585938,44.99806594848633,2307.91845703125
2020-11-18,633.654296875,667.1431274414062,211.68785095214844,481.3209228515625,977.6397094726562,228.40753173828125,44.52458190917969,2273.811279296875
2020-11-19,608.9573974609375,650.87548828125,206.37997436523438,463.0410461425781,965.4913940429688,217.3043670654297,45.07554626464844,2282.683837890625
2020-11-20,605.322509765625,664.7515869140625,208.0205841064453,464.4434814453125,971.3014526367188,220.02349853515625,45.876163482666016,2302.8974609375
2020-11-23,593.1234130859375,660.465576171875,210.43325805664062,452.8855895996094,1003.4330444335938,216.35269165039062,46.7542610168457,2358.300537109375
2020-11-24,617.073486328125,681.1139526367188,218.1055450439453,462.5090637207031,1003.6090698242188,221.02052307128906,47.2019157409668,2356.3955078125
2020-11-25,597.3558349609375,664.3489990234375,215.64463806152344,457.1895751953125,982.12939453125,220.25010681152344,46.594993591308594,2338.43359375
2020-11-26,610.0029907226562,675.6441040039062,221.8693389892578,459.70428466796875,979.9725341796875,222.47073364257812,48.93227767944336,2355.140380859375
2020-11-27,599.0985107421875,682.3690185546875,218.44332885742188,457.81829833984375,968.3522338867188,221.38308715820312,49.702762603759766,2319.69140625
2020-12-01,601.1400146484375,678.7933959960938,221.29031372070312,469.1827087402344,1001.67236328125,224.82733154296875,50.43020248413086,2360.507568359375
2020-12-02,605.5714721679688,666.3143920898438,223.75120544433594,464.68524169921875,1004.3576049804688,223.83030700683594,52.027130126953125,2380.201904296875
2020-12-03,600.1939697265625,652.2251586914062,233.54666137695312,466.039306640625,991.6365356445312,232.30491638183594,53.45188522338867,2345.48828125
2020-12-04,611.9448852539062,656.2032470703125,243.87289428710938,485.57647705078125,998.85546875,238.8308868408203,53.606842041015625,2361.157470703125
2020-12-07,616.6751708984375,649.8809204101562,242.47354125976562,493.700927734375,1006.6463012695312,244.35983276367188,52.90522766113281,2369.943359375
2020-12-08,618.0693359375,651.7988891601562,237.11741638183594,491.7181701660156,1015.3175048828125,246.4444580078125,52.81053161621094,2421.537841796875
2020-12-09,631.56298828125,666.4327392578125,232.5815887451172,494.7164611816406,1034.5523681640625,245.03956604003906,52.45756912231445,2433.2236328125
2020-12-10,624.4426879882812,656.3216552734375,234.22218322753906,490.31573486328125,1027.994140625,244.31446838378906,52.52212905883789,2410.28369140625
2020-12-11,610.7000732421875,654.8773193359375,235.13902282714844,498.53680419921875,1023.9884643554688,246.94297790527344,53.520748138427734,2409.677734375
2020-12-14,613.3390502929688,649.8335571289062,237.74472045898438,508.54718017578125,1025.17724609375,248.52914428710938,53.955501556396484,2421.8837890625
2020-12-15,604.57568359375,658.9027099609375,236.00758361816406,501.051513671875,1016.4177856445312,245.31150817871094,54.69585037231445,2390.589599609375
2020-12-16,603.579833984375,668.09033203125,242.66656494140625,495.6352844238281,1026.1893310546875,244.1785430908203,55.38885498046875,2436.167724609375
2020-12-17,602.8827514648438,682.8189697265625,237.26217651367188,493.65252685546875,1020.4671020507812,242.63766479492188,54.69154357910156,2456.943603515625
2020-12-18,606.9656982421875,668.398193359375,241.1707000732422,500.1810607910156,1047.405029296875,246.03660583496094,54.34288787841797,2476.680908203125
2020-12-21,580.0780029296875,650.0702514648438,224.18548583984375,478.2742614746094,1036.401123046875,230.854736328125,51.295387268066406,2441.317626953125
2020-12-22,587.2977905273438,650.283447265625,223.79945373535156,483.88397216796875,1074.4307861328125,233.34730529785156,51.76886749267578,2486.635498046875
2020-12-23,589.986572265625,651.4911499023438,227.94924926757812,487.0756530761719,1103.0853271484375,238.37770080566406,53.49492645263672,2518.016357421875
2020-12-24,607.6627807617188,661.6494750976562,228.67306518554688,496.69915771484375,1088.1199951171875,241.8672332763672,53.57240676879883,2518.535888671875
2020-12-28,615.0818481445312,669.1085815429688,231.52000427246094,503.0342102050781,1091.861328125,249.43553161621094,54.46341323852539,2535.892822265625
2020-12-29,627.57958984375,675.904541015625,227.37022399902344,511.44879150390625,1100.66455078125,251.88270568847656,54.42467498779297,2536.844970703125
2020-12-30,622.5007934570312,678.41455078125,229.10733032226562,511.4003601074219,1097.5833740234375,250.97634887695312,55.13489532470703,2518.492431640625
2020-12-31,617.8701782226562,680.2142333984375,232.14730834960938,517.4937133789062,1105.5064697265625,249.2089385986328,55.410377502441406,2478.1953125
2021-01-01,621.2062377929688,674.8863525390625,230.024169921875,510.19146728515625,1109.5997314453125,253.2422637939453,55.36302947998047,2534.897216796875
2021-01-04,622.1024780273438,670.600341796875,245.41702270507812,514.253662109375,1134.0726318359375,254.7378387451172,59.6588134765625,2631.159423828125
2021-01-05,661.6871948242188,675.667724609375,241.55673217773438,519.6215209960938,1138.9586181640625,255.3722686767578,58.58702087402344,2677.515380859375
2021-01-06,651.5296020507812,672.7551879882812,250.0010528564453,528.7614135742188,1128.65869140625,258.36334228515625,58.866798400878906,2641.5908203125
2021-01-07,668.3095092773438,670.71875,263.3672790527344,523.3451538085938,1111.0963134765625,260.7652587890625,62.22421646118164,2625.40283203125
2021-01-08,669.9029541015625,678.0120849609375,258.83148193359375,524.2640380859375,1155.0682373046875,259.2243957519531,61.393489837646484,2701.667724609375
2021-01-11,664.1768188476562,687.3889770507812,255.45372009277344,526.8271484375,1211.4967041015625,256.0520935058594,59.88694763183594,2749.756103515625
2021-01-12,672.8905029296875,701.383544921875,255.11593627929688,530.018798828125,1207.5794677734375,265.11590576171875,59.82237243652344,2748.37109375
2021-01-13,684.9400634765625,696.4819946289062,253.475341796875,538.2398681640625,1221.136474609375,278.07708740234375,61.049129486083984,2734.607421875
2021-01-14,673.189208984375,695.5820922851562,252.26898193359375,535.1448974609375,1206.4788818359375,278.48492431640625,60.80808639526367,2819.386962890625
2021-01-15,672.0440063476562,694.5875854492188,244.50018310546875,525.1829223632812,1183.9869384765625,275.40325927734375,60.76933670043945,2804.339599609375
2021-01-18,654.2681884765625,702.3780517578125,234.656494140625,515.656005859375,1155.024169921875,266.88336181640625,57.39470291137695,2794.278076171875
2021-01-19,665.9693603515625,712.2050170898438,242.7630615234375,528.5197143554688,1159.0738525390625,270.6448059082031,58.63436508178711,2828.060546875
2021-01-20,672.940185546875,706.593017578125,243.29385375976562,532.9203491210938,1179.145263671875,274.2249755859375,59.413455963134766,2869.7783203125
2021-01-21,673.039794921875,698.4473876953125,240.20562744140625,534.5645141601562,1179.364990234375,267.245849609375,57.39470291137695,2839.465576171875
2021-01-22,641.8201293945312,683.6476440429688,230.844482421875,516.2847290039062,1180.3775634765625,257.1397399902344,55.69877243041992,2864.8349609375
2021-01-25,655.6624145507812,692.7879638671875,231.9060516357422,520.395263671875,1166.512451171875,254.64724731445312,56.124908447265625,2854.600341796875
2021-01-27,629.4717407226562,667.5693969726562,223.31690979003906,505.21038818359375,1145.296630859375,249.84341430664062,53.89092254638672,2828.364013671875
2021-01-28,667.9112548828125,649.5020141601562,221.04904174804688,510.9168701171875,1123.4647216796875,255.91615295410156,53.692928314208984,2772.42138671875
2021-01-29,660.1436767578125,658.52392578125,218.39508056640625,519.3797607421875,1090.760986328125,255.6895751953125,51.73873519897461,2698.52734375
2021-02-01,706.4005126953125,699.3707885742188,232.72633361816406,583.9878540039062,1109.9959716796875,281.6119689941406,54.76041793823242,2722.81103515625
2021-02-02,711.2304077148438,739.0574340820312,246.4303436279297,597.0932006835938,1119.1070556640625,301.9148864746094,55.23820495605469,2778.406494140625
2021-02-03,730.7488403320312,745.80615234375,248.2639617919922,601.92919921875,1130.9034423828125,304.4980773925781,56.228214263916016,2775.4580078125
2021-02-04,740.806884765625,747.842529296875,252.70326232910156,607.6838989257812,1126.23779296875,321.855224609375,56.469261169433594,2765.396728515625
2021-02-05,716.60791015625,756.6039428710938,252.89625549316406,593.9983520507812,1119.8555908203125,356.297607421875,58.97441101074219,2738.943603515625
2021-02-08,733.089111328125,760.2269287109375,269.2059631347656,608.9412841796875,1147.5416259765625,359.8778076171875,60.515377044677734,2787.643310546875
2021-02-09,739.4127197265625,763.3525390625,268.33740234375,612.5682373046875,1149.3021240234375,357.8384094238281,60.19255447387695,2755.37890625
2021-02-10,731.7446899414062,749.0975341796875,269.6402587890625,611.40771484375,1141.3350830078125,355.5271911621094,59.42207336425781,2786.94970703125
2021-02-11,737.0226440429688,744.645751953125,285.0813293457031,609.9568481445312,1137.946044921875,353.623779296875,59.80516052246094,2780.618408203125
2021-02-12,747.2798461914062,749.1922607421875,280.64202880859375,626.3506469726562,1153.0435791015625,356.3429260253906,58.58271408081055,2767.434814453125
2021-02-15,790.6985473632812,765.60205078125,281.2210693359375,651.8360595703125,1152.91162109375,368.8509826660156,57.8638801574707,2723.2451171875
2021-02-16,771.827392578125,770.3616333007812,292.1263732910156,636.7479248046875,1135.9654541015625,364.6816101074219,60.19255447387695,2696.31494140625
2021-02-17,774.51611328125,751.3470458984375,293.284423828125,635.7807006835938,1127.9544677734375,373.2015686035156,59.98594665527344,2665.3515625
2021-02-18,773.7692260742188,736.09765625,299.0748291015625,623.4974365234375,1137.769775390625,376.32861328125,60.06772994995117,2651.691650390625
2021-02-19,746.5330200195312,728.8989868164062,297.2412109375,603.5733642578125,1136.7578125,362.1437072753906,57.73904800415039,2664.26708984375
2021-02-22,716.45849609375,733.1139526367188,305.05828857421875,589.8392333984375,1113.7811279296875,353.03466796875,58.93136978149414,2565.9140625
2021-02-23,712.97314453125,724.1868286132812,321.4161682128906,596.07763671875,1114.793701171875,358.5635681152344,62.78379821777344,2584.778076171875
2021-02-24,746.2840576171875,760.7951049804688,321.1748962402344,620.0639038085938,1121.792236328125,368.21649169921875,62.64604949951172,2556.9375
2021-02-25,767.4456176757812,760.771484375,338.4496765136719,607.393798828125,1122.0123291015625,369.1228942871094,63.954586029052734,2597.874267578125
2021-02-26,721.7862548828125,726.6731567382812,328.36468505859375,578.1363525390625,1103.3052978515625,353.623779296875,61.56565475463867,2510.27587890625
2021-03-01,725.5206909179688,738.2760620117188,332.0801696777344,588.3885498046875,1115.36572265625,357.9743957519531,62.87849426269531,2536.2080078125
2021-03-02,728.20947265625,742.6803588867188,333.19000244140625,590.468017578125,1148.3779296875,357.294677734375,63.31754684448242,2607.458740234375
2021-03-03,750.8151245117188,751.5128173828125,346.7975158691406,611.3592529296875,1182.7542724609375,367.12884521484375,66.90309143066406,2653.20947265625
2021-03-04,733.7363891601562,735.031982421875,337.2433166503906,600.3816528320312,1171.134033203125,358.60882568359375,65.25019836425781,2645.056396484375
2021-03-05,727.7115478515625,724.58935546875,326.04852294921875,589.4524536132812,1159.11767578125,347.7323303222656,63.128150939941406,2608.93310546875
2021-03-08,740.2093505859375,719.61669921875,324.8421630859375,588.098388671875,1175.887939453125,353.1252746582031,63.468196868896484,2607.978515625
2021-03-09,742.3504638671875,739.98095703125,321.60919189453125,604.5889282226562,1184.51513671875,351.31256103515625,60.84252166748047,2646.14111328125
2021-03-10,757.5867919921875,736.7843017578125,328.4612121582031,605.072509765625,1204.410400390625,351.40313720703125,62.370567321777344,2663.487060546875
2021-03-12,747.47900390625,734.9845581054688,318.6657409667969,592.7408447265625,1210.3084716796875,345.42108154296875,61.9788818359375,2652.212158203125
2021-03-15,741.3048095703125,723.949951171875,322.1399841308594,583.6976928710938,1209.2080078125,347.95892333984375,63.39501953125,2659.3232421875
2021-03-16,734.6824951171875,716.1358642578125,322.23651123046875,575.4283447265625,1218.3634033203125,343.10980224609375,62.33183670043945,2697.399169921875
2021-03-17,724.8734741210938,708.1795654296875,314.9984436035156,570.1571044921875,1221.0040283203125,333.6834411621094,60.64021301269531,2699.9140625
2021-03-18,715.7614135742188,706.1194458007812,320.2098388671875,559.6146850585938,1177.076416015625,332.7317810058594,60.67894744873047,2633.6083984375
2021-03-19,723.2302856445312,709.19775390625,323.3945617675781,567.400634765625,1183.5467529296875,336.402587890625,63.10231399536133,2645.490234375
2021-03-22,713.2220458984375,695.7715454101562,327.8821716308594,554.6337280273438,1206.7430419921875,332.64111328125,64.00624084472656,2714.398193359375
2021-03-23,727.5123901367188,710.4527587890625,320.11334228515625,567.1587524414062,1207.4034423828125,337.8075256347656,63.80392837524414,2725.63037109375
2021-03-24,703.4628295898438,700.3416137695312,306.6506652832031,548.87890625,1191.733642578125,326.1605224609375,60.502471923828125,2706.982666015625
2021-03-25,691.7117919921875,693.024658203125,303.0316162109375,552.7960205078125,1174.1712646484375,321.94586181640625,62.25436782836914,2658.196044921875
2021-03-26,695.296875,706.261474609375,315.7222595214844,559.5662841796875,1176.2838134765625,323.7585754394531,66.01639556884766,2659.887939453125
2021-03-30,692.458740234375,735.8134155273438,314.9019775390625,572.0430908203125,1219.5079345703125,327.0215759277344,68.87019348144531,2739.46435546875
2021-03-31,694.550048828125,707.37451171875,315.4327392578125,562.9998779296875,1204.322265625,330.1938781738281,69.89033508300781,2756.203369140625
2021-04-01,710.0353393554688,704.1067504882812,338.015380859375,574.8963012695312,1219.419677734375,335.94940185546875,74.29804229736328,2745.058349609375
2021-04-05,682.4007568359375,686.5128784179688,338.4013977050781,552.5059204101562,1241.1636962890625,320.4502868652344,74.70264434814453,2809.15234375
2021-04-06,675.081298828125,682.0848388671875,338.2084045410156,547.3314819335938,1242.1759033203125,317.731201171875,74.28081512451172,2831.530029296875
2021-04-07,685.3882446289062,685.3762817382812,339.8972473144531,558.6959228515625,1259.033935546875,324.9822082519531,75.3138656616211,2837.340576171875
2021-04-08,678.7659301757812,678.556640625,352.4431457519531,557.7770385742188,1267.5291748046875,322.30841064453125,79.06298828125,2877.194580078125
2021-04-09,665.421630859375,673.323486328125,348.4381103515625,547.6216430664062,1268.5855712890625,319.9518127441406,77.4359359741211,2881.44384765625
2021-04-12,632.9570922851562,647.4182739257812,324.4561767578125,520.87890625,1255.1168212890625,298.062744140625,73.30802154541016,2815.788330078125
2021-04-13,658.2515258789062,663.188720703125,336.51953125,542.2053833007812,1229.939453125,309.0752868652344,75.67113494873047,2692.195556640625
2021-04-15,666.0689086914062,677.2778930664062,341.2000732421875,556.3263549804688,1197.8958740234375,310.6161193847656,77.32401275634766,2791.85009765625
2021-04-16,666.41748046875,676.5911865234375,357.07550048828125,548.3469848632812,1191.733642578125,308.0782470703125,76.6396255493164,2771.207275390625
2021-04-19,645.4550170898438,668.8954467773438,348.77587890625,541.38330078125,1199.4803466796875,300.1474304199219,76.45022583007812,2742.28271484375
2021-04-20,649.0400390625,658.9501342773438,346.7975158691406,540.7545166015625,1189.6209716796875,298.65191650390625,76.96244812011719,2727.321533203125
2021-04-22,655.9611206054688,673.6786499023438,343.4197692871094,560.1950073242188,1189.4007568359375,305.13250732421875,79.32125091552734,2704.988525390625
2021-04-23,668.5585327148438,669.7242431640625,337.2915954589844,551.2485961914062,1174.1712646484375,304.95123291015625,79.68281555175781,2696.922607421875
2021-04-26,697.53759765625,665.296142578125,336.18170166015625,571.70458984375,1182.7542724609375,312.0662841796875,80.98704528808594,2689.37646484375
2021-04-27,696.6412353515625,681.350830078125,353.4564514160156,579.1035766601562,1187.112060546875,319.9971008300781,84.17230224609375,2716.436767578125
2021-04-28,705.20556640625,699.39453125,349.9339599609375,600.9619140625,1193.7142333984375,329.378173828125,83.6256332397461,2709.5849609375
2021-04-29,716.40869140625,697.3580322265625,359.1503601074219,601.0587158203125,1194.0224609375,325.75262451171875,88.7865982055664,2701.9091796875
2021-04-30,711.9274291992188,668.84814453125,351.67108154296875,580.7962036132812,1192.2618408203125,320.40496826171875,89.01473236083984,2632.87060546875
2021-05-03,699.8279418945312,669.8662719726562,357.0272216796875,577.169189453125,1190.237060546875,317.7765197753906,91.66192626953125,2634.04150390625
2021-05-04,697.4378662109375,657.505615234375,349.88568115234375,572.1398315429688,1170.2979736328125,318.5922546386719,91.5844497680664,2645.10009765625
2021-05-05,714.2178955078125,664.2542724609375,354.27679443359375,583.0206298828125,1180.94970703125,322.1271057128906,92.12681579589844,2684.952880859375
2021-05-06,712.7738647460938,663.44921875,372.46832275390625,588.2435302734375,1198.64404296875,322.2630920410156,94.77400970458984,2698.613525390625
2021-05-07,713.7697143554688,670.0084228515625,387.0891418457031,587.1795043945312,1190.6773681640625,324.71026611328125,101.78585052490234,2717.218017578125
2021-05-10,712.2759399414062,672.4236450195312,410.8780517578125,593.1277465820312,1179.2330322265625,327.8372802734375,104.71282958984375,2728.145751953125
2021-05-11,704.4088134765625,664.7042236328125,398.3804016113281,589.8392333984375,1171.3983154296875,330.5111389160156,106.22367095947266,2708.28369140625
2021-05-12,688.425537109375,662.7861938476562,384.86944580078125,575.2348022460938,1168.1849365234375,333.2756042480469,101.5103759765625,2677.92822265625
2021-05-14,682.1517944335938,656.7952880859375,369.4283447265625,577.7011108398438,1158.8536376953125,326.704345703125,97.4599380493164,2646.617919921875
2021-05-17,706.3009033203125,682.0848388671875,379.2237854003906,603.1380615234375,1170.2979736328125,347.2337951660156,99.07408905029297,2662.446044921875
2021-05-18,708.6909790039062,699.3471069335938,388.05419921875,612.4232177734375,1179.629150390625,346.4634094238281,101.58354187011719,2678.968505859375
2021-05-19,713.819580078125,690.5858154296875,389.2122497558594,604.927490234375,1176.98828125,348.4120788574219,100.22766876220703,2673.071044921875
2021-05-20,702.96484375,678.556640625,371.7445373535156,598.3021240234375,1179.0130615234375,348.548095703125,95.13126373291016,2653.98974609375
2021-05-21,727.8609619140625,709.10302734375,376.1838073730469,621.3696899414062,1192.393798828125,363.6393127441406,95.82427215576172,2671.769775390625
2021-05-24,738.0682983398438,715.0939331054688,375.7012634277344,626.1088256835938,1186.7156982421875,373.4734802246094,94.00782012939453,2672.63671875
2021-05-25,728.5081787109375,700.4127197265625,377.5349426269531,628.9620971679688,1198.64404296875,373.74542236328125,95.14418029785156,2714.035888671875
2021-05-26,732.04345703125,699.5128784179688,367.69122314453125,631.08984375,1230.0277099609375,374.83306884765625,93.15984344482422,2752.820556640625
2021-05-27,747.22998046875,702.1650390625,372.371826171875,630.8480224609375,1234.42919921875,385.39239501953125,94.40812683105469,2771.558837890625
2021-05-28,736.7736206054688,712.0155639648438,374.2054443359375,621.949951171875,1236.89404296875,382.5372314453125,94.9978256225586,2739.834716796875
2021-05-31,747.5786743164062,717.8881225585938,380.4784240722656,641.0036010742188,1240.1865234375,384.6219787597656,96.90467071533203,2753.38671875
2021-06-01,742.0516967773438,715.922607421875,380.9127197265625,628.7686157226562,1234.3580322265625,392.05426025390625,94.77400970458984,2748.02685546875
2021-06-02,733.9354858398438,712.276123046875,384.86944580078125,627.0759887695312,1226.75,396.3142395019531,96.76693725585938,2727.50146484375
2021-06-03,747.52880859375,720.1139526367188,385.2554931640625,628.9136962890625,1236.538330078125,402.16864013671875,96.5904541015625,2737.785888671875
2021-06-04,738.964599609375,710.8316650390625,381.2504577636719,621.6115112304688,1232.97900390625,396.6344299316406,96.4785385131836,2739.965087890625
2021-06-07,747.9769287109375,710.3106689453125,381.2021484375,626.9309692382812,1236.538330078125,395.3995056152344,97.16724395751953,2774.34814453125
2021-06-08,743.2466430664062,702.3544921875,374.2054443359375,621.3212890625,1257.2708740234375,390.780029296875,95.652099609375,2789.120849609375
2021-06-09,733.6865844726562,701.0520629882812,369.7661437988281,615.2279663085938,1259.362060546875,385.52020263671875,94.7826156616211,2789.2080078125
2021-06-10,741.1553955078125,701.4072265625,371.9375305175781,619.386962890625,1267.3704833984375,395.3995056152344,95.94048309326172,2803.6328125
2021-06-11,735.3795166015625,703.9172973632812,379.41680908203125,614.8411865234375,1287.480224609375,392.97540283203125,99.71974182128906,2853.31201171875
2021-06-14,733.188720703125,700.6494750976562,381.0091552734375,614.3092651367188,1300.7386474609375,393.6614990234375,100.27500915527344,2855.533447265625
2021-06-15,747.77783203125,705.7642822265625,377.1971740722656,624.1261596679688,1311.50537109375,392.8839416503906,101.09284210205078,2843.6806640625
2021-06-16,746.6823120117188,703.0884399414062,366.9674072265625,619.0967407226562,1317.4674072265625,389.6365966796875,98.32511901855469,2853.791015625
2021-06-17,735.5289306640625,694.3271484375,356.3516845703125,612.229736328125,1330.547607421875,384.42254638671875,97.14573669433594,2891.615966796875
2021-06-18,733.2384643554688,700.8152465820312,358.3782958984375,609.715087890625,1337.666015625,377.6991271972656,96.13797760009766,2873.793212890625
2021-06-21,736.4749755859375,705.0300903320312,354.75933837890625,610.5372314453125,1334.9967041015625,383.9651794433594,97.35696411132812,2852.701416015625
2021-06-22,736.2757568359375,702.7096557617188,354.7110290527344,610.1502685546875,1345.2744140625,382.95892333984375,97.89826202392578,2877.1923828125
2021-06-23,729.3048706054688,703.5146484375,355.24188232421875,604.2020874023438,1337.5325927734375,383.1418762207031,96.8244857788086,2842.50439453125
2021-06-24,736.0765991210938,713.3416748046875,356.15863037109375,613.2452392578125,1387.406982421875,381.6325378417969,97.97307586669922,2940.29345703125
2021-06-25,758.184326171875,717.5328979492188,362.76934814453125,627.7047729492188,1400.754150390625,392.2436218261719,102.55860900878906,2946.568603515625
2021-06-28,759.2299194335938,714.336181640625,368.9458312988281,628.9620971679688,1398.6187744140625,390.3683776855469,104.20887756347656,2908.17626953125
2021-06-29,748.8233642578125,714.431396484375,361.1770324707031,619.0967407226562,1390.8328857421875,385.5659484863281,103.20111083984375,2911.749267578125
2021-06-30,745.1885375976562,712.4574584960938,359.0538635253906,610.1986694335938,1406.627197265625,383.4620666503906,102.67742919921875,2916.020263671875
2021-07-01,743.3462524414062,707.154052734375,366.1470947265625,610.1502685546875,1388.4749755859375,384.5597229003906,102.40898895263672,2912.31640625
2021-07-02,747.52880859375,704.1338500976562,362.91412353515625,619.2418212890625,1395.0594482421875,388.2187194824219,99.98419952392578,2898.326904296875
2021-07-05,757.1884155273438,711.2921142578125,375.9425354003906,626.5924072265625,1404.9810791015625,395.765380859375,101.81929016113281,2894.449462890625
2021-07-06,755.19677734375,729.9608764648438,371.8893127441406,628.9620971679688,1390.07666015625,393.1126403808594,102.7346420288086,2843.2880859375
2021-07-07,759.7279052734375,732.243896484375,379.8993835449219,632.5406494140625,1392.2119140625,395.9483337402344,107.25856018066406,2854.3134765625
2021-07-08,751.26318359375,723.1829833984375,369.7178649902344,620.8377075195312,1388.7862548828125,388.2644348144531,104.71495819091797,2839.97705078125
2021-07-09,744.2424926757812,714.407470703125,376.4250793457031,617.5975952148438,1390.699462890625,387.6241455078125,109.0804672241211,2796.09375
2021-07-12,750.4664916992188,707.2730102539062,374.7845153808594,625.0449829101562,1377.3076171875,391.0086975097656,107.98908996582031,2782.97705078125
2021-07-13,767.5452270507812,714.3361206054688,378.5482482910156,643.1312866210938,1374.7271728515625,392.51806640625,108.14751434326172,2778.1396484375
2021-07-14,766.84814453125,713.0519409179688,377.96917724609375,642.551025390625,1403.1571044921875,394.3017883300781,109.55133819580078,2801.671630859375
2021-07-15,770.9310913085938,723.3019409179688,387.4269104003906,645.54931640625,1406.627197265625,394.8963928222656,110.54151153564453,2797.653564453125
2021-07-16,767.943603515625,724.0867309570312,391.3354187011719,638.6339111328125,1384.070068359375,393.3412780761719,112.52182006835938,2790.53466796875
2021-07-19,752.0599365234375,699.6627807617188,383.0841064453125,634.3783569335938,1371.835205078125,391.4203186035156,111.46125030517578,2781.625732421875
2021-07-20,742.6492309570312,686.4161987304688,369.62139892578125,620.8377075195312,1379.2652587890625,385.01708984375,108.55237579345703,2800.143310546875
2021-07-22,743.64501953125,689.0559692382812,379.75457763671875,634.4266967773438,1414.9915771484375,386.06903076171875,112.04215240478516,2809.357666015625
2021-07-23,752.2590942382812,686.22607421875,378.06573486328125,654.447509765625,1415.2139892578125,392.3350830078125,112.7814712524414,2806.30126953125
2021-07-26,753.1552734375,682.3258056640625,386.07574462890625,654.544189453125,1427.18212890625,387.2124938964844,114.23809814453125,2792.936767578125
2021-07-27,728.6575317382812,684.7991333007812,402.771484375,655.2212524414062,1425.98095703125,393.29559326171875,117.11617279052734,2780.1845703125
2021-07-28,719.8941650390625,674.1209716796875,401.75811767578125,662.57177734375,1428.694580078125,389.2249450683594,120.13945770263672,2793.156005859375
2021-07-29,714.2677001953125,674.5728759765625,442.09808349609375,666.888427734375,1438.838623046875,403.9065856933594,128.37759399414062,2791.408447265625
2021-07-30,705.9523315429688,678.4730834960938,429.2626037597656,662.0383911132812,1433.0550537109375,394.9878234863281,126.23882293701172,2766.6455078125
2021-08-02,718.1514892578125,676.6657104492188,430.2276611328125,660.9713134765625,1451.78564453125,397.8235778808594,124.10449981689453,2812.022216796875
2021-08-03,735.5289306640625,682.3970947265625,433.12286376953125,669.7014770507812,1472.8297119140625,408.4346008300781,123.85366821289062,2869.233642578125
2021-08-04,750.6656494140625,696.9515991210938,427.23602294921875,693.2244873046875,1467.5352783203125,417.9937438964844,124.6457748413086,2859.6689453125
2021-08-05,746.184326171875,706.250244140625,427.6220397949219,681.3901977539062,1471.361328125,404.18109130859375,127.32142639160156,2868.404052734375
2021-08-06,737.76953125,709.9603881835938,426.7051696777344,676.734130859375,1468.380615234375,398.50958251953125,125.75914764404297,2890.983154296875
2021-08-09,752.3585815429688,715.311279296875,419.5154724121094,681.7781982421875,1480.037353515625,396.45147705078125,124.29373931884766,2902.250244140625
2021-08-10,758.3834838867188,717.094970703125,412.0361633300781,679.88671875,1492.450439453125,390.0939636230469,120.8963851928711,2912.033203125
2021-08-11,757.6365356445312,711.05419921875,421.39727783203125,672.757080078125,1492.71728515625,391.5574951171875,125.52592468261719,2921.030029296875
2021-08-12,754.2008666992188,714.1221313476562,424.8955993652344,680.3232421875,1503.4395751953125,390.73431396484375,126.33125305175781,2927.624267578125
2021-08-13,756.7404174804688,725.9179077148438,429.5599670410156,683.6697998046875,1523.5494384765625,394.4389953613281,128.64601135253906,3025.14697265625
2021-08-16,758.83154296875,728.0107421875,429.2684631347656,681.5842895507812,1516.609130859375,388.63037109375,133.72885131835938,3033.48828125
2021-08-17,753.6033935546875,720.4243774414062,424.26397705078125,680.1776733398438,1549.754638671875,385.5659484863281,132.34701538085938,3103.452392578125
2021-08-18,751.26318359375,719.6395874023438,414.88665771484375,667.6643676757812,1542.458251953125,383.91943359375,132.0609893798828,3110.003173828125
2021-08-20,737.1720581054688,720.4718627929688,392.24493408203125,660.2922973632812,1542.01318359375,372.0277404785156,121.0724105834961,3109.085693359375
2021-08-23,733.039306640625,725.1569213867188,395.35455322265625,662.2322998046875,1547.17431640625,374.5889892578125,119.58057403564453,3177.12890625
2021-08-24,743.2466430664062,741.447509765625,408.958984375,673.6300659179688,1531.2464599609375,381.9984436035156,123.62921905517578,3155.9912109375
2021-08-25,735.9769897460938,740.7578125,418.53070068359375,670.3319702148438,1544.326904296875,380.7635498046875,122.357421875,3195.995849609375
2021-08-26,743.2466430664062,739.521240234375,412.1171569824219,677.8496704101562,1537.3416748046875,375.7323913574219,121.02400207519531,3207.219970703125
2021-08-27,749.2715454101562,736.5008544921875,425.5272216796875,678.771240234375,1520.5242919921875,377.28753662109375,121.8249282836914,3249.407958984375
2021-08-30,780.7899169921875,745.9185180664062,435.39044189453125,692.2545166015625,1510.95849609375,386.6636657714844,126.7933349609375,3232.943359375
2021-08-31,783.229736328125,752.1731567382812,455.0682678222656,697.4925537109375,1518.4329833984375,389.7280578613281,127.64266967773438,3307.318603515625
2021-09-01,795.5781860351562,751.0791625976562,445.156494140625,698.317138671875,1492.895263671875,393.2498779296875,124.2057113647461,3244.86572265625
2021-09-02,799.3623657226562,755.7880859375,444.03900146484375,703.40966796875,1502.9945068359375,393.1126403808594,125.42910766601562,3351.253173828125
2021-09-03,794.6819458007812,749.6286010742188,448.26605224609375,702.5851440429688,1513.2720947265625,394.6219482421875,127.06177520751953,3355.8828125
2021-09-06,797.4702758789062,744.7056274414062,455.991455078125,699.5296630859375,1539.744140625,394.3017883300781,126.47647857666016,3364.57373046875
2021-09-07,784.5740966796875,746.3941650390625,449.2378234863281,695.4070434570312,1518.611083984375,392.51806640625,125.74595642089844,3333.041748046875
2021-09-08,791.3956909179688,749.7949829101562,443.4073181152344,699.3355712890625,1506.6873779296875,394.5762023925781,125.84718322753906,3296.57470703125
2021-09-09,786.8645629882812,746.0848999023438,450.4525146484375,698.6566162109375,1505.2191162109375,395.4452209472656,127.35661315917969,3311.6416015625
2021-09-13,785.072021484375,739.8779296875,464.8343505859375,686.1918334960938,1505.4862060546875,395.9483337402344,128.80445861816406,3358.765380859375
2021-09-14,791.0968627929688,736.5484619140625,464.4456481933594,686.2403564453125,1500.3697509765625,396.0855407714844,127.82308959960938,3394.184326171875
2021-09-15,788.109375,735.716064453125,473.04559326171875,692.9334106445312,1522.8819580078125,406.01055908203125,128.0695343017578,3454.147216796875
2021-09-16,799.2626953125,741.970703125,469.6444396972656,705.398193359375,1514.6959228515625,424.1683044433594,126.45448303222656,3409.3818359375
2021-09-17,803.9930419921875,752.5299072265625,459.68408203125,698.5596313476562,1504.9521484375,415.3867492675781,121.97895050048828,3343.479736328125
2021-09-20,792.540771484375,741.9231567382812,431.84356689453125,688.7138061523438,1501.8824462890625,400.15618896484375,110.29065704345703,3339.679931640625
2021-09-21,792.04296875,738.1656494140625,438.257080078125,690.5083618164062,1529.11083984375,401.3910827636719,113.73201751708984,3374.13818359375
2021-09-22,785.072021484375,729.4851684570312,449.91802978515625,682.2632446289062,1527.731689453125,401.43682861328125,114.92900848388672,3373.439697265625
2021-09-23,808.7731323242188,746.7509155273438,469.59588623046875,695.5039672851562,1550.5555419921875,411.4532775878906,116.06438446044922,3379.641357421875
2021-09-24,794.731689453125,761.7572631835938,465.2230224609375,701.275634765625,1569.508544921875,403.17486572265625,111.96293640136719,3381.43212890625
2021-09-27,793.6362915039062,772.9585571289062,467.7981262207031,708.1142578125,1531.5135498046875,408.526123046875,111.82210540771484,3351.427978515625
2021-09-28,785.9185180664062,768.1782836914062,464.6399841308594,695.6495361328125,1501.21484375,406.9710388183594,112.74185943603516,3300.94189453125
2021-09-29,778.8978271484375,758.0948486328125,480.1878967285156,688.2288818359375,1505.79736328125,420.7837219238281,114.02686309814453,3312.07861328125
2021-09-30,763.3626708984375,758.6181030273438,474.1631164550781,679.8381958007812,1490.6259765625,414.3804931640625,113.44157409667969,3297.798095703125
2021-10-01,764.9560546875,752.79150390625,470.664794921875,671.5929565429688,1481.6834716796875,413.14556884765625,114.22929382324219,3258.186767578125
2021-10-04,775.7609252929688,754.2421264648438,491.4115905761719,679.2076416015625,1493.7850341796875,423.6651916503906,116.5440673828125,3295.832275390625
2021-10-05,779.3458862304688,758.8558959960938,481.3053894042969,676.2005615234375,1506.2869873046875,425.08306884765625,115.90157318115234,3348.240234375
2021-10-06,775.7111206054688,768.1069946289062,462.45355224609375,668.8284912109375,1489.157958984375,418.2224426269531,112.64944458007812,3328.674072265625
2021-10-07,773.8688354492188,766.01416015625,464.0083312988281,681.147705078125,1504.68505859375,418.8627624511719,113.46796417236328,3400.29833984375
2021-10-08,778.6986694335938,762.2803955078125,460.2671203613281,682.3117065429688,1533.9158935546875,418.9542236328125,114.5197525024414,3437.63916015625
2021-10-11,783.8770751953125,777.0966186523438,473.725830078125,691.9149780273438,1504.6407470703125,429.2451477050781,115.580322265625,3219.22998046875
2021-10-12,793.8355102539062,775.098876953125,484.56072998046875,687.3558349609375,1499.4798583984375,441.8228759765625,116.97974395751953,3190.624267578125
2021-10-13,791.2959594726562,779.7601928710938,493.6951599121094,688.6654052734375,1520.8800048828125,440.6337585449219,119.19770050048828,3192.676513671875
2021-10-14,798.7150268554688,802.5907592773438,501.5177001953125,705.4952392578125,1526.708251953125,448.77496337890625,121.02400207519531,3160.515380859375
2021-10-18,809.9183349609375,794.4573364257812,527.4633178710938,723.1011352539062,1594.6905517578125,455.4984130859375,124.19249725341797,3191.7578125
2021-10-19,798.3167724609375,803.2090454101562,518.6690063476562,725.0410766601562,1621.38525390625,446.5796203613281,120.30668640136719,3180.380615234375
2021-10-20,801.45361328125,796.1458129882812,498.4567565917969,723.4890747070312,1603.766845703125,457.2821350097656,118.22953796386719,3158.240234375
2021-10-21,804.441162109375,797.3111572265625,479.7992248535156,732.8497314453125,1560.4326171875,460.0721435546875,115.71233367919922,3091.423095703125
2021-10-22,813.3041381835938,799.427734375,457.15753173828125,736.5357666015625,1530.3121337890625,460.0721435546875,114.0884780883789,3061.974853515625
2021-10-25,841.5860595703125,788.13134765625,459.8784484863281,816.4654541015625,1519.4119873046875,463.3194580078125,113.82882690429688,3056.81103515625
2021-10-26,838.3994140625,786.10986328125,472.3167419433594,804.5342407226562,1529.4212646484375,468.8536682128906,118.2603530883789,3047.75439453125
2021-10-27,784.2255859375,781.3773193359375,466.2919616699219,809.96630859375,1552.088623046875,474.89105224609375,116.72010803222656,3054.0107421875
2021-10-28,755.19677734375,757.9758911132812,455.55413818359375,774.7545776367188,1529.6009521484375,458.6085510253906,114.3833236694336,2994.413330078125
2021-10-29,738.9147338867188,752.8628540039062,446.8084411621094,778.004150390625,1497.1485595703125,459.3403015136719,115.82234954833984,2973.49853515625
2021-11-01,749.2216796875,763.5408935546875,464.6399841308594,779.7987670898438,1526.144775390625,471.73516845703125,120.13066864013672,3042.32763671875
2021-11-02,752.7070922851562,764.2305908203125,455.16546630859375,776.9371337890625,1524.214599609375,477.2236328125,115.61993408203125,3049.154052734375
2021-11-03,747.47900390625,752.1968383789062,464.7857360839844,762.3868408203125,1528.3441162109375,482.6663818359375,116.71129608154297,3056.198974609375
2021-11-04,749.8192749023438,758.1423950195312,459.246826171875,758.6522827148438,1533.90966796875,485.2276611328125,116.69810485839844,3070.55078125
2021-11-08,747.9271240234375,761.138916015625,456.5259094238281,756.7606811523438,1559.7637939453125,478.6415100097656,118.22514343261719,3065.387939453125
2021-11-09,741.9520874023438,747.8211059570312,451.47283935546875,762.9688720703125,1564.25244140625,484.0384826660156,117.5826416015625,3067.96923828125
2021-11-10,746.2341918945312,739.7352294921875,437.0424499511719,757.48828125,1562.142822265625,479.6934814453125,114.29090881347656,3049.24169921875
2021-11-11,734.981201171875,736.4295654296875,441.123779296875,748.3215942382812,1555.993408203125,466.15521240234375,114.3833236694336,3052.654296875
2021-11-12,732.9894409179688,738.6651000976562,455.3111877441406,753.317138671875,1598.095703125,467.7559814453125,113.29635620117188,3085.778564453125
2021-11-15,730.2012329101562,740.6865234375,443.0186462402344,750.1161499023438,1604.3350830078125,463.3651428222656,109.61734771728516,3109.62646484375
2021-11-16,723.1306762695312,736.286865234375,433.00970458984375,741.1434326171875,1608.9581298828125,452.891357421875,108.15190887451172,3112.339111328125
2021-11-17,709.3880615234375,728.1058959960938,432.8153381347656,738.475830078125,1604.6041259765625,455.6813049316406,107.38179016113281,3082.146728515625
2021-11-18,703.4130249023438,732.1963500976562,427.85943603515625,740.0278930664062,1597.3775634765625,460.849609375,104.43771362304688,3041.715087890625
2021-11-22,683.5459594726562,720.7572021484375,429.65716552734375,729.4547119140625,1579.4234619140625,444.93304443359375,102.54100799560547,3026.575439453125
2021-11-23,682.7991333007812,720.8524780273438,437.479736328125,729.30908203125,1559.2252197265625,451.0160827636719,104.91738891601562,3031.69482421875
2021-11-24,682.3011474609375,722.0415649414062,439.3260498046875,737.4088745117188,1522.509033203125,451.1075744628906,103.72479248046875,3013.3603515625
2021-11-25,677.072998046875,725.7990112304688,434.418701171875,728.5331420898438,1546.2083740234375,448.7292175292969,103.29792785644531,3015.63671875
2021-11-26,658.9984741210938,708.6522827148438,405.2177429199219,700.5481567382812,1518.6038818359375,430.3885498046875,97.89826202392578,3016.467529296875
2021-11-29,648.3927001953125,714.05078125,408.27874755859375,696.862060546875,1522.8231201171875,425.4489440917969,98.11388397216797,3064.7314453125
2021-11-30,652.923828125,710.3883666992188,401.08782958984375,692.9334106445312,1537.45556640625,421.2868347167969,94.28086853027344,3088.491455078125
2021-12-01,676.774169921875,715.6680297851562,412.8945617675781,705.8832397460938,1539.4754638671875,434.77935791015625,95.27983093261719,3131.0673828125
2021-12-02,673.2887573242188,725.7039794921875,419.89111328125,700.7421264648438,1569.4141845703125,436.33441162109375,97.90705871582031,3188.03857421875
2021-12-03,670.2017211914062,719.9011840820312,412.6516418457031,694.8250122070312,1558.013427734375,432.8126220703125,98.39993286132812,3185.89404296875
2021-12-06,660.3428344726562,715.2637329101562,409.4448547363281,688.27734375,1521.880615234375,425.6318664550781,97.5902099609375,3094.83544921875
2021-12-07,684.1434936523438,725.6800537109375,429.9972839355469,712.6248779296875,1536.5582275390625,436.05999755859375,101.11077117919922,3136.9306640625
2021-12-08,694.201416015625,739.0455322265625,444.52484130859375,730.812744140625,1573.992431640625,449.64398193359375,103.24072265625,3174.0361328125
2021-12-09,691.0645141601562,726.2271118164062,442.7757263183594,732.36474609375,1583.05908203125,446.9912109375,103.57957458496094,3152.02587890625
2021-12-10,685.1890258789062,724.1819458007812,442.24127197265625,735.2748413085938,1579.2886962890625,452.52545166015625,103.85681915283203,3182.7001953125
2021-12-13,701.07275390625,718.7597045898438,445.3022766113281,731.3947143554688,1566.182373046875,446.21368408203125,102.56300354003906,3158.93994140625
2021-12-14,707.944091796875,714.62158203125,448.6548156738281,735.9053344726562,1572.9151611328125,446.8997497558594,102.73023986816406,3171.323486328125
2021-12-15,709.5374145507812,713.456298828125,445.3994140625,729.697265625,1556.8011474609375,443.4694519042969,101.5728530883789,3124.54736328125
2021-12-16,706.6993408203125,713.5037841796875,437.771240234375,718.9299926757812,1590.37548828125,440.1306457519531,101.49803924560547,3134.392578125
2021-12-17,686.0355834960938,700.6378173828125,437.43109130859375,706.4652099609375,1634.587646484375,427.91876220703125,99.64093017578125,3136.799560546875
2021-12-20,671.5460205078125,678.0926513671875,420.86285400390625,688.6654052734375,1614.8829345703125,410.90447998046875,94.43489074707031,3112.776123046875
2021-12-21,663.0814208984375,685.774169921875,432.8639221191406,698.7536010742188,1626.2838134765625,407.97723388671875,97.2645492553711,3157.75830078125
2021-12-22,666.56689453125,687.3912963867188,450.2581787109375,710.830322265625,1638.04345703125,416.9875183105469,99.3548812866211,3177.4052734375
2021-12-23,675.9774780273438,686.8681030273438,448.26605224609375,709.3753051757812,1667.5782470703125,422.4302673339844,99.249267578125,3205.366455078125
2021-12-24,664.7245483398438,684.3948974609375,445.93389892578125,705.3012084960938,1672.87451171875,417.9937438964844,98.17549133300781,3212.54248046875
2021-12-27,669.355224609375,690.0548706054688,440.0062255859375,713.9343872070312,1675.2535400390625,418.9999694824219,98.73439025878906,3234.595703125
2021-12-28,672.6414794921875,694.8112182617188,445.205078125,713.7403564453125,1694.868408203125,421.8814392089844,99.23167419433594,3243.7412109375
2021-12-29,667.7120361328125,691.505615234375,441.4152526855469,713.6433715820312,1692.669189453125,415.6611633300781,98.24590301513672,3233.370849609375
2021-12-30,666.0689086914062,695.1442260742188,436.9452209472656,713.6433715820312,1699.2222900390625,413.1913146972656,96.90369415283203,3267.544677734375
2021-12-31,675.7285766601562,703.658203125,462.1134338378906,717.9599609375,1694.6439208984375,421.19537353515625,97.82344818115234,3271.5703125
2022-01-03,693.45458984375,722.802490234375,464.5428161621094,741.77392578125,1704.249267578125,430.6629943847656,100.55188751220703,3341.056396484375
2022-01-04,706.2013549804688,727.0357055664062,462.64788818359375,749.6796264648438,1704.878173828125,442.2802734375,101.11077117919922,3399.690185546875
2022-01-05,723.8775634765625,744.3013916015625,461.9190979003906,764.4238891601562,1655.9530029296875,450.4215393066406,103.64558410644531,3378.8623046875
2022-01-06,727.263427734375,732.3628540039062,465.5631408691406,761.5137939453125,1631.8494873046875,449.7812194824219,102.38257598876953,3332.041748046875
2022-01-07,727.5621948242188,737.499755859375,479.5562744140625,769.468017578125,1628.70751953125,449.36956787109375,102.12733459472656,3372.342529296875
2022-01-10,739.71142578125,741.5902709960938,478.97320556640625,786.443359375,1661.4288330078125,460.7124328613281,102.89305877685547,3395.402587890625
2022-01-11,740.1595458984375,744.80078125,472.60833740234375,786.3463134765625,1665.78271484375,462.81640625,99.47811126708984,3426.950927734375
2022-01-12,743.7445068359375,740.401123046875,483.88055419921875,799.0535888671875,1685.3974609375,466.749755859375,100.96995544433594,3377.943115234375
2022-01-13,737.6201782226562,726.774169921875,493.1606750488281,799.97509765625,1702.7681884765625,467.7559814453125,107.47859954833984,3411.197998046875
2022-01-14,718.6991577148438,734.9313354492188,492.0431823730469,795.416015625,1731.988525390625,465.0117492675781,106.81410217285156,3472.676513671875
2022-01-17,709.6868286132812,723.6824340820312,491.6545104980469,794.7369995117188,1741.1004638671875,470.1800842285156,108.23551940917969,3517.30859375
2022-01-18,722.1846313476562,727.36865234375,481.9856262207031,798.4230346679688,1724.2684326171875,463.5938720703125,105.16382598876953,3492.323974609375
2022-01-19,726.5662841796875,722.2317504882812,490.5369873046875,784.3577880859375,1676.0615234375,471.82659912109375,106.4620361328125,3431.876953125
2022-01-20,725.8692626953125,717.7369384765625,489.1765441894531,785.9583740234375,1637.14599609375,467.8017578125,106.20680236816406,3354.6416015625
2022-01-21,709.5374145507812,723.7301025390625,492.3833312988281,780.3806762695312,1603.033203125,459.84344482421875,102.95027923583984,3360.734375
2022-01-24,701.6702270507812,707.1065063476562,464.8829345703125,774.5121459960938,1559.13525390625,452.0223388671875,96.74526977539062,3306.249267578125
2022-01-25,749.0723876953125,707.7723999023438,472.0252685546875,777.6161499023438,1545.98388671875,470.774658203125,97.61661529541016,3304.977783203125
2022-01-27,770.6323852539062,701.54150390625,475.3291931152344,770.8260498046875,1506.888916015625,483.8555603027344,95.7903060913086,3199.20751953125
2022-01-28,761.5203857421875,695.9766235351562,476.4952697753906,757.7308349609375,1513.7113037109375,478.8244934082031,95.46466064453125,3234.975830078125
2022-01-31,769.8356323242188,706.654541015625,475.2319641113281,765.1514282226562,1558.5966796875,492.4084167480469,95.54386901855469,3275.477783203125
2022-02-01,778.6488647460938,712.0293579101562,496.56182861328125,786.0068359375,1590.7794189453125,486.91998291015625,102.74343872070312,3331.93603515625
2022-02-02,800.7564697265625,728.2960815429688,499.428466796875,789.3533325195312,1604.2900390625,493.7805480957031,102.75663757324219,3380.635009765625
2022-02-03,796.2254638671875,720.7572021484375,498.16522216796875,784.6973266601562,1560.7064208984375,494.05499267578125,102.67742919921875,3352.931884765625
2022-02-04,795.2295532226562,724.87158203125,510.31207275390625,780.9142456054688,1562.995361328125,485.0904541015625,103.53116607666016,3344.428466796875
2022-02-07,786.3167724609375,698.3071899414062,507.833984375,762.8233642578125,1539.5654296875,487.7889709472656,104.12085723876953,3312.955810546875
2022-02-08,795.2295532226562,695.3107299804688,511.9154052734375,768.740478515625,1541.630126953125,486.0508728027344,107.34217834472656,3281.789794921875
2022-02-09,800.507568359375,712.314697265625,526.9774169921875,778.731689453125,1559.58447265625,489.618408203125,107.584228515625,3296.78173828125
2022-02-10,806.432861328125,725.394775390625,531.78759765625,781.3507690429688,1588.5802001953125,494.4665832519531,109.87258911132812,3305.373046875
2022-02-11,800.457763671875,722.4220581054688,527.3661499023438,767.0913696289062,1545.265625,484.4501037597656,110.40947723388672,3239.27099609375
2022-02-14,770.1343994140625,700.947021484375,506.5221862792969,731.1036987304688,1510.12060546875,458.6542663574219,104.459716796875,3273.28662109375
2022-02-15,793.6362915039062,721.9226684570312,518.7661743164062,752.7836303710938,1560.4368896484375,480.059326171875,106.2992172241211,3346.97119140625
2022-02-16,793.7357788085938,720.9475708007812,514.3447265625,741.1434326171875,1555.993408203125,472.64990234375,104.89539337158203,3342.8505859375
2022-02-17,779.5451049804688,716.5478515625,517.5029296875,727.8541870117188,1548.36279296875,469.2196350097656,104.8205795288086,3317.514404296875
2022-02-18,784.1259765625,719.3303833007812,514.63623046875,726.4476318359375,1532.3387451171875,471.3692321777344,104.80738067626953,3326.01806640625
2022-02-21,785.5699462890625,723.9678955078125,497.5335388183594,731.8312377929688,1553.6595458984375,468.21337890625,104.01964569091797,3260.7060546875
2022-02-22,775.9103393554688,718.5455322265625,501.61492919921875,728.7756958007812,1556.93603515625,455.9100341796875,100.22183227539062,3144.1083984375
2022-02-23,773.9684448242188,713.8843383789062,504.0442810058594,722.2765502929688,1564.5662841796875,456.1844482421875,100.24823760986328,3124.29541015625
2022-02-24,727.263427734375,675.119873046875,503.02392578125,686.1918334960938,1506.4849853515625,432.3552551269531,94.52730560302734,2982.142333984375
2022-02-25,754.8980712890625,692.5758056640625,518.8148193359375,708.1627807617188,1521.2520751953125,441.7771911621094,100.80712127685547,3086.554931640625
2022-02-28,739.3131103515625,678.3779907226562,557.538818359375,720.4334716796875,1540.1038818359375,442.0058288574219,107.44339752197266,3115.87939453125
2022-03-02,747.1304931640625,653.6448364257812,583.144287109375,693.4183959960938,1528.61328125,433.8188781738281,113.4811782836914,3108.82177734375
2022-03-03,734.5828247070312,652.0990600585938,589.1691284179688,677.3646240234375,1544.8170166015625,427.5528259277344,114.70896911621094,3107.28759765625
2022-03-04,712.0270385742188,649.9586791992188,567.3048706054688,667.4219360351562,1547.016357421875,422.5675048828125,112.40300750732422,3089.7109375
2022-03-07,664.7743530273438,630.1246337890625,602.2391357421875,634.1502685546875,1561.873291015625,402.7632141113281,113.70561981201172,3055.125244140625
2022-03-08,667.6124877929688,631.5514526367188,573.2811279296875,645.06298828125,1596.30029296875,402.7632141113281,111.73409271240234,3155.9873046875
2022-03-09,671.396728515625,652.1704711914062,571.434814453125,647.4395141601562,1627.8548583984375,413.1913146972656,110.48870086669922,3184.61083984375
2022-03-10,692.0603637695312,662.4202880859375,577.0223388671875,656.315185546875,1639.1209716796875,428.74200439453125,115.18424987792969,3174.39697265625
2022-03-11,687.9774780273438,664.3704833984375,572.455078125,657.5762939453125,1635.6199951171875,430.2513732910156,114.56815338134766,3155.28662109375
2022-03-14,707.0975952148438,686.130859375,574.1070556640625,675.2791137695312,1697.292236328125,443.78961181640625,114.15447998046875,3193.727783203125
2022-03-15,695.2471313476562,677.3077392578125,543.9343872070312,676.443115234375,1651.150146484375,444.429931640625,108.58757781982422,3150.68359375
2022-03-16,720.8402099609375,688.79443359375,556.5184936523438,686.7738647460938,1696.125244140625,450.7416687011719,111.36003875732422,3205.03662109375
2022-03-17,736.1762084960938,703.9673461914062,560.502685546875,698.5110473632812,1664.8851318359375,459.1116638183594,114.7221908569336,3219.808837890625
2022-03-21,722.8817138671875,707.03515625,573.2811279296875,689.44140625,1663.4937744140625,448.77496337890625,114.67816925048828,3179.438232421875
2022-03-22,728.35888671875,710.673828125,576.6822509765625,696.6680297851562,1694.3297119140625,451.6107177734375,114.59455108642578,3244.531494140625
2022-03-23,723.7281494140625,703.586669921875,591.2583618164062,696.7650146484375,1680.8643798828125,448.82073974609375,117.14697265625,3254.569091796875
2022-03-24,719.2468872070312,686.178466796875,604.376953125,683.0878295898438,1693.7015380859375,445.5733642578125,118.86763763427734,3287.401123046875
2022-03-25,718.2510375976562,680.5896606445312,605.1057739257812,678.2861938476562,1684.5897216796875,448.8664855957031,117.8466796875,3250.2294921875
2022-03-28,732.939697265625,681.4934692382812,612.3938598632812,689.0533447265625,1682.2108154296875,455.0867614746094,117.8466796875,3250.448974609375
2022-03-29,734.732177734375,690.5305786132812,613.4627685546875,693.8549194335938,1693.072998046875,452.7998962402344,117.46821594238281,3248.38916015625
2022-03-30,747.3296508789062,702.4927978515625,582.8528442382812,708.9873657226562,1709.186767578125,452.1595458984375,115.12703704833984,3271.357666015625
2022-03-31,757.9851684570312,699.3535766601562,553.4088745117188,708.4052734375,1711.790283203125,451.47344970703125,115.05223846435547,3278.721923828125
2022-04-01,771.3294067382812,716.3101196289062,554.380615234375,714.1769409179688,1708.8277587890625,464.8745422363281,115.923583984375,3295.203369140625
2022-04-04,780.8397216796875,788.0362548828125,570.9003295898438,724.216552734375,1690.3349609375,468.7165222167969,118.10633087158203,3305.373046875
2022-04-05,779.8438110351562,764.9439697265625,570.2687377929688,719.5604248046875,1670.72021484375,465.97222900390625,118.37036895751953,3344.3408203125
2022-04-06,770.4829711914062,737.642333984375,564.826904296875,719.3665161132812,1641.76904296875,470.13433837890625,120.64554595947266,3292.222412109375
2022-04-07,788.806396484375,721.4232177734375,558.5105590820312,726.108154296875,1625.7451171875,471.0491027832031,118.77523040771484,3229.802978515625
2022-04-08,791.5947875976562,720.4243774414062,565.3128051757812,731.6857299804688,1628.9766845703125,472.10101318359375,120.64554595947266,3231.1181640625
2022-04-11,782.7816162109375,711.6250610351562,560.0653686523438,736.8268432617188,1585.8421630859375,471.0033874511719,119.51455688476562,3240.542236328125
2022-04-12,795.1300048828125,710.3646240234375,527.0260009765625,740.9494018554688,1564.207275390625,469.1280822753906,116.20082092285156,3235.896240234375
2022-04-13,789.7525024414062,696.7850952148438,531.3016967773438,739.3973999023438,1569.68359375,473.5646667480469,116.13481140136719,3210.3408203125
2022-04-18,795.5283813476562,663.7283935546875,529.9412231445312,735.0807495117188,1455.5400390625,466.0637512207031,117.85989379882812,3092.9541015625
2022-04-19,794.4827880859375,638.4006958007812,525.519775390625,743.325927734375,1402.21630859375,468.1676330566406,116.75971984863281,3043.72900390625
2022-04-20,791.3956909179688,644.1558837890625,529.6011352539062,732.8982543945312,1425.2874755859375,465.8807678222656,115.67272186279297,3118.158935546875
2022-04-21,798.466064453125,653.6924438476562,524.9853515625,739.494384765625,1453.2060546875,472.2839660644531,114.60775756835938,3181.14697265625
2022-04-22,777.354248046875,644.774169921875,499.622802734375,725.2351684570312,1423.267578125,457.9224548339844,112.44261169433594,3167.032958984375
2022-04-25,777.453857421875,649.6019287109375,481.499755859375,729.648681640625,1401.4083251953125,452.5711975097656,107.40819549560547,3110.619384765625
2022-04-26,771.777587890625,652.5985107421875,479.5076904296875,731.1522216796875,1419.2724609375,462.4047546386719,108.57437896728516,3108.953857421875
2022-04-27,762.7153930664062,652.8363037109375,478.39013671875,714.6134033203125,1393.9573974609375,454.8580627441406,109.72737121582031,3122.01611328125
2022-04-28,776.5575561523438,652.2655029296875,474.7947082519531,724.7500610351562,1420.7091064453125,464.2342224121094,110.97277069091797,3142.266845703125
2022-04-29,725.5704345703125,658.5677490234375,469.0128479003906,721.0155029296875,1407.1986083984375,453.9890441894531,111.87051391601562,3109.303955078125
2022-05-02,724.3256225585938,667.65234375,470.71337890625,718.7844848632812,1383.364501953125,449.1408996582031,113.99605560302734,3105.53466796875
2022-05-04,704.2594604492188,644.9645385742188,448.6061706542969,702.5366821289062,1378.4720458984375,438.7585144042969,111.01678466796875,3050.6103515625
2022-05-05,699.4295654296875,643.5137329101562,448.5575866699219,706.9502563476562,1422.998291015625,439.0786437988281,113.03230285644531,3080.11083984375
2022-05-06,670.6000366210938,626.699951171875,431.21197509765625,697.6865844726562,1385.025390625,442.69195556640625,112.98388671875,3009.275146484375
2022-05-09,660.9403686523438,627.7701416015625,431.55206298828125,689.0533447265625,1409.712158203125,435.32818603515625,110.21585083007812,3020.233642578125
2022-05-10,657.0067138671875,637.8536987304688,411.0482177734375,689.974853515625,1394.1370849609375,434.6878967285156,102.52780151367188,3014.6669921875
2022-05-11,669.5543823242188,641.4447021484375,410.6109313964844,692.7880249023438,1370.5723876953125,435.9227600097656,102.59821319580078,2991.21630859375
2022-05-12,646.9487915039062,626.9856567382812,394.3828125,674.9395751953125,1354.4583740234375,423.2077941894531,98.37353515625,2988.279052734375
2022-05-13,633.3057250976562,621.35595703125,377.0371398925781,657.0426635742188,1350.5086669921875,406.7423400878906,96.55162811279297,2993.75830078125
2022-05-16,636.2932739257812,627.9719848632812,379.90380859375,662.5233154296875,1336.7735595703125,416.2099609375,97.12372589111328,2960.357177734375
2022-05-17,652.2266845703125,632.25439453125,416.295654296875,688.7138061523438,1363.121337890625,427.4613952636719,104.62254333496094,3025.932373046875
2022-05-18,656.7080078125,632.206298828125,423.7781066894531,686.143310546875,1354.8175048828125,418.9542236328125,103.87882232666016,3023.47802734375
2022-05-19,647.4964599609375,619.2870483398438,405.2177429199219,669.6045532226562,1281.16064453125,409.349365234375,98.76519012451172,2859.6708984375
2022-05-20,670.3012084960938,635.5985107421875,416.97589111328125,688.27734375,1306.296630859375,422.9791259765625,103.02947998046875,2886.891357421875
2022-05-23,672.5418701171875,627.4427490234375,401.4765625,689.732421875,1318.1910400390625,421.60699462890625,90.0341796875,2912.09619140625
2022-05-24,661.2888793945312,634.6361694335938,389.4754943847656,686.9193115234375,1293.5938720703125,422.658935546875,88.5731430053711,2882.5078125
2022-05-25,662.2349243164062,639.375732421875,385.6371154785156,691.9634399414062,1266.1690673828125,421.8692932128906,87.9350357055664,2795.7060546875
2022-05-26,680.4090576171875,657.6119384765625,396.3263244628906,706.6591796875,1278.2880859375,435.61883544921875,92.59098815917969,2848.04345703125
2022-05-27,685.4380493164062,669.8095703125,397.5895690917969,717.6204223632812,1311.8621826171875,435.665283203125,91.8428726196289,2878.360595703125
2022-05-30,690.765869140625,674.3807373046875,404.97479248046875,726.0596313476562,1370.6171875,440.9142761230469,92.19053649902344,2978.929931640625
2022-05-31,682.3509521484375,668.3179321289062,410.6109313964844,730.2791748046875,1364.0850830078125,434.8756103515625,92.91224670410156,2969.31005859375
2022-06-01,683.1973266601562,671.1567993164062,399.04718017578125,730.0852661132812,1341.359619140625,435.0614013671875,93.60755920410156,2961.234619140625
2022-06-02,688.6744995117188,666.4654541015625,398.3183898925781,727.2720947265625,1368.0770263671875,436.50140380859375,95.19181823730469,3021.0732421875
2022-06-03,674.4837646484375,664.1558837890625,395.25738525390625,721.9855346679688,1380.5057373046875,431.5311279296875,93.9376220703125,3036.2099609375
2022-06-06,669.405029296875,663.2656860351562,397.5895690917969,724.362060546875,1388.0811767578125,430.7879333496094,94.88816833496094,3028.090087890625
2022-06-07,663.0814208984375,655.6392211914062,392.7794494628906,713.2069702148438,1366.8974609375,430.50921630859375,94.04322052001953,2967.853515625
2022-06-08,655.8615112304688,657.9487915039062,392.0992126464844,707.6292114257812,1360.819091796875,437.84844970703125,95.64949798583984,3004.436767578125
2022-06-09,658.55029296875,662.90478515625,388.45513916015625,710.7817993164062,1374.427490234375,433.8072509765625,91.9616928100586,3024.6923828125
2022-06-10,657.952880859375,650.105712890625,374.8507385253906,698.4140625,1339.77197265625,429.0692138671875,90.1001968383789,2965.3828125
2022-06-13,646.2516479492188,638.317138671875,356.0960693359375,667.3734130859375,1292.32470703125,414.2048645019531,87.30574035644531,2841.556640625
2022-06-14,648.0441284179688,631.2921142578125,348.17626953125,664.9484252929688,1306.885498046875,416.295166015625,87.67539978027344,2833.569091796875
2022-06-15,647.795166015625,629.102783203125,347.39892578125,666.6459350585938,1290.2381591796875,419.31451416015625,89.01119232177734,2829.818115234375
2022-06-16,632.2601318359375,616.520263671875,326.60357666015625,658.158203125,1267.5577392578125,410.25653076171875,83.64482879638672,2773.068115234375
2022-06-17,632.5587768554688,620.5861206054688,324.27142333984375,666.2579345703125,1258.576416015625,409.6990966796875,84.10863494873047,2726.20263671875
2022-06-20,625.6875,636.1759643554688,312.4161071777344,665.3849487304688,1282.935302734375,403.8462829589844,79.90645599365234,2746.944091796875
2022-06-21,633.8533935546875,643.1047973632812,329.6645812988281,675.2305908203125,1315.3681640625,418.7570495605469,82.0771255493164,2834.8046875
2022-06-22,624.1937255859375,640.0734252929688,307.5088195800781,666.015380859375,1303.8914794921875,415.8770751953125,77.74506378173828,2844.512939453125
2022-06-23,626.733154296875,642.43115234375,308.6263122558594,678.189208984375,1317.6812744140625,419.36090087890625,78.04190826416016,2920.28271484375
2022-06-24,631.3638305664062,651.4049682617188,313.1934509277344,692.0604248046875,1307.384521484375,422.0086364746094,79.11332702636719,2906.426025390625
2022-06-27,634.4508666992188,652.583740234375,320.6273498535156,695.843505859375,1337.7760009765625,428.4653625488281,80.5047836303711,2925.489990234375
2022-06-28,639.6790161132812,647.6036987304688,333.8430480957031,689.0048828125,1342.81103515625,431.2988586425781,81.52982330322266,2928.534912109375
2022-06-29,622.9489135742188,646.6653442382812,334.4261169433594,681.6812133789062,1327.479248046875,426.514404296875,81.78028106689453,2904.13134765625
2022-06-30,634.152099609375,648.6141967773438,329.0815124511719,685.997802734375,1326.254638671875,432.8317565917969,80.43057250976562,2883.4794921875
2022-07-01,641.2723999023438,651.380859375,331.5108642578125,682.7967529296875,1342.130615234375,433.71435546875,80.9686050415039,2925.84228515625
2022-07-04,651.629150390625,652.2950439453125,330.8792724609375,698.5110473632812,1349.932861328125,439.84588623046875,79.27102661132812,2855.192138671875
2022-07-05,645.8035278320312,650.8275146484375,335.49505615234375,697.8805541992188,1339.0008544921875,438.63812255859375,79.79049682617188,2838.64404296875
2022-07-06,655.2142333984375,659.80126953125,331.3165588378906,704.1856689453125,1353.2440185546875,445.884521484375,79.60497283935547,2877.875
2022-07-07,656.4110717773438,671.6139526367188,351.431640625,719.7545166015625,1359.639892578125,452.201904296875,83.48712921142578,2901.792724609375
2022-07-08,667.3820190429688,672.239501953125,347.4474792480469,733.0437622070312,1373.9285888671875,453.8741149902344,82.17916107177734,2882.0224609375
2022-07-11,678.0537109375,676.5940551757812,346.1356506347656,746.4300537109375,1336.4605712890625,453.5489807128906,84.66986083984375,2748.1796875
2022-07-12,674.4133911132812,669.6893310546875,337.0984191894531,737.1178588867188,1305.116455078125,450.5296630859375,83.68193054199219,2722.495849609375
2022-07-13,678.1036376953125,653.3536376953125,339.04193115234375,730.6187133789062,1310.4237060546875,451.9696044921875,83.9370346069336,2681.941650390625
2022-07-14,666.484375,650.0817260742188,339.2362365722656,729.8427124023438,1296.2711181640625,445.3271484375,84.22924041748047,2653.625
2022-07-15,660.4503784179688,655.3745727539062,340.64532470703125,728.6786499023438,1297.6318359375,445.0948486328125,81.98435974121094,2649.952392578125
2022-07-18,682.6914672851562,648.397705078125,356.7276916503906,748.8551025390625,1351.656494140625,455.4999084472656,83.88601684570312,2710.922607421875
2022-07-19,698.7488403320312,648.63818359375,357.5536804199219,757.2457275390625,1346.4400634765625,462.60693359375,85.2913818359375,2720.435546875
2022-07-20,703.8353881835938,656.8180541992188,358.9140930175781,759.6222534179688,1374.69970703125,472.50103759765625,86.12625122070312,2800.563720703125
2022-07-21,713.6593627929688,654.7490234375,365.32763671875,762.4353637695312,1390.666748046875,475.7061462402344,86.66891479492188,2811.625732421875
2022-07-22,728.8192749023438,670.0260620117188,370.4778747558594,776.0641479492188,1366.5347900390625,477.2390441894531,86.83125305175781,2806.05029296875
2022-07-25,725.4281616210938,671.9989013671875,376.11395263671875,776.8886108398438,1364.0850830078125,481.04803466796875,89.11787414550781,2802.2900390625
2022-07-26,704.58349609375,670.6275634765625,371.1094970703125,772.426513671875,1316.5018310546875,477.7035827636719,88.07891845703125,2757.2919921875
2022-07-27,717.0504150390625,675.751953125,377.6687927246094,776.5006103515625,1334.555419921875,490.7098693847656,88.99727630615234,2821.846435546875
2022-07-28,723.9820556640625,681.7425537109375,381.31280517578125,790.1778564453125,1376.604736328125,494.65826416015625,93.08815002441406,2885.249755859375
2022-07-29,722.8351440429688,690.0907592773438,403.3228759765625,794.0579223632812,1405.9078369140625,490.8492126464844,99.8134994506836,2921.885498046875
2022-08-01,728.8690795898438,695.8408203125,412.0199890136719,798.714111328125,1407.132568359375,495.865966796875,100.41646575927734,2919.14208984375
2022-08-02,728.5200805664062,688.190185546875,406.57818603515625,793.2334594726562,1400.3736572265625,503.6233215332031,99.25691986083984,2912.947265625
2022-08-03,728.5698852539062,689.8020629882812,402.5454406738281,800.0720825195312,1420.7860107421875,502.46197509765625,99.30329895019531,2955.158447265625
2022-08-04,719.6934204101562,688.9840698242188,409.7850036621094,795.6585083007812,1451.4498291015625,495.4014892578125,99.90626525878906,2968.829833984375
2022-08-05,726.5751342773438,686.6505126953125,399.1929016113281,813.0703735351562,1466.645751953125,493.3576354980469,99.58158874511719,2977.767578125
2022-08-08,743.5801391601562,703.4913940429688,409.4934387207031,816.7297973632812,1469.1405029296875,483.4635009765625,99.44244384765625,2986.085693359375
2022-08-10,737.0474243164062,705.5362548828125,427.66510009765625,828.2446899414062,1453.76318359375,478.1680603027344,101.29771423339844,2968.210205078125
2022-08-11,756.844970703125,714.8709106445312,425.1153564453125,838.93017578125,1469.6392822265625,487.5047912597656,101.20494079589844,3028.60546875
2022-08-12,758.54052734375,714.606201171875,427.8121643066406,853.2750244140625,1446.18798828125,493.0324401855469,104.49805450439453,3010.066162109375
2022-08-16,762.629638671875,722.7861328125,420.60430908203125,858.0078125,1448.31982421875,488.6195983886719,104.8227310180664,3002.2353515625
2022-08-17,770.0599365234375,726.5152587890625,430.4599609375,861.9111328125,1457.210693359375,490.6634826660156,104.3589096069336,3009.66845703125
2022-08-18,763.0286254882812,727.3812866210938,429.57733154296875,863.7164916992188,1436.0723876953125,494.5653076171875,104.4052963256836,2992.10302734375
2022-08-19,755.49853515625,718.4075927734375,419.08428955078125,849.3716430664062,1448.9095458984375,483.4170227050781,102.0862045288086,2996.08544921875
2022-08-22,739.889892578125,707.4849853515625,410.4054870605469,831.6600952148438,1429.449951171875,475.0093994140625,97.44802856445312,2968.475830078125
2022-08-23,745.076171875,705.2957153320312,419.6236877441406,843.0287475585938,1399.2850341796875,484.8570556640625,99.8134994506836,2906.57666015625
2022-08-24,748.16796875,708.6879272460938,420.5552978515625,852.2015991210938,1394.8397216796875,482.44158935546875,98.83949279785156,2880.69287109375
2022-08-25,741.3859252929688,704.8385620117188,424.3798828125,851.2745361328125,1377.2852783203125,483.4635009765625,98.56119537353516,2847.818115234375
2022-08-26,742.931884765625,704.9588623046875,431.53863525390625,849.8107299804688,1380.369873046875,486.6221618652344,99.58158874511719,2851.357421875
2022-08-29,726.774658203125,692.5928955078125,421.87921142578125,835.1731567382812,1326.1182861328125,478.30743408203125,97.26249694824219,2772.025634765625
2022-08-30,749.514404296875,715.0634155273438,430.50897216796875,865.8633422851562,1354.4232177734375,493.54339599609375,100.46284484863281,2841.57958984375
2022-09-01,742.183837890625,708.3511352539062,413.78875732421875,853.2261962890625,1328.3406982421875,495.4478759765625,98.7003402709961,2771.273681640625
2022-09-02,748.2178344726562,714.7747192382812,406.8750915527344,851.3234252929688,1318.18017578125,498.6065673828125,97.86547088623047,2770.122802734375
2022-09-05,754.1022338867188,719.369873046875,420.99658203125,861.1305541992188,1325.7100830078125,500.65045166015625,99.16414642333984,2772.778076171875
2022-09-06,748.0183715820312,716.6271362304688,422.61468505859375,862.301513671875,1320.085205078125,499.62847900390625,100.74113464355469,2767.1591796875
2022-09-07,753.4041748046875,713.2349243164062,424.4779357910156,855.0315551757812,1322.3988037109375,495.0298767089844,99.8134994506836,2787.113525390625
2022-09-08,777.6897583007812,720.5968627929688,412.4158020019531,877.0855102539062,1338.9554443359375,505.9923095703125,98.19013977050781,2804.85595703125
2022-09-09,782.7763061523438,721.0780029296875,417.7604064941406,879.476318359375,1371.3883056640625,514.0747680664062,98.05099487304688,2847.33154296875
2022-09-12,798.8836059570312,718.6481323242188,422.8108215332031,885.2825927734375,1393.6602783203125,515.5148315429688,99.95264434814453,2869.7197265625
2022-09-13,803.4215698242188,728.0548706054688,428.20440673828125,888.0149536132812,1401.598388671875,518.394775390625,99.95264434814453,2857.68505859375
2022-09-14,800.9281616210938,735.537109375,433.4509582519531,895.9192504882812,1338.5018310546875,531.1688232421875,101.25133514404297,2761.27392578125
2022-09-15,787.9127197265625,731.7117919921875,416.19134521484375,895.4312744140625,1299.8546142578125,531.5404663085938,99.25691986083984,2747.0712890625
2022-09-16,787.2145385742188,718.26318359375,404.52154541015625,887.1365966796875,1249.2774658203125,521.925048828125,98.05099487304688,2662.42919921875
2022-09-19,795.9912719726562,723.002685546875,404.17828369140625,877.475830078125,1261.298095703125,531.6334228515625,95.6391372680664,2680.216796875
2022-09-20,810.6025390625,731.7117919921875,413.2984313964844,894.6018676757812,1259.71044921875,533.3056030273438,98.14375305175781,2690.392578125
2022-09-21,804.4189453125,730.5810546875,403.393798828125,893.1381225585938,1249.4588623046875,529.2643432617188,96.89144897460938,2655.793212890625
2022-09-22,787.1148071289062,715.0153198242188,404.1292724609375,881.574462890625,1241.021728515625,527.0347290039062,96.10296630859375,2661.279541015625
2022-09-23,766.5692138671875,695.8408203125,388.68389892578125,860.9353637695312,1238.753662109375,511.5199890136719,96.75231170654297,2638.8466796875
2022-09-26,740.6378784179688,686.4580078125,366.17779541015625,840.2474975585938,1252.1805419921875,504.7381286621094,92.62432861328125,2649.775390625
2022-09-27,735.5513916015625,680.299072265625,366.3739318847656,831.952880859375,1264.24658203125,498.4207763671875,90.58353424072266,2670.173095703125
2022-09-28,714.5570678710938,668.606689453125,353.7724609375,828.9765625,1265.2896728515625,487.5976257324219,88.31082916259766,2686.277587890625
2022-09-29,717.1002807617188,665.1422119140625,364.0203552246094,823.5119018554688,1268.873291015625,484.71771240234375,89.84142303466797,2652.341064453125
2022-09-30,731.2627563476562,683.9077758789062,382.9960632324219,841.174560546875,1282.2999267578125,492.93951416015625,92.1141357421875,2658.757080078125
2022-10-03,720.8403930664062,679.9862670898438,373.581787109375,827.8543701171875,1264.427978515625,482.859619140625,91.23287200927734,2641.412841796875
2022-10-04,740.83740234375,699.1367797851562,386.4283752441406,846.6880493164062,1296.77001953125,494.8905029296875,93.83025360107422,2735.390625
2022-10-06,753.1049194335938,691.4380493164062,404.6686096191406,864.0580444335938,1320.130859375,499.1639709472656,96.05657958984375,2744.947509765625
2022-10-07,753.703369140625,688.4547729492188,403.14862060546875,861.2280883789062,1316.5472412109375,492.56793212890625,95.82467651367188,2712.1611328125
2022-10-10,774.7974243164062,680.8523559570312,399.6182556152344,860.447509765625,1326.9346923828125,493.0788879394531,95.73190307617188,2759.636962890625
2022-10-11,783.4744262695312,673.9476318359375,388.3896789550781,849.5667724609375,1291.6898193359375,489.9666748046875,93.08815002441406,2716.27685546875
2022-10-12,806.5632934570312,678.350341796875,392.45941162109375,847.3711547851562,1296.1348876953125,495.91241455078125,93.27367401123047,2743.88525390625
2022-10-13,799.8810424804688,670.5553588867188,393.7832946777344,832.9774780273438,1288.151611328125,484.4389953613281,92.85623931884766,2746.142333984375
2022-10-14,798.385009765625,692.4004516601562,389.4684143066406,849.2252807617188,1337.4583740234375,489.78082275390625,92.85623931884766,2742.469482421875
2022-10-17,811.9989013671875,696.0332641601562,380.78961181640625,863.8141479492188,1351.7017822265625,505.0633239746094,92.34603881835938,2760.746337890625
2022-10-18,814.1929931640625,694.7340698242188,385.8399963378906,875.2315063476562,1364.1759033203125,522.5288696289062,93.36643981933594,2789.9794921875
2022-10-19,827.6573486328125,701.8554077148438,382.7508850097656,870.54736328125,1347.6192626953125,514.1212768554688,92.80986022949219,2769.706787109375
2022-10-20,823.6679077148438,697.1159057617188,387.55615234375,867.1807861328125,1361.6357421875,515.9793701171875,93.59834289550781,2801.157470703125
2022-10-21,898.02099609375,692.2078857421875,386.1341857910156,885.2338256835938,1361.27294921875,521.04248046875,92.9489974975586,2783.502685546875
2022-10-24,907.047119140625,703.0101318359375,387.89935302734375,903.921142578125,1377.012939453125,530.007568359375,93.87664031982422,2805.0615234375
2022-10-25,900.4644775390625,698.1263427734375,390.6942443847656,902.7012939453125,1384.6790771484375,537.4862060546875,93.87664031982422,2805.416748046875
2022-10-27,912.7320556640625,699.8103637695312,404.4234619140625,902.0670166015625,1397.65625,538.508056640625,96.65953826904297,2801.24658203125
2022-10-28,900.6640014648438,701.8793334960938,397.1175842285156,885.9168090820312,1387.8428955078125,530.23974609375,94.24768829345703,2806.436767578125
2022-10-31,903.606201171875,720.1637573242188,397.80401611328125,886.746337890625,1410.2210693359375,533.0733032226562,94.20130920410156,2832.96435546875
2022-11-01,869.4467163085938,728.1271362304688,406.384765625,886.6487426757812,1442.641357421875,535.9533081054688,93.87664031982422,2892.00732421875
2022-11-02,861.2683715820312,728.5841674804688,413.15130615234375,882.8429565429688,1424.573974609375,533.1198120117188,93.92301940917969,2876.03759765625
2022-11-03,861.7670288085938,725.3844604492188,402.4131164550781,886.6975708007812,1403.8927001953125,543.3855590820312,94.61874389648438,2845.030517578125
2022-11-04,865.8062744140625,720.3803100585938,422.222412109375,883.428466796875,1388.5308837890625,551.7931518554688,97.16973876953125,2854.478759765625
2022-11-07,870.6435546875,725.9859008789062,429.0379943847656,895.333740234375,1382.5234375,570.5594482421875,98.97863006591797,2868.93994140625
2022-11-09,871.3915405273438,725.7693481445312,409.0325622558594,888.5028686523438,1385.962890625,571.8599853515625,98.42204284667969,2853.28125
2022-11-10,841.4707641601562,733.6605224609375,407.07122802734375,888.6980590820312,1377.4794921875,562.755615234375,97.12335968017578,2844.054931640625
2022-11-11,848.452392578125,775.2334594726562,421.53594970703125,884.6482543945312,1439.9818115234375,558.6213989257812,99.76712036132812,2941.912109375
2022-11-14,848.7515258789062,777.1099243164062,446.7388610839844,873.3285522460938,1453.922119140625,550.4925537109375,100.83390045166016,2959.257080078125
2022-11-15,856.3812866210938,779.0106201171875,448.062744140625,889.673828125,1461.901123046875,558.203369140625,100.69475555419922,2956.6845703125
2022-11-16,853.139892578125,785.6987915039062,438.7464904785156,891.5279541015625,1469.971923828125,557.1814575195312,98.83949279785156,2976.8681640625
2022-11-17,855.9324951171875,778.6016235351562,431.9309387207031,897.5781860351562,1455.8480224609375,556.5311889648438,98.19013977050781,2971.234375
2022-11-18,856.9298706054688,776.556640625,430.11669921875,898.1148681640625,1461.3507080078125,559.9220581054688,97.86547088623047,2966.310546875
2022-11-21,867.751220703125,768.5933227539062,422.222412109375,899.1395263671875,1438.2388916015625,555.6485595703125,96.70591735839844,2913.123046875
2022-11-22,867.751220703125,767.4625854492188,422.32049560546875,901.3839721679688,1453.69287109375,556.57763671875,97.58717346191406,2941.025146484375
2022-11-23,872.388916015625,769.4593505859375,424.96826171875,905.0433959960938,1451.950439453125,564.520751953125,97.81908416748047,2935.125244140625
2022-11-24,876.2286987304688,781.9697875976562,429.8715515136719,916.1679077148438,1494.7342529296875,566.10009765625,97.86547088623047,2998.870849609375
2022-11-25,885.4044189453125,778.3610229492188,432.1270446777344,907.824462890625,1500.0994873046875,564.2885131835938,98.51480865478516,3007.299072265625
2022-11-28,889.343994140625,769.9887084960938,422.8108215332031,914.7529907226562,1488.8646240234375,565.4033203125,97.30888366699219,3012.26708984375
2022-11-29,890.1917114257812,768.8338623046875,427.5179748535156,923.8770751953125,1494.04638671875,565.3568725585938,98.42204284667969,3014.130615234375
2022-11-30,898.8687744140625,773.9342651367188,441.9826965332031,929.8785400390625,1499.4573974609375,559.6898803710938,99.8598861694336,3008.3193359375
2022-12-01,901.4618530273438,779.251220703125,454.43701171875,917.4853515625,1519.7718505859375,564.9387817382812,102.73554992675781,3083.598388671875
2022-12-02,902.7584838867188,773.2847290039062,452.1815490722656,908.1171875,1502.1629638671875,564.4278564453125,103.89509582519531,3051.21533203125
2022-12-05,896.82421875,776.0995483398438,471.89276123046875,911.0447387695312,1503.8597412109375,573.48583984375,107.46648406982422,3039.460205078125
2022-12-06,902.2598266601562,775.2334594726562,460.9093933105469,900.359375,1479.2347412109375,565.7285766601562,104.7763442993164,3003.48388671875
2022-12-07,912.2333374023438,774.8965454101562,455.3196105957031,899.8713989257812,1472.447998046875,563.9633178710938,103.1529769897461,2999.269775390625
2022-12-08,936.8680419921875,779.251220703125,462.5274658203125,909.3858642578125,1485.884033203125,568.2368774414062,103.75595092773438,2972.610107421875
2022-12-09,931.2330322265625,784.8087158203125,453.897705078125,907.4341430664062,1439.2481689453125,572.7426147460938,102.45726013183594,2921.328857421875
2022-12-12,936.1699829101562,790.9194946289062,453.0151062011719,907.824462890625,1418.9793701171875,569.5374755859375,103.6167984008789,2915.73974609375
2022-12-13,942.1041870117188,793.10888671875,449.23956298828125,910.4104614257812,1441.8619384765625,572.9749145507812,103.1529769897461,2956.240966796875
2022-12-14,939.9100341796875,799.8211059570312,460.222900390625,899.4810180664062,1448.510986328125,581.1038208007812,104.86911010742188,2985.739990234375
2022-12-15,935.6712646484375,785.1696166992188,452.08343505859375,886.8439331054688,1412.834716796875,572.231689453125,102.92107391357422,2932.28662109375
2022-12-16,932.6292724609375,788.9466552734375,447.9156494140625,880.208251953125,1396.05126953125,560.5259399414062,103.01384735107422,2874.751220703125
2022-12-19,943.699951171875,791.4006958007812,451.2498779296875,884.5507202148438,1382.43212890625,561.5478515625,103.7095718383789,2840.8603515625
2022-12-20,947.2406005859375,785.9393920898438,448.2098388671875,887.7222290039062,1382.38623046875,561.5478515625,102.92107391357422,2878.033935546875
2022-12-21,929.8367309570312,778.3369140625,448.30792236328125,870.6937866210938,1384.44970703125,551.2821655273438,101.48324584960938,2899.859619140625
2022-12-22,917.120361328125,775.6665649414062,446.6898498535156,869.1324462890625,1395.913818359375,551.2821655273438,99.8598861694336,2892.00732421875
2022-12-23,904.2045288085938,768.7376708984375,421.2417297363281,857.6663208007812,1373.0313720703125,533.2590942382812,94.85065460205078,2864.193359375
2022-12-26,926.2462158203125,784.0387573242188,434.3825988769531,871.620849609375,1377.892333984375,554.7196044921875,97.40164947509766,2885.974609375
2022-12-27,929.7369995117188,784.832763671875,461.8900451660156,878.890869140625,1389.3104248046875,559.1788940429688,103.10660552978516,2891.830078125
2022-12-28,922.2568359375,784.2071533203125,456.937744140625,877.2318725585938,1385.0,558.3892211914062,102.03982543945312,2889.7001953125
2022-12-29,932.0806884765625,789.7406005859375,460.8113098144531,886.112060546875,1391.78662109375,568.376220703125,103.6631851196289,2900.036865234375
2022-12-30,931.2828979492188,783.4132690429688,464.194580078125,869.3275756835938,1383.2115478515625,570.141357421875,104.49805450439453,2889.345947265625
2023-01-02,939.1121215820312,783.6779174804688,477.6296081542969,880.6473999023438,1397.7022705078125,568.7478637695312,110.62044525146484,2893.56005859375
2023-01-03,959.7574462890625,788.8023071289062,470.6178894042969,879.5739135742188,1396.3724365234375,568.93359375,109.87834167480469,2937.83154296875
2023-01-04,954.9202880859375,774.7041625976562,452.57379150390625,877.3782958984375,1370.922119140625,562.2446899414062,107.37371826171875,2940.759033203125
2023-01-05,947.0411376953125,769.7239990234375,456.69256591796875,857.9103393554688,1352.9461669921875,562.1517333984375,108.11582946777344,2937.60986328125
2023-01-06,937.4166870117188,767.1738891601562,453.7015380859375,849.078857421875,1328.4591064453125,558.0176391601562,107.28096008300781,2849.288818359375
2023-01-09,956.2168579101562,768.6654663085938,461.6448669433594,852.2503662109375,1361.4296875,564.5671997070312,109.04347229003906,2945.46142578125
2023-01-10,949.63427734375,754.6153564453125,468.3133239746094,840.540283203125,1347.947998046875,552.9080810546875,110.2493896484375,2915.695556640625
2023-01-11,947.2406005859375,765.48974609375,481.4541931152344,845.3706665039062,1349.32373046875,554.3479614257812,110.2493896484375,2953.22412109375
2023-01-12,933.078125,769.5797119140625,476.2566833496094,839.8572387695312,1357.89892578125,552.6757202148438,109.55366516113281,2958.23681640625
2023-01-13,931.6818237304688,770.1812133789062,479.0515441894531,852.3479614257812,1379.0386962890625,557.5066528320312,111.73360443115234,2993.90185546875
2023-01-16,910.7373046875,762.7952880859375,473.7069396972656,844.3461303710938,1399.077880859375,560.2008056640625,111.26978302001953,3025.206787109375
2023-01-17,915.2752685546875,774.1508178710938,478.463134765625,844.24853515625,1411.91748046875,550.8641357421875,110.71321105957031,3065.448486328125
2023-01-18,921.55859375,787.8160400390625,493.2220764160156,848.493408203125,1417.3287353515625,549.4705810546875,113.58887481689453,3075.97412109375
2023-01-19,926.2462158203125,791.087890625,489.2503967285156,845.224365234375,1411.367431640625,547.984130859375,114.6092758178711,3060.639404296875
2023-01-20,928.09130859375,799.195556640625,480.4735107421875,849.3228759765625,1399.123779296875,550.1673583984375,114.05268859863281,3051.56591796875
2023-01-23,930.2356567382812,805.0418090820312,484.641357421875,850.6402587890625,1419.71337890625,557.8318481445312,113.17144012451172,3098.5673828125
2023-01-24,907.7951049804688,815.8198852539062,475.2760009765625,849.7132568359375,1423.2899169921875,552.1647338867188,111.68722534179688,3117.98486328125
2023-01-25,889.9922485351562,793.2772216796875,479.6399841308594,834.6364135742188,1415.127685546875,528.3353271484375,112.24380493164062,3112.04150390625
2023-01-27,871.44140625,777.4708862304688,469.7353210449219,797.4569702148438,1393.2540283203125,501.62591552734375,111.91914367675781,3095.07373046875
2023-01-30,869.5464477539062,776.677001953125,463.2139587402344,803.6046752929688,1411.275634765625,500.0000915527344,110.15662384033203,3115.580078125
2023-01-31,869.2970581054688,771.552490234375,459.34033203125,811.8017578125,1406.644287109375,514.2141723632812,111.03787994384766,3047.5732421875
2023-02-01,854.9849853515625,783.1245727539062,458.80096435546875,827.4640502929688,1422.556396484375,489.920166015625,113.21781921386719,3092.6240234375
2023-02-02,866.1554565429688,771.4802856445312,456.39837646484375,837.1736450195312,1452.50048828125,490.6169128417969,111.26978302001953,3139.85205078125
2023-02-03,880.2680053710938,798.1610717773438,450.75958251953125,842.9310302734375,1466.853515625,505.5742492675781,111.64083862304688,3159.72412109375
2023-02-06,880.3179321289062,794.7688598632812,438.6974792480469,833.0751342773438,1439.75244140625,506.6890869140625,108.95069885253906,3139.44384765625
2023-02-07,876.7772216796875,795.9476928710938,421.2417297363281,832.1480712890625,1432.919921875,508.26837158203125,103.3848876953125,3150.877197265625
2023-02-08,869.4467163085938,795.8514404296875,428.05731201171875,838.3446044921875,1458.691162109375,510.7303161621094,103.3848876953125,3194.022216796875
2023-02-09,865.4074096679688,794.1914672851562,435.9516296386719,840.0035400390625,1482.9951171875,511.7058410644531,103.1993637084961,3212.85009765625
2023-02-10,864.9586181640625,797.3431396484375,424.7721252441406,833.2214965820312,1475.245361328125,513.7960815429688,100.92666625976562,3209.85546875
2023-02-13,856.830078125,797.9445190429688,419.42755126953125,830.0988159179688,1437.55126953125,499.3498229980469,100.88027954101562,3159.81396484375
2023-02-14,868.4493408203125,805.3304443359375,426.39019775390625,844.3948364257812,1461.2130126953125,502.46197509765625,101.3440933227539,3175.874755859375
2023-02-15,866.0057983398438,803.6945190429688,425.5566711425781,849.761962890625,1464.698486328125,503.7626647949219,102.318115234375,3194.52099609375
2023-02-16,862.4651489257812,800.783447265625,426.29217529296875,848.4446411132812,1469.0546875,501.7652282714844,103.89509582519531,3228.456298828125
2023-02-17,852.6412963867188,796.7656860351562,421.1927490234375,841.8089599609375,1452.54638671875,493.3111877441406,104.12699890136719,3176.827392578125
2023-02-20,844.5127563476562,789.283447265625,425.8508605957031,831.5137329101562,1460.4796142578125,487.87640380859375,104.21975708007812,3164.2607421875
2023-02-21,841.8198852539062,792.24267578125,423.1540222167969,833.5630493164062,1448.602783203125,486.29705810546875,104.96187591552734,3131.323486328125
2023-02-22,831.1481323242188,776.700927734375,421.38885498046875,818.9741821289062,1432.36962890625,479.7009582519531,103.10660552978516,3086.453369140625
2023-02-23,842.1190185546875,771.4321899414062,428.0083312988281,819.462158203125,1422.1893310546875,484.0209045410156,103.94148254394531,3097.569580078125
2023-02-24,849.1505126953125,764.551513671875,407.2183532714844,819.413330078125,1422.1434326171875,484.0673828125,101.80791473388672,3085.45556640625
2023-02-27,852.0926513671875,766.4520874023438,403.8350830078125,835.7098999023438,1384.2205810546875,490.245361328125,98.42204284667969,3023.21044921875
2023-02-28,841.8697509765625,769.6758422851562,391.4787902832031,834.197265625,1364.2728271484375,485.6932067871094,96.42762756347656,3005.970458984375
2023-03-01,862.8641357421875,768.9301147460938,405.06085205078125,835.6123046875,1372.068359375,498.6065673828125,97.86547088623047,3072.072021484375
2023-03-02,843.2161865234375,762.3861694335938,402.8543701171875,833.3678588867188,1350.149169921875,495.865966796875,97.07698059082031,3013.77392578125
2023-03-03,850.3971557617188,777.5189819335938,408.83642578125,847.56640625,1356.70654296875,521.36767578125,99.25691986083984,3032.556396484375
2023-03-06,857.2290649414062,783.0043334960938,406.4828186035156,846.7857055664062,1382.5234375,521.8321533203125,98.0046157836914,3059.50537109375
2023-03-08,858.6752319335938,784.568115234375,399.8634033203125,851.030517578125,1368.995849609375,524.712158203125,98.79310607910156,3076.33642578125
2023-03-09,865.507080078125,784.6402587890625,400.942138671875,835.270751953125,1357.7154541015625,519.2308959960938,100.37007141113281,3027.7470703125
2023-03-10,849.6492309570312,764.4071655273438,397.80401611328125,822.2921142578125,1349.5989990234375,508.5006103515625,100.27731323242188,3022.43896484375
2023-03-13,830.1507568359375,754.7356567382812,394.4697570800781,808.3863525390625,1316.1695556640625,492.38214111328125,99.07139587402344,2977.9326171875
2023-03-14,830.6494140625,752.7147827148438,394.91107177734375,810.2891845703125,1302.3209228515625,488.108642578125,98.7003402709961,2917.138671875
2023-03-15,821.8726806640625,741.9126586914062,398.2943420410156,805.94677734375,1301.9998779296875,480.8157653808594,100.78751373291016,2902.575927734375
2023-03-16,828.3555297851562,746.7243041992188,377.5044250488281,803.9950561523438,1287.738525390625,487.2725524902344,97.44802856445312,2889.963623046875
2023-03-17,835.1875,756.70849609375,389.0271301269531,816.0466918945312,1302.962890625,492.1963195800781,99.25691986083984,2884.792236328125
2023-03-20,835.3370361328125,751.4637451171875,378.2889404296875,816.241943359375,1287.3258056640625,482.3487243652344,96.93783569335938,2852.126708984375
2023-03-21,853.33935546875,759.9804077148438,381.0347595214844,831.8065185546875,1275.448974609375,484.8105773925781,97.16973876953125,2818.3720703125
2023-03-22,847.4050903320312,758.2241821289062,385.1535339355469,839.4180908203125,1274.1192626953125,484.5318603515625,97.21612548828125,2840.7841796875
2023-03-23,846.5573120117188,752.1373901367188,391.08648681640625,834.7828979492188,1260.637451171875,476.3564758300781,97.30888366699219,2835.2041015625
2023-03-24,837.680908203125,750.9344482421875,380.8876647949219,831.8065185546875,1266.2318115234375,469.4817199707031,94.71150970458984,2831.438720703125
2023-03-27,831.1481323242188,754.2063598632812,382.40771484375,828.1959228515625,1273.8441162109375,473.9410095214844,94.89704132080078,2833.072021484375
2023-03-28,830.2505493164062,760.3412475585938,385.3006286621094,834.0997314453125,1263.434814453125,472.0365295410156,95.08257293701172,2827.26416015625
2023-03-29,840.3737182617188,763.9982299804688,391.3316650390625,830.4403076171875,1268.8916015625,479.84033203125,96.10296630859375,2848.134033203125
2023-03-31,856.2316284179688,774.4635620117188,397.50982666015625,856.05615234375,1309.612060546875,486.5757141113281,96.93783569335938,2908.927490234375
2023-04-03,862.3155517578125,774.9447021484375,394.76397705078125,862.4478759765625,1293.9290771484375,489.36279296875,96.56678009033203,2903.57421875
2023-04-05,858.2263793945312,795.7311401367188,395.49945068359375,863.2285766601562,1305.5765380859375,485.87896728515625,97.26249694824219,2939.6875
2023-04-06,849.6990356445312,801.7938842773438,397.4117431640625,853.8605346679688,1304.0635986328125,490.1989440917969,96.79869079589844,2922.35693359375
2023-04-10,845.111083984375,797.9926147460938,403.4918518066406,847.46875,1309.291015625,488.9447326660156,97.35526275634766,2961.101318359375
2023-04-11,851.04541015625,800.3263549804688,409.4738464355469,860.5938720703125,1289.6187744140625,494.3330078125,99.76712036132812,2916.095458984375
2023-04-12,848.8013916015625,810.7196044921875,409.5718994140625,868.6445922851562,1309.9332275390625,490.7098693847656,99.8134994506836,2941.365966796875
2023-04-13,862.0662231445312,814.3523559570312,413.88677978515625,877.2807006835938,1274.0732421875,495.1227722167969,99.72073364257812,2893.456787109375
2023-04-17,862.2657470703125,801.9382934570312,420.408203125,879.525146484375,1154.021484375,505.3884582519531,99.39606475830078,2848.677978515625
2023-04-18,861.0689086914062,798.5460205078125,423.20306396484375,875.1825561523438,1154.984375,507.1071472167969,99.8134994506836,2840.738525390625
2023-04-19,871.0923461914062,801.4810791015625,424.6740417480469,870.3522338867188,1130.0843505859375,501.9510803222656,100.27731323242188,2803.401123046875
2023-04-20,866.4546508789062,804.46435546875,421.53594970703125,872.7918701171875,1122.013671875,506.1317138671875,100.1845474243164,2817.19287109375
2023-04-21,861.9166259765625,805.7634887695312,414.1810302734375,864.2532348632812,1125.6363525390625,504.5987854003906,98.46842956542969,2868.050537109375
2023-04-24,879.9688110351562,812.2833862304688,419.52557373046875,882.8917846679688,1124.6734619140625,515.2360229492188,98.79310607910156,2880.70849609375
2023-04-25,876.0292358398438,800.7352905273438,421.4869079589844,891.3816528320312,1123.389404296875,521.925048828125,99.30329895019531,2881.79736328125
2023-04-26,885.3046875,804.416259765625,416.5836181640625,892.8453979492188,1125.819580078125,526.152099609375,99.11776733398438,2901.895263671875
2023-04-27,879.0712280273438,808.843017578125,422.4675598144531,896.1631469726562,1142.969970703125,524.6656494140625,99.8598861694336,2892.640380859375
2023-04-28,857.7276611328125,812.0186767578125,427.6650695800781,895.4801635742188,1148.9312744140625,537.25390625,100.1381607055664,2921.041015625
2023-05-02,868.349609375,811.8502807617188,437.5206604003906,899.8226318359375,1171.5843505859375,534.4668579101562,102.318115234375,2921.1767578125
2023-05-03,857.5780639648438,814.6891479492188,433.7451171875,900.554443359375,1163.972412109375,530.007568359375,101.76152801513672,2885.335693359375
2023-05-04,863.6619873046875,831.3616943359375,436.88323974609375,899.4323120117188,1168.0076904296875,538.8331909179688,103.01384735107422,2922.35693359375
2023-05-05,863.013671875,782.2103881835938,425.8508605957031,904.555419921875,1154.7550048828125,535.5816650390625,100.78751373291016,2931.430419921875
2023-05-08,876.1289672851562,791.25634765625,436.4419250488281,915.2408447265625,1160.7164306640625,542.177734375,101.62239074707031,2949.487060546875
2023-05-09,885.903076171875,791.2803344726562,431.8328552246094,911.8255004882812,1165.3936767578125,532.7946166992188,101.62239074707031,2979.1123046875
2023-05-10,887.5487670898438,794.9371948242188,428.0083312988281,913.4356079101562,1158.561279296875,531.5868530273438,101.3440933227539,2982.333251953125
2023-05-11,893.582763671875,795.4664916992188,412.71002197265625,916.5094604492188,1152.0037841796875,532.7481689453125,100.69475555419922,2978.11474609375
2023-05-12,908.2439575195312,802.4916381835938,396.9214172363281,921.095947265625,1142.0069580078125,537.1146240234375,99.02501678466797,2970.991455078125
2023-05-15,913.3803100585938,806.3409423828125,402.75634765625,922.9012451171875,1154.0673828125,540.5984497070312,99.90626525878906,2953.525146484375
2023-05-16,915.3750610351562,801.7174682617188,404.4725036621094,923.4866943359375,1159.524169921875,544.6860961914062,99.62797546386719,2956.337646484375
2023-05-17,912.3829956054688,797.4102172851562,399.8143615722656,916.6558837890625,1143.566162109375,544.6860961914062,98.32927703857422,2911.467529296875
2023-05-18,912.283203125,800.5980224609375,398.6376037597656,923.6331787109375,1142.74072265625,533.4450073242188,97.58717346191406,2903.43798828125
2023-05-19,921.6084594726562,801.5227661132812,398.88275146484375,931.2446899414062,1163.742919921875,534.3275146484375,97.07698059082031,2924.3076171875
2023-05-22,915.1256713867188,798.6755981445312,399.8143615722656,927.39013671875,1185.662353515625,536.185546875,97.40164947509766,2993.131591796875
2023-05-23,913.7294311523438,796.8018188476562,402.36407470703125,930.366455078125,1192.3114013671875,540.3196411132812,97.95823669433594,2991.63427734375
2023-05-24,915.2752685546875,786.3868408203125,399.0298156738281,917.9244384765625,1191.027587890625,541.3416748046875,97.58717346191406,2997.350830078125
2023-05-25,918.6163940429688,783.3693237304688,396.43109130859375,917.143798828125,1196.255126953125,539.9945068359375,97.26249694824219,2988.4130859375
2023-05-26,924.5008544921875,786.3868408203125,405.55120849609375,927.731689453125,1208.2694091796875,544.4074096679688,98.7003402709961,3020.53369140625
2023-05-29,927.3433227539062,795.9744873046875,411.7784118652344,925.2433471679688,1205.47216796875,552.7685546875,100.60198211669922,3012.775634765625
2023-05-30,934.97314453125,796.5828857421875,405.10992431640625,926.9998168945312,1214.1390380859375,550.7247924804688,99.30329895019531,3009.010009765625
2023-05-31,912.4328002929688,783.9777221679688,398.0491943359375,926.2191162109375,1209.049072265625,549.1620483398438,98.14375305175781,2984.783203125
2023-06-01,917.27001953125,780.6439208984375,398.4905090332031,913.4843139648438,1210.149658203125,551.9086303710938,98.28289794921875,3016.087158203125
2023-06-02,923.653076171875,781.860595703125,412.6119689941406,915.48486328125,1207.3614501953125,556.1231079101562,100.1845474243164,2999.39208984375
2023-06-05,948.337646484375,780.8385620117188,411.582275390625,923.8770751953125,1212.4732666015625,556.1231079101562,101.48324584960938,2984.238525390625
2023-06-06,965.641845703125,778.4052124023438,407.51251220703125,919.3394165039062,1188.772216796875,554.3710327148438,101.1121826171875,2932.88232421875
2023-06-07,974.1693115234375,782.4446411132812,414.42620849609375,917.4853515625,1198.0201416015625,558.0172729492188,103.4312744140625,2971.53564453125
2023-06-08,959.5579223632812,782.9312744140625,410.1603088378906,915.2408447265625,1192.30419921875,557.3543090820312,103.10660552978516,2936.647216796875
2023-06-09,972.174560546875,783.8560791015625,407.022216796875,915.3872680664062,1176.6427001953125,548.072998046875,101.01942443847656,2912.012939453125
2023-06-12,971.6260375976562,779.0865478515625,408.73834228515625,913.3380126953125,1200.8084716796875,548.0256958007812,101.57600402832031,2946.129638671875
2023-06-13,983.2452392578125,780.4005126953125,413.2493896484375,920.75439453125,1212.7984619140625,545.8947143554688,103.10660552978516,2943.22607421875
2023-06-14,975.1168212890625,779.548828125,416.8287658691406,917.094970703125,1208.66259765625,546.0367431640625,105.5648422241211,2949.89501953125
2023-06-15,974.5681762695312,769.961181640625,414.8674621582031,904.2138671875,1196.02197265625,536.5186767578125,105.51844787597656,2940.06884765625
2023-06-16,978.9566040039062,780.0355224609375,418.69207763671875,911.63037109375,1200.52978515625,541.0172119140625,105.9822769165039,2902.223876953125
2023-06-19,963.0986328125,780.7169189453125,417.90753173828125,900.8472900390625,1202.7138671875,538.7442626953125,105.84312438964844,2934.675048828125
2023-06-20,972.2742919921875,782.3473510742188,420.65338134765625,903.1892700195312,1211.4508056640625,537.3710327148438,105.9822769165039,2950.4892578125
2023-06-21,963.4476318359375,796.023193359375,412.8081359863281,902.3598022460938,1207.6866455078125,536.3765258789062,105.65760040283203,2978.369384765625
2023-06-22,964.0460815429688,799.9166870117188,411.9255065917969,903.3844604492188,1191.142333984375,533.1565551757812,106.4239273071289,2960.361572265625
2023-06-23,955.8677978515625,799.8680419921875,400.598876953125,901.1887817382812,1175.759765625,525.2484130859375,104.987060546875,2940.114013671875
2023-06-26,958.0120849609375,795.9988403320312,406.6789855957031,905.0433959960938,1180.7322998046875,527.5687255859375,105.2265396118164,2915.70751953125
2023-06-27,970.6785278320312,807.2169799804688,409.66998291015625,913.4843139648438,1188.91162109375,536.1398315429688,106.08866119384766,2922.745361328125
2023-06-28,975.6154174804688,815.75830078125,412.0726013183594,914.8017578125,1202.10986328125,539.6439819335938,106.85498809814453,2939.29150390625
2023-06-30,984.8409423828125,828.047119140625,412.8081359863281,912.0205688476562,1241.2862548828125,542.5325317382812,107.28604125976562,3018.636962890625
2023-07-03,979.5050659179688,837.0021362304688,417.41717529296875,919.7785034179688,1239.61328125,554.4657592773438,108.33975219726562,2991.259033203125
2023-07-04,968.1353149414062,841.09033203125,417.5643005371094,921.8765869140625,1250.255615234375,558.0646362304688,107.6692123413086,3024.66943359375
2023-07-05,963.9463500976562,814.3712158203125,413.3474426269531,934.8552856445312,1252.25390625,559.3431396484375,108.19606018066406,3034.81640625
2023-07-06,978.3582153320312,815.1986083984375,418.1526794433594,936.2214965820312,1249.09375,561.1426391601562,107.90869140625,3037.512939453125
2023-07-07,975.1134643554688,808.093017578125,414.5242614746094,923.5355224609375,1236.3602294921875,562.1843872070312,106.90288543701172,3043.31787109375
2023-07-10,962.4840087890625,806.1705932617188,419.5746154785156,925.4872436523438,1235.3843994140625,561.2373046875,110.44715881347656,2990.93896484375
2023-07-11,951.6516723632812,802.2528076171875,416.4365539550781,922.12060546875,1253.462158203125,557.4016723632812,110.303466796875,2991.35009765625
2023-07-12,948.456787109375,794.7334594726562,416.63262939453125,921.5839233398438,1239.2415771484375,558.0646362304688,109.87240600585938,2979.92333984375
2023-07-13,958.59033203125,798.699951171875,426.782470703125,932.61083984375,1268.798095703125,554.6551513671875,110.01609802246094,3053.647216796875
2023-07-14,955.495361328125,800.354736328125,438.3052062988281,936.8557739257812,1325.35546875,553.4713134765625,112.21929168701172,3212.79443359375
2023-07-17,963.28271484375,817.0966796875,438.45233154296875,945.2968139648438,1322.567138671875,569.2874145507812,112.79403686523438,3191.815185546875
2023-07-18,962.0846557617188,816.4153442382812,435.902587890625,951.8837280273438,1371.131103515625,561.0005493164062,111.69244384765625,3196.52294921875
2023-07-19,962.7335815429688,820.1140747070312,430.7051086425781,949.9320678710938,1370.8988037109375,569.6190185546875,111.7882308959961,3172.025390625
2023-07-20,976.3115234375,821.8905029296875,433.0096435546875,971.5469360351562,1347.2440185546875,577.7637939453125,112.0277099609375,3174.08740234375
2023-07-21,969.72216796875,815.5636596679688,426.09600830078125,972.9130859375,1237.6614990234375,582.5465087890625,111.69244384765625,3087.0205078125
2023-07-24,969.921875,816.8533325195312,424.57598876953125,968.0338134765625,1242.3087158203125,584.9616088867188,110.63873291015625,3111.26171875
2023-07-25,960.9364624023438,825.7110595703125,440.8058776855469,970.6686401367188,1240.44970703125,577.3375854492188,114.23090362548828,3115.2939453125
2023-07-26,975.2132568359375,822.8395385742188,440.3155517578125,972.3764038085938,1253.6944580078125,582.5939331054688,114.90144348144531,3105.350341796875
2023-07-27,958.3407592773438,814.2982788085938,442.66912841796875,966.326171875,1257.6912841796875,583.9197387695312,114.75775909423828,3113.232177734375
2023-07-28,948.4069213867188,799.8680419921875,442.7672119140625,972.1324462890625,1245.9337158203125,583.4462280273438,115.52407836914062,3075.19775390625
2023-07-31,952.3505249023438,803.6154174804688,453.65252685546875,974.181640625,1260.061279296875,587.3766479492188,117.96675872802734,3135.731689453125
2023-08-01,958.3407592773438,808.993408203125,455.1235046386719,970.5222778320312,1268.89111328125,579.468505859375,118.01465606689453,3163.777099609375
2023-08-02,943.7145385742188,798.407958984375,445.70916748046875,963.1058959960938,1261.130126953125,566.7777099609375,113.94352722167969,3153.32861328125
2023-08-03,934.0302734375,792.6407470703125,444.5323791503906,941.6861572265625,1268.0546875,559.2484741210938,113.22509765625,3116.027587890625
2023-08-04,950.7031860351562,804.1021118164062,448.16082763671875,947.0532836914062,1281.1136474609375,542.958740234375,113.99142456054688,3155.986572265625
2023-08-07,945.861083984375,803.6398315429688,455.8589782714844,952.0789184570312,1294.72998046875,537.8446044921875,113.84774017333984,3193.1044921875
2023-08-08,951.3521728515625,802.9828491210938,445.954345703125,956.2261962890625,1292.12744140625,542.769287109375,113.17720031738281,3180.77783203125
2023-08-09,948.456787109375,803.2747802734375,459.8306579589844,957.0133056640625,1296.03125,543.3849487304688,115.14091491699219,3173.35400390625
2023-08-10,938.2235107421875,796.1448364257812,459.8306579589844,948.552001953125,1291.1051025390625,543.290283203125,114.94933319091797,3154.65771484375
2023-08-11,935.6776123046875,787.8468627929688,453.50543212890625,937.4833984375,1275.0718994140625,543.7637939453125,115.2367172241211,3160.798095703125
2023-08-14,938.4231567382812,784.0020751953125,444.96734619140625,944.0753173828125,1295.2410888671875,531.1203002929688,113.17720031738281,3161.760498046875
2023-08-16,931.5343017578125,781.714599609375,439.4397888183594,941.0745849609375,1318.43115234375,535.4295043945312,111.06979370117188,3169.59619140625
2023-08-17,935.0286254882812,777.3831787109375,441.8087463378906,936.3027954101562,1311.971435546875,541.86962890625,111.16558837890625,3148.837646484375
2023-08-18,941.5181274414062,774.1953125,433.81353759765625,935.3189086914062,1290.8262939453125,542.6273193359375,110.92611694335938,3085.92041015625
2023-08-21,951.0525512695312,773.5869140625,443.58544921875,939.7955322265625,1306.255126953125,541.4434204101562,111.97981262207031,3117.584716796875
2023-08-22,955.495361328125,770.2775268554688,444.5231628417969,936.6471557617188,1304.7216796875,538.4127197265625,112.60245513916016,3099.7138671875
2023-08-23,977.6593017578125,772.175537109375,455.2821350097656,951.2576293945312,1308.625244140625,546.3682861328125,113.94352722167969,3114.468994140625
2023-08-24,979.755859375,768.622802734375,450.5935974121094,953.3237915039062,1323.171142578125,546.4155883789062,113.27298736572266,3104.846435546875
2023-08-25,981.5029907226562,759.9597778320312,444.17767333984375,954.7504272460938,1319.918212890625,539.7860717773438,111.97981262207031,3098.93505859375
2023-08-28,988.591552734375,767.868408203125,440.5255432128906,954.89794921875,1315.7821044921875,542.5325317382812,112.65035247802734,3093.665283203125
2023-08-29,979.1069946289062,773.976318359375,450.1493835449219,952.1431274414062,1317.64111328125,544.4266967773438,114.51828002929688,3094.21533203125
2023-08-30,981.7526245117188,768.3307495117188,450.84033203125,943.4359130859375,1333.9066162109375,537.3710327148438,116.96094512939453,3107.77880859375
2023-08-31,971.918701171875,764.80224609375,453.9002380371094,943.2882690429688,1334.1854248046875,531.6411743164062,117.72727966308594,3076.480712890625
2023-09-01,989.5400390625,766.384033203125,467.1268310546875,953.077880859375,1341.9927978515625,539.4072265625,121.7026138305664,3097.01025390625
2023-09-04,980.6544189453125,771.177978515625,480.3534851074219,951.7495727539062,1361.74365234375,545.0896606445312,126.20479583740234,3133.028076171875
2023-09-05,979.855712890625,766.4813842773438,479.81060791015625,952.7826538085938,1374.5701904296875,542.6746215820312,126.15689849853516,3142.972412109375
2023-09-06,963.4823608398438,776.507080078125,471.96343994140625,942.0584716796875,1373.2222900390625,540.3069458007812,124.1452865600586,3143.476318359375
2023-09-07,976.6110229492188,783.9777221679688,468.95294189453125,950.0770263671875,1362.765869140625,548.4044799804688,124.67212677001953,3166.70947265625
2023-09-08,978.7075805664062,790.0856323242188,469.9893493652344,954.89794921875,1365.9261474609375,552.5715942382812,124.04949188232422,3154.47412109375
2023-09-11,998.7749633789062,794.173828125,478.5767822265625,962.4737548828125,1372.292724609375,560.3849487304688,125.63003540039062,3189.988037109375
2023-09-12,999.274169921875,796.6558837890625,471.5686340332031,974.5262451171875,1395.2041015625,557.2122802734375,123.5705337524414,3281.77490234375
2023-09-13,1012.8021850585938,800.0626831054688,476.9481201171875,973.8374633789062,1392.64794921875,564.8836059570312,124.09739685058594,3269.90625
2023-09-14,1019.2416381835938,799.5759887695312,490.9150390625,971.7714233398438,1400.641357421875,565.6885375976562,126.15689849853516,3262.758056640625
2023-09-15,1025.4815673828125,808.7500610351562,490.1253967285156,976.44482421875,1404.9632568359375,567.1091918945312,126.39636993408203,3297.813232421875
2023-09-18,1023.08544921875,792.83544921875,478.2312927246094,974.2310791015625,1386.5601806640625,571.9866333007812,124.95950317382812,3305.0078125
2023-09-20,1025.63134765625,761.030517578125,472.11151123046875,971.2302856445312,1385.1195068359375,569.2874145507812,122.9000015258789,3304.91650390625
2023-09-21,1012.8021850585938,755.9932861328125,473.3453369140625,943.8294067382812,1395.80810546875,557.0228881835938,122.42105102539062,3285.89892578125
2023-09-22,1016.595947265625,744.4588623046875,472.6544189453125,934.9745483398438,1390.6031494140625,566.49365234375,121.41523742675781,3302.71630859375
2023-09-25,1017.2948608398438,745.1158447265625,463.27734375,940.9269409179688,1370.1552734375,562.6105346679688,122.03787994384766,3278.4296875
2023-09-26,1012.5026245117188,748.352294921875,465.3995056152344,933.400390625,1357.6075439453125,562.9420776367188,123.47473907470703,3286.26611328125
2023-09-27,1023.53466796875,743.0960693359375,468.80487060546875,927.890625,1363.509765625,558.5381469726562,122.75630950927734,3289.5654296875
2023-09-28,1029.2254638671875,741.5630493164062,460.8096923828125,927.3987426757812,1337.903076171875,558.7276000976562,121.463134765625,3241.403076171875
2023-09-29,1035.015869140625,742.8284301757812,486.2758483886719,936.5487670898438,1334.1854248046875,566.8724365234375,123.47473907470703,3233.9345703125
2023-10-03,1039.3590087890625,733.9464111328125,473.74017333984375,925.1358032226562,1332.837646484375,571.03955078125,122.61262512207031,3220.416015625
2023-10-04,993.9328002929688,744.41015625,467.27490234375,915.0510864257812,1342.4573974609375,555.223388671875,120.0262680053711,3242.320068359375
2023-10-05,1001.6203002929688,747.4276123046875,464.4617919921875,925.6768798828125,1360.2099609375,560.8112182617188,119.9783706665039,3289.611083984375
2023-10-06,999.3240356445312,746.600341796875,466.48529052734375,929.9568481445312,1374.3841552734375,562.7999877929688,120.60101318359375,3318.984619140625
2023-10-09,994.6316528320312,737.937255859375,463.72149658203125,923.4632568359375,1371.3634033203125,554.13427734375,118.63729095458984,3334.51953125
2023-10-10,1010.6056518554688,742.1227416992188,474.43109130859375,935.8600463867188,1389.673583984375,560.337646484375,120.0262680053711,3325.8583984375
2023-10-11,1017.444580078125,749.3013305664062,477.6390380859375,937.7293701171875,1388.9766845703125,557.2122802734375,119.69099426269531,3308.44482421875
2023-10-12,1016.795654296875,754.2899169921875,478.1325988769531,938.86083984375,1362.1153564453125,555.0339965820312,120.60101318359375,3246.71923828125
2023-10-13,992.4352416992188,747.4276123046875,474.38177490234375,935.9583740234375,1330.188720703125,545.657958984375,119.78679656982422,3272.65576171875
2023-10-16,1003.1677856445312,744.4345092773438,477.1455383300781,936.0568237304688,1332.97705078125,545.1843872070312,121.65471649169922,3229.763916015625
2023-10-17,1006.4124755859375,750.0800170898438,478.083251953125,938.5164794921875,1340.6915283203125,545.9420776367188,122.03787994384766,3214.184326171875
2023-10-18,991.2371826171875,739.6406860351562,478.7742004394531,928.5302124023438,1338.925537109375,542.3432006835938,121.75050354003906,3196.037109375
2023-10-19,989.7896118164062,737.3045654296875,473.74017333984375,920.6591796875,1332.5123291015625,540.9699096679688,120.6968002319336,3175.270751953125
2023-10-20,978.7575073242188,741.125,465.6462707519531,917.7075805664062,1326.563720703125,533.298583984375,117.91885375976562,3211.014892578125
2023-10-23,962.7335815429688,732.9730834960938,450.791015625,914.9527587890625,1309.276123046875,523.685791015625,114.94933319091797,3133.46240234375
2023-10-25,953.89794921875,728.3252563476562,455.2327880859375,901.3260498046875,1289.88134765625,526.7637939453125,116.24251556396484,3115.0390625
2023-10-26,970.4710083007812,712.2159423828125,450.74163818359375,893.9962768554688,1279.901611328125,518.0506591796875,114.85354614257812,3066.01806640625
2023-10-27,1001.12109375,715.014404296875,450.24810791015625,898.0301513671875,1299.57861328125,531.4518432617188,114.85354614257812,3079.06591796875
2023-10-30,987.5931396484375,722.7770385742188,450.74163818359375,909.9841918945312,1296.4718017578125,535.2874145507812,114.13511657714844,3104.4267578125
2023-10-31,980.2550659179688,718.5914916992188,453.5547790527344,900.588134765625,1288.327880859375,535.6189575195312,113.75194549560547,3095.42138671875
2023-11-01,970.2213745117188,717.6181030273438,456.71337890625,899.30908203125,1274.9117431640625,536.4239501953125,111.69244384765625,3060.412841796875
2023-11-02,981.353271484375,718.713134765625,468.0645751953125,905.114013671875,1289.975341796875,541.822265625,113.12931060791016,3087.4736328125
2023-11-03,987.2437133789062,722.1199951171875,469.0516357421875,918.7406616210938,1307.76953125,547.5520629882812,112.36298370361328,3079.02001953125
2023-11-06,1007.7603149414062,727.351806640625,475.7143249511719,930.2027587890625,1321.185791015625,543.9531860351562,114.37458801269531,3105.98828125
2023-11-07,1019.2416381835938,723.8233642578125,478.2806396484375,932.8099975585938,1322.127197265625,549.0673828125,114.61406707763672,3096.983642578125
2023-11-08,1020.0403442382812,725.9161376953125,481.7353515625,920.6591796875,1309.60546875,549.5882568359375,114.03932189941406,3107.18310546875
2023-11-09,1020.2400512695312,723.044677734375,478.1819763183594,922.2333374023438,1294.3533935546875,547.7415161132812,114.61406707763672,3075.849609375
2023-11-10,1027.5281982421875,725.8917236328125,475.07269287109375,923.4632568359375,1288.75146484375,548.8306274414062,114.99723815917969,3062.9853515625
2023-11-13,1023.6844482421875,724.5776977539062,481.1924743652344,919.3801879882812,1293.176513671875,550.5826416015625,115.9072494506836,3061.23974609375
2023-11-15,1039.658447265625,732.1700439453125,498.86090087890625,925.9229125976562,1327.96435546875,553.7554321289062,118.8288803100586,3128.0869140625
2023-11-16,1024.682861328125,734.0924072265625,497.7751159667969,920.9051513671875,1360.3515625,553.7080688476562,119.45152282714844,3214.047119140625
2023-11-17,992.7347412109375,732.5106811523438,491.30987548828125,906.9833374023438,1353.4315185546875,533.251220703125,119.93047332763672,3218.273193359375
2023-11-20,987.093994140625,732.559326171875,490.8656921386719,906.58984375,1352.537109375,533.9141845703125,119.11624908447266,3234.032470703125
2023-11-21,990.1889038085938,738.7645874023438,500.2921447753906,911.164794921875,1354.796630859375,531.7832641601562,120.936279296875,3225.39501953125
2023-11-22,996.4786376953125,736.1365356445312,493.77752685546875,907.8688354492188,1372.4967041015625,529.3682250976562,120.79258728027344,3243.72607421875
2023-11-23,997.4271240234375,740.39501953125,495.4555358886719,908.1148071289062,1364.4468994140625,530.3153076171875,121.36734008789062,3223.60302734375
2023-11-24,1006.86181640625,745.6512451171875,501.22979736328125,914.41162109375,1353.29052734375,530.694091796875,120.64891052246094,3176.603271484375
2023-11-28,1019.4912719726562,743.97216796875,508.92889404296875,910.5745239257812,1358.2801513671875,534.5771484375,121.51102447509766,3188.594482421875
2023-11-29,1058.4278564453125,758.8161010742188,510.7549743652344,924.4470825195312,1374.1912841796875,538.5075073242188,122.3731460571289,3228.65673828125
2023-11-30,1072.5048828125,758.645751953125,508.978271484375,919.8721313476562,1370.0015869140625,534.8612670898438,122.51683807373047,3204.62841796875
2023-12-01,1102.8555908203125,756.9910278320312,510.5082092285156,931.4326171875,1367.3184814453125,541.49072265625,124.52845001220703,3226.727294921875
2023-12-04,1123.771484375,783.2720336914062,512.5316772460938,975.2149658203125,1378.663330078125,563.2262573242188,125.48636627197266,3227.462158203125
2023-12-05,1130.6103515625,790.2315673828125,513.91357421875,997.106201171875,1368.871826171875,576.05908203125,126.06111145019531,3245.058349609375
2023-12-06,1118.6798095703125,792.2271118164062,516.2332153320312,987.0706176757812,1388.0311279296875,576.24853515625,126.30058288574219,3311.676025390625
2023-12-07,1116.0341796875,793.5167236328125,509.37310791015625,982.88916015625,1380.1226806640625,579.3265380859375,124.52845001220703,3321.599853515625
2023-12-08,1129.3624267578125,804.5888671875,513.617431640625,994.5480346679688,1403.895263671875,581.6468505859375,123.76211547851562,3332.442138671875
2023-12-11,1114.6864013671875,803.5181274414062,515.6409912109375,1000.697265625,1401.400146484375,581.7415771484375,124.57634735107422,3347.328125
2023-12-12,1129.162841796875,795.5364379882812,520.6256103515625,999.31982421875,1389.6788330078125,579.989501953125,124.6242446899414,3374.158935546875
2023-12-13,1113.0389404296875,793.7357788085938,525.9556884765625,997.5488891601562,1364.211669921875,587.0451049804688,125.86952209472656,3301.982666015625
2023-12-14,1118.6298828125,803.1044921875,536.0731201171875,1016.9803466796875,1413.5924072265625,590.64404296875,126.44426727294922,3369.702392578125
2023-12-15,1118.530029296875,806.2192993164062,550.0400390625,1020.669921875,1486.039794921875,613.9420776367188,130.70697021484375,3547.732421875
2023-12-18,1109.544677734375,805.8055419921875,559.0716552734375,1004.9771118164062,1472.811767578125,614.1788940429688,130.8506622314453,3546.078125
2023-12-19,1118.4302978515625,804.44287109375,557.5416870117188,999.0739135742188,1467.1158447265625,620.7137451171875,129.701171875,3506.566650390625
2023-12-20,1108.446533203125,806.438232421875,541.1071166992188,990.4158325195312,1446.4971923828125,602.7666015625,124.28897094726562,3473.35009765625
2023-12-21,1093.6207275390625,820.8927612304688,549.052978515625,988.2020874023438,1446.120849609375,609.6802978515625,125.48636627197266,3480.19580078125
2023-12-22,1086.5322265625,813.1788330078125,563.0692749023438,978.2649536132812,1471.4466552734375,603.0507202148438,127.92903900146484,3513.734375
2023-12-26,1092.4725341796875,818.824462890625,572.3475952148438,979.0520629882812,1453.60546875,604.2819213867188,129.50958251953125,3487.592529296875
2023-12-27,1104.5528564453125,828.9718627929688,597.764404296875,986.0867919921875,1475.4007568359375,614.2261962890625,131.4254150390625,3501.972900390625
2023-12-28,1106.05029296875,829.9208374023438,606.3519287109375,989.6779174804688,1471.21142578125,616.9254150390625,132.33541870117188,3491.58984375
2023-12-29,1100.5093994140625,831.8676147460938,606.8947143554688,980.52783203125,1452.616943359375,608.0702514648438,133.72439575195312,3485.6171875
2024-01-01,1095.916748046875,826.4410400390625,602.5023803710938,983.28271484375,1460.572509765625,607.4072875976562,133.96388244628906,3501.880859375
2024-01-02,1091.47412109375,826.927734375,609.0169067382812,966.4093017578125,1444.6142578125,605.6078491210938,133.72439575195312,3476.244384765625
2024-01-03,1096.8154296875,814.1765747070312,585.3768310546875,968.1802368164062,1402.8125,609.3961181640625,129.6532745361328,3392.214111328125
2024-01-04,1121.5751953125,822.91259765625,582.8598022460938,971.2302856445312,1424.18408203125,608.733154296875,128.5995635986328,3369.2890625
2024-01-05,1135.1031494140625,818.7027587890625,579.4050903320312,977.6746215820312,1442.8726806640625,607.9755859375,128.0248260498047,3434.619873046875
2024-01-08,1120.1773681640625,809.577392578125,570.1760864257812,966.163330078125,1433.693115234375,593.8167114257812,126.44426727294922,3379.8564453125
2024-01-09,1114.736328125,803.2747802734375,568.4981079101562,963.9495849609375,1439.8128662109375,592.3014526367188,128.0248260498047,3390.5146484375
2024-01-10,1105.2017822265625,805.9271850585938,572.5450439453125,977.0350952148438,1430.962890625,588.8446044921875,128.4558868408203,3411.78662109375
2024-01-11,1123.9212646484375,802.5447998046875,569.4851684570312,975.165771484375,1406.7666015625,587.3766479492188,129.2222137451172,3432.4609375
2024-01-12,1118.530029296875,798.7485961914062,574.5191040039062,987.3165893554688,1518.3797607421875,600.0673828125,129.60537719726562,3567.763427734375
2024-01-15,1117.6815185546875,814.1278686523438,567.2149047851562,993.5641479492188,1555.4271240234375,606.223388671875,129.2222137451172,3587.059814453125
2024-01-16,1117.2821044921875,817.2183837890625,572.051513671875,992.777099609375,1536.07958984375,603.1928100585938,131.47329711914062,3548.0078125
2024-01-17,1080.5419921875,748.279296875,553.001220703125,965.9173583984375,1544.223388671875,592.8696899414062,126.10899353027344,3569.417236328125
2024-01-18,1095.71728515625,723.2880249023438,547.720458984375,970.443115234375,1546.4830322265625,595.0479125976562,125.48636627197266,3585.957275390625
2024-01-19,1114.736328125,715.744384765625,549.8919067382812,983.0859375,1562.111572265625,594.527099609375,128.5995635986328,3648.3662109375
2024-01-23,1087.480712890625,694.6708374023438,534.3950805664062,1012.45458984375,1546.0594482421875,573.0757446289062,124.6242446899414,3569.9033203125
2024-01-24,1057.4295654296875,708.5657348632812,557.8378295898438,983.0859375,1577.3636474609375,585.5771484375,129.46168518066406,3554.68310546875
2024-01-25,1040.556884765625,698.3453979492188,559.861328125,993.66259765625,1571.4322509765625,580.3209228515625,128.12060546875,3525.537353515625
2024-01-29,1059.5260009765625,707.9574584960938,560.55224609375,1000.008544921875,1559.663818359375,589.9810791015625,129.3179931640625,3516.932373046875
2024-01-30,1052.3876953125,702.9202270507812,561.884765625,1000.5005493164062,1554.8150634765625,593.5799560546875,129.0306396484375,3516.515869140625
2024-01-31,1066.0155029296875,711.80224609375,571.8540649414062,1011.569091796875,1563.712158203125,606.602294921875,130.22802734375,3530.76513671875
2024-02-01,1082.48876953125,713.651611328125,563.85888671875,1008.6174926757812,1560.0875244140625,613.3739013671875,129.1264190673828,3566.10986328125
2024-02-02,1065.3167724609375,703.820556640625,575.9503784179688,1007.4859619140625,1594.26318359375,615.2680053710938,132.86227416992188,3669.87841796875
2024-02-05,1059.7757568359375,703.1878662109375,572.39697265625,1006.9940795898438,1588.4732666015625,608.922607421875,135.59231567382812,3676.35546875
2024-02-06,1048.3443603515625,702.8228149414062,577.332275390625,1009.8472900390625,1628.2509765625,615.8363037109375,138.5618438720703,3826.89599609375
2024-02-07,1067.3634033203125,695.9362182617188,584.5872192382812,1005.6658325195312,1594.6400146484375,639.5131225585938,138.32237243652344,3778.227294921875
2024-02-08,1034.21728515625,682.844482421875,593.5200805664062,973.3455810546875,1593.08642578125,662.5271606445312,137.6039276123047,3825.13818359375
2024-02-09,1049.692138671875,683.1121215820312,583.6494140625,994.4005126953125,1571.667724609375,686.8670043945312,135.35284423828125,3824.768310546875
2024-02-12,1044.9996337890625,676.4932250976562,574.9140014648438,980.035888671875,1581.78857421875,670.4351806640625,131.6169891357422,3812.739990234375
2024-02-13,1069.0106201171875,678.6588745117188,503.5000915527344,1003.3536987304688,1585.978271484375,675.6915283203125,132.0480499267578,3839.38671875
2024-02-14,1095.0682373046875,673.597412109375,501.22979736328125,1006.2069702148438,1568.7020263671875,704.056396484375,135.25704956054688,3793.678955078125
2024-02-15,1070.458251953125,688.197998046875,506.55999755859375,1000.2545166015625,1578.258056640625,721.3878784179688,135.25704956054688,3796.54736328125
2024-02-16,1067.013916015625,691.0451049804688,509.0276184082031,1006.7481079101562,1602.0777587890625,714.7584228515625,136.31076049804688,3819.771728515625
2024-02-19,1061.223388671875,689.682373046875,505.6716003417969,1026.91748046875,1600.2889404296875,719.0675659179688,135.97549438476562,3797.102294921875
2024-02-20,1086.8316650390625,707.787109375,504.9806823730469,1031.8367919921875,1586.6373291015625,719.87255859375,135.11337280273438,3729.419189453125
2024-02-21,1082.4388427734375,700.4137573242188,505.1780700683594,1034.985107421875,1558.67529296875,730.6692504882812,137.84341430664062,3693.195068359375
2024-02-22,1099.1116943359375,690.8748168945312,514.4071655273438,1045.5618896484375,1582.965576171875,725.3656005859375,139.7592315673828,3781.650634765625
2024-02-23,1095.0184326171875,691.3858032226562,511.643310546875,1044.1845703125,1578.7288818359375,718.8781127929688,139.32818603515625,3749.266357421875
2024-02-26,1083.4371337890625,692.213134765625,498.5154113769531,1037.1988525390625,1563.006103515625,718.7361450195312,136.64602661132812,3702.03125
2024-02-27,1077.2972412109375,691.1668090820312,503.055908203125,1043.1021728515625,1566.2542724609375,710.1650390625,138.1307830810547,3797.65771484375
2024-02-28,1072.455078125,685.9348754882812,497.8738098144531,1029.327880859375,1573.4566650390625,703.2040405273438,134.82598876953125,3811.120361328125
2024-02-29,1073.3536376953125,683.0147705078125,497.3309326171875,1035.231201171875,1575.9515380859375,708.5076293945312,134.92178344726562,3789.052734375
2024-03-01,1097.4644775390625,696.3256225585938,512.3836059570312,1069.37158203125,1557.8748779296875,728.443603515625,143.63877868652344,3788.35888671875
2024-03-04,1104.9521484375,697.274658203125,518.157958984375,1074.733642578125,1541.3990478515625,731.1901245117188,146.6562042236328,3775.72900390625
2024-03-05,1099.011962890625,701.2410888671875,515.3447875976562,1070.503173828125,1512.4954833984375,742.4603881835938,145.4588165283203,3712.255615234375
2024-03-06,1123.1724853515625,702.0928344726562,520.132080078125,1079.4071044921875,1522.89892578125,742.4130249023438,145.21932983398438,3760.5546875
2024-03-07,1109.64453125,703.7962646484375,529.7559204101562,1070.4046630859375,1521.8631591796875,746.3433227539062,150.63153076171875,3801.544189453125
2024-03-11,1103.304931640625,694.889892578125,526.7947998046875,1061.3037109375,1506.940673828125,732.7528076171875,146.991455078125,3814.265869140625
2024-03-12,1095.218017578125,710.3421630859375,522.106201171875,1059.483642578125,1518.56787109375,719.4937744140625,146.08145141601562,3878.94189453125
2024-03-13,1078.64501953125,710.755859375,500.440185546875,1066.4691162109375,1517.108642578125,707.70263671875,137.6039276123047,3838.924560546875
2024-03-14,1056.5308837890625,708.3466796875,518.4541015625,1066.124755859375,1556.5570068359375,701.8307495117188,136.45445251464844,3893.14501953125
2024-03-15,1044.7001953125,706.9840698242188,525.6596069335938,1062.92724609375,1538.38623046875,693.1651000976562,135.7360076904297,3903.92431640625
2024-03-18,1059.6259765625,703.7719116210938,524.2777709960938,1063.7635498046875,1508.8707275390625,692.2653198242188,143.39930725097656,3842.1630859375
2024-03-19,1049.0931396484375,705.3779907226562,526.745361328125,1066.4691162109375,1470.08154296875,685.4937133789062,142.48927307128906,3680.056640625
2024-03-20,1033.0692138671875,696.4716796875,521.0203857421875,1067.0103759765625,1463.961669921875,697.2848510742188,139.51976013183594,3674.134765625
2024-03-21,1033.917724609375,703.6258544921875,532.7171020507812,1064.3538818359375,1463.7264404296875,704.90869140625,143.782470703125,3676.03125
2024-03-22,1031.62158203125,702.2144775390625,540.6629028320312,1072.716796875,1420.559326171875,707.1817626953125,145.41091918945312,3618.619140625
2024-03-26,1038.8597412109375,693.7218627929688,551.4219970703125,1066.22314453125,1405.3072509765625,700.8837280273438,145.98565673828125,3587.71484375
2024-03-27,1051.1396484375,701.1680908203125,550.4348754882812,1066.2724609375,1397.022216796875,694.490966796875,146.2730255126953,3553.850341796875
2024-03-28,1045.4989013671875,704.6723022460938,553.001220703125,1075.66845703125,1410.391357421875,712.53271484375,149.29046630859375,3586.60498046875
2024-04-01,1051.3892822265625,715.67138671875,561.2431030273438,1081.916015625,1407.943359375,718.1678466796875,156.283203125,3624.03173828125
2024-04-02,1045.4989013671875,720.367919921875,563.8095703125,1063.7635498046875,1396.0806884765625,725.8391723632812,157.72007751464844,3593.5439453125
2024-04-03,1061.5228271484375,721.414306640625,569.1396484375,1059.827880859375,1394.0096435546875,730.2431030273438,156.7621612548828,3652.29833984375
2024-04-04,1061.223388671875,743.4611206054688,570.2747802734375,1061.451416015625,1399.7054443359375,719.1149291992188,156.52267456054688,3704.113037109375
2024-04-05,1057.3795166015625,754.1439208984375,562.6744384765625,1065.9281005859375,1392.5501708984375,724.2764892578125,156.47479248046875,3681.86083984375
2024-04-08,1074.3021240234375,752.7081909179688,569.3370971679688,1069.6175537109375,1390.2906494140625,727.6386108398438,158.24691772460938,3675.66162109375
2024-04-09,1078.24560546875,753.6572265625,580.9844360351562,1089.1966552734375,1407.3785400390625,723.755615234375,159.01324462890625,3651.6044921875
2024-04-10,1086.0330810546875,747.7196655273438,595.2474365234375,1091.5087890625,1418.62939453125,737.8196411132812,158.10324096679688,3686.857421875
2024-04-12,1071.7061767578125,739.2512817382812,590.9044189453125,1086.58935546875,1397.86962890625,725.744384765625,156.61846923828125,3702.35498046875
2024-04-15,1056.2314453125,727.4490966796875,604.7725830078125,1060.95947265625,1382.2410888671875,717.41015625,154.08001708984375,3646.654296875
2024-04-16,1050.1912841796875,734.5304565429688,600.9723510742188,1049.841796875,1331.68310546875,711.9171752929688,153.3136749267578,3583.3662109375
2024-04-18,1022.3366088867188,727.4490966796875,604.8712768554688,1038.4288330078125,1336.202392578125,705.38232421875,153.3136749267578,3573.373291015625
2024-04-19,1027.42822265625,745.2619018554688,606.7960815429688,1050.03857421875,1328.67041015625,710.7332763671875,155.27740478515625,3540.2490234375
2024-04-22,1052.23779296875,735.9661254882812,610.5469360351562,1069.125732421875,1348.9124755859375,725.5549926757812,155.03793334960938,3575.77978515625
2024-04-23,1054.0350341796875,733.7274169921875,603.8842163085938,1072.6676025390625,1357.9976806640625,732.08984375,154.3673858642578,3585.1240234375
2024-04-24,1061.5228271484375,735.7227783203125,627.8698120117188,1079.062744140625,1347.0294189453125,732.1845092773438,158.5821990966797,3544.736572265625
2024-04-25,1125.1693115234375,735.260498046875,638.4313354492188,1095.78857421875,1354.27880859375,769.6887817382812,160.64169311523438,3564.305419921875
2024-04-26,1128.4639892578125,734.7981567382812,640.8990478515625,1090.032958984375,1346.5587158203125,758.8921508789062,158.82167053222656,3535.76171875
2024-04-29,1157.366943359375,744.3858642578125,641.6393432617188,1141.4403076171875,1350.79541015625,782.7584838867188,160.3543243408203,3580.96044921875
2024-04-30,1164.006103515625,739.8109741210938,636.0625,1131.8475341796875,1337.42626953125,782.521728515625,158.0553436279297,3535.113525390625
2024-05-02,1147.982177734375,745.7242431640625,633.150634765625,1121.0740966796875,1331.68310546875,786.12060546875,160.3064422607422,3574.576416015625
2024-05-03,1139.645751953125,739.567626953125,638.7274780273438,1123.63232421875,1333.425048828125,787.4464111328125,159.49220275878906,3556.16357421875
2024-05-06,1141.792236328125,741.0520629882812,630.534912109375,1127.813720703125,1342.46337890625,765.048095703125,160.54591369628906,3628.01025390625
2024-05-07,1125.8681640625,733.021728515625,612.1755981445312,1113.6458740234375,1356.6324462890625,759.4603271484375,157.33689880371094,3681.582763671875
2024-05-08,1126.816650390625,721.5845947265625,625.303466796875,1104.8895263671875,1343.7813720703125,767.8892822265625,159.06114196777344,3679.732666015625
2024-05-09,1113.8377685546875,704.4776000976562,611.3859252929688,1097.7071533203125,1355.314453125,776.4130249023438,155.0858154296875,3664.234130859375
2024-05-10,1118.280517578125,709.3616333007812,617.505615234375,1099.035400390625,1341.5218505859375,774.0927124023438,155.42108154296875,3602.88916015625
2024-05-13,1130.1612548828125,717.9208984375,625.303466796875,1109.808837890625,1340.156494140625,765.9951782226562,156.95375061035156,3652.76123046875
2024-05-14,1121.026123046875,720.7328491210938,638.2833251953125,1102.47900390625,1341.33349609375,774.897705078125,158.00743103027344,3609.6435546875
2024-05-15,1126.2176513671875,709.6575317382812,645.2421264648438,1106.2176513671875,1336.861328125,776.8865356445312,158.63009643554688,3590.398193359375
2024-05-16,1137.4493408203125,720.3875122070312,644.8966064453125,1112.8096923828125,1368.3070068359375,768.978515625,158.91746520996094,3635.646240234375
2024-05-17,1139.4959716796875,722.286865234375,646.969482421875,1112.2684326171875,1359.78662109375,774.566162109375,160.3064422607422,3573.3427734375
2024-05-21,1135.802001953125,719.6722412109375,684.6258544921875,1102.8724365234375,1350.23046875,786.6888427734375,167.01182556152344,3560.387939453125
2024-05-22,1124.1708984375,719.8695678710938,675.6929321289062,1093.1812744140625,1369.672119140625,788.422119140625,166.00601196289062,3571.3857421875
2024-05-23,1163.357177734375,736.3468017578125,668.043212890625,1116.2039794921875,1386.2423095703125,801.277587890625,168.1134033203125,3628.65625
2024-05-24,1172.093017578125,748.4827270507812,664.5391235351562,1113.695068359375,1379.3695068359375,797.9072265625,167.4907684326172,3587.695556640625
2024-05-27,1185.0718994140625,753.6627807617188,669.0796508789062,1111.579833984375,1385.2535400390625,802.818359375,168.1134033203125,3585.412109375
2024-05-28,1181.4776611328125,755.0441284179688,672.4850463867188,1108.775634765625,1381.205322265625,800.3628540039062,167.5386505126953,3578.748046875
2024-05-29,1157.8660888671875,744.0921630859375,696.1744384765625,1084.2281494140625,1366.04736328125,792.1776733398438,166.916015625,3544.9638671875
2024-05-30,1166.052734375,747.3234252929688,686.1558227539062,1095.7393798828125,1343.9224853515625,795.2590942382812,157.24111938476562,3482.0078125
2024-05-31,1160.2623291015625,755.5620727539062,680.4308471679688,1102.970947265625,1351.0770263671875,799.5924072265625,160.16273498535156,3421.28857421875
2024-06-03,1221.9119873046875,775.6160278320312,686.9454956054688,1141.292724609375,1350.11669921875,872.1032104492188,166.916015625,3451.019287109375
2024-06-04,1129.4124755859375,731.684814453125,640.6522216796875,1054.170654296875,1338.3526611328125,746.4852905273438,152.2599639892578,3462.3427734375
2024-06-05,1182.5758056640625,765.5520629882812,686.2545166015625,1090.7708740234375,1373.3564453125,760.4962768554688,162.07855224609375,3491.654052734375
2024-06-06,1169.0478515625,769.4493408203125,668.734130859375,1092.49267578125,1413.833984375,786.6887817382812,164.80862426757812,3569.89453125
2024-06-07,1184.8721923828125,776.183349609375,671.5472412109375,1103.6103515625,1472.7496337890625,799.207275390625,171.3702850341797,3629.12255859375
2024-06-10,1198.05078125,770.2387084960938,667.6484375,1105.676513671875,1440.2427978515625,800.9887084960938,172.7017822265625,3596.26953125
2024-06-11,1192.6595458984375,771.9653930664062,664.2430419921875,1100.1668701171875,1436.4014892578125,804.5997924804688,173.69802856445312,3590.118896484375
2024-06-12,1185.970458984375,776.5780029296875,665.1807861328125,1101.4951171875,1426.270263671875,808.018310546875,174.5601348876953,3571.05908203125
2024-06-13,1172.741943359375,779.8340454101562,671.892822265625,1089.49169921875,1434.6729736328125,812.6405639648438,174.87625122070312,3614.396728515625
2024-06-14,1179.1314697265625,787.80126953125,674.7552490234375,1087.8192138671875,1429.8232421875,808.1145629882812,175.44142150878906,3571.432373046875
2024-06-18,1189.9639892578125,793.1786499023438,669.968017578125,1104.7418212890625,1438.75439453125,813.6034545898438,173.49685668945312,3555.635009765625
2024-06-19,1224.6573486328125,817.869873046875,653.82958984375,1125.993408203125,1451.3824462890625,821.0182495117188,172.44317626953125,3543.146484375
2024-06-20,1237.486572265625,823.5431518554688,667.7471313476562,1138.144287109375,1455.2718505859375,812.4960327148438,174.60804748535156,3529.678955078125
2024-06-21,1235.4398193359375,821.7671508789062,675.6436157226562,1139.9644775390625,1471.8853759765625,805.322021484375,175.83932495117188,3551.5810546875
2024-06-24,1226.10498046875,825.0478515625,676.3839111328125,1151.229736328125,1466.5556640625,801.8554077148438,173.90444946289062,3557.21923828125
2024-06-25,1269.3846435546875,844.2631225585938,676.630615234375,1178.630615234375,1480.7684326171875,811.0516357421875,171.67640686035156,3577.39697265625
2024-06-26,1283.31201171875,839.40380859375,665.9703979492188,1198.357421875,1479.5679931640625,814.0367431640625,168.62750244140625,3593.613525390625
2024-06-27,1286.856201171875,836.7644653320312,676.3839111328125,1200.2266845703125,1510.922607421875,812.7367553710938,170.19105529785156,3666.588134765625
2024-06-28,1263.1947021484375,830.6718139648438,684.5765380859375,1180.254150390625,1504.58447265625,817.5034790039062,170.04446411132812,3638.628662109375
2024-07-01,1259.8502197265625,841.2291259765625,680.9243774414062,1192.3065185546875,1527.68017578125,810.7627563476562,170.1031036376953,3707.642333984375
2024-07-02,1251.364013671875,853.7597045898438,685.760986328125,1171.399169921875,1556.72998046875,795.5480346679688,170.5623779296875,3744.176513671875
2024-07-03,1277.9207763671875,872.5310668945312,682.7011108398438,1182.2218017578125,1562.8280029296875,808.8368530273438,172.35067749023438,3695.573486328125
2024-07-04,1278.8193359375,852.0578002929688,682.8984375,1213.115478515625,1585.1553955078125,808.2108764648438,172.2725067138672,3747.4853515625
2024-07-05,1284.9593505859375,813.0598754882812,690.1041259765625,1213.509033203125,1582.0823974609375,827.9033813476562,170.728515625,3738.95751953125
2024-07-08,1285.7579345703125,806.7698974609375,688.1793212890625,1215.1324462890625,1595.7191162109375,824.5330810546875,168.3538818359375,3721.622314453125
2024-07-09,1287.305419921875,807.3372192382812,697.8525390625,1228.1195068359375,1591.3975830078125,829.39599609375,167.88482666015625,3714.44580078125
2024-07-10,1289.5518798828125,802.2066040039062,684.3297119140625,1223.15087890625,1582.8507080078125,817.5515747070312,164.15188598632812,3643.28857421875
2024-07-11,1294.6435546875,800.1345825195312,687.2909545898438,1218.4775390625,1587.1240234375,824.9664306640625,165.07046508789062,3656.849365234375
2024-07-12,1316.1751708984375,800.5292358398438,683.095947265625,1213.01708984375,1643.8310546875,827.8552856445312,164.845703125,3899.399658203125
2024-07-15,1306.33349609375,800.2332763671875,691.041748046875,1210.1146240234375,1639.317626953125,848.7033081054688,162.95968627929688,3885.653076171875
2024-07-16,1302.886474609375,799.073974609375,681.862060546875,1219.9041748046875,1657.563720703125,848.0773315429688,163.26263427734375,3894.273681640625
2024-07-18,1308.281982421875,796.6319580078125,681.0231323242188,1230.1365966796875,1688.2939453125,860.4513549804688,162.5688018798828,4022.049560546875
2024-07-19,1291.2464599609375,792.9320068359375,654.4218139648438,1228.5130615234375,1721.8092041015625,856.406982421875,154.174560546875,4019.1064453125
2024-07-22,1281.4049072265625,810.3218994140625,663.6014404296875,1221.1341552734375,1738.9990234375,844.3218383789062,156.6664581298828,4005.04736328125
2024-07-23,1262.1712646484375,798.407958984375,645.0447387695312,1206.96630859375,1764.015380859375,831.899658203125,156.373291015625,4019.06005859375
2024-07-24,1238.1917724609375,791.3286743164062,643.1692504882812,1203.2767333984375,1761.182373046875,820.4404296875,156.65667724609375,4022.703369140625
2024-07-25,1174.8958740234375,797.5199584960938,638.1846313476562,1178.58154296875,1752.4434814453125,817.0701293945312,153.80322265625,4037.883056640625
2024-07-26,1176.3446044921875,798.2846069335938,658.9622192382812,1187.7314453125,1804.3489990234375,830.5033569335938,158.8456268310547,4098.9306640625
2024-07-29,1169.0509033203125,791.822021484375,658.221923828125,1193.142822265625,1796.8585205078125,839.3143920898438,159.1583251953125,4092.62451171875
2024-07-30,1169.0009765625,797.001953125,651.9541015625,1189.9451904296875,1802.6683349609375,840.469970703125,160.33099365234375,4077.912109375
2024-07-31,1165.104248046875,797.1005859375,660.9363403320312,1195.307373046875,1794.1214599609375,840.0848388671875,161.56227111816406,4096.5947265625
2024-08-01,1171.299072265625,808.471923828125,664.7859497070312,1190.584716796875,1779.092529296875,830.696044921875,159.34400939941406,4107.57177734375
2024-08-02,1159.8587646484375,818.5111694335938,639.6652221679688,1177.2532958984375,1748.938232421875,816.4441528320312,154.6143035888672,4001.030517578125
2024-08-05,1132.5321044921875,797.1005859375,606.3519287109375,1153.689453125,1682.3880615234375,781.5851440429688,146.40574645996094,3881.458984375
2024-08-06,1125.138427734375,789.922607421875,602.4036254882812,1148.0322265625,1681.619873046875,768.15185546875,146.89434814453125,3896.545654296875
2024-08-07,1135.829345703125,800.9238891601562,615.6303100585938,1153.5418701171875,1720.560791015625,778.6962280273438,150.35366821289062,3923.869873046875
2024-08-08,1137.17822265625,810.3958740234375,606.1051025390625,1145.8184814453125,1673.9853515625,778.1184692382812,146.85525512695312,3897.806396484375
2024-08-09,1141.774169921875,814.0958251953125,618.365234375,1152.70556640625,1700.490234375,793.7665405273438,148.3503875732422,3950.306396484375
2024-08-12,1163.305908203125,818.9798583984375,624.7682495117188,1163.8199462890625,1726.082763671875,782.4998779296875,148.5946807861328,3919.385498046875
2024-08-13,1158.6097412109375,790.9092407226562,616.8761596679688,1159.4039306640625,1726.130615234375,768.0073852539062,145.48716735839844,3920.6005859375
2024-08-14,1152.1153564453125,793.1786499023438,616.92578125,1152.7552490234375,1750.906982421875,773.2554931640625,142.8389129638672,4012.42724609375
2024-08-16,1165.8536376953125,805.1666259765625,629.5333251953125,1178.1591796875,1785.1904296875,782.0183715820312,146.11257934570312,4125.27294921875
2024-08-19,1152.2652587890625,804.895263671875,654.053466796875,1166.8961181640625,1790.8084716796875,783.5591430664062,150.45140075683594,4194.3544921875
2024-08-20,1167.002685546875,807.9292602539062,668.001220703125,1170.4189453125,1797.914794921875,789.9146728515625,150.42205810546875,4225.4609375
2024-08-21,1173.397216796875,802.0586547851562,680.6087036132812,1165.8541259765625,1798.3948974609375,785.3406372070312,148.45787048339844,4251.8046875
2024-08-22,1168.950927734375,804.77197265625,680.55908203125,1181.979736328125,1805.645263671875,789.9146728515625,150.62728881835938,4205.56396484375
2024-08-23,1164.954345703125,801.6885986328125,680.1123657226562,1194.2847900390625,1788.2154541015625,785.1480102539062,150.6859130859375,4169.97265625
2024-08-26,1169.30078125,809.0392456054688,706.6676025390625,1204.009765625,1801.7081298828125,784.859130859375,152.1517333984375,4205.984375
2024-08-27,1180.2413330078125,807.9539184570312,698.37841796875,1216.9598388671875,1824.7076416015625,785.677734375,151.1745147705078,4201.033203125
2024-08-28,1169.9500732421875,807.6332397460938,699.9171752929688,1214.47900390625,1862.1602783203125,779.41845703125,150.1973114013672,4209.34716796875
2024-08-29,1174.3963623046875,808.3485717773438,695.4002685546875,1212.5439453125,1856.638427734375,784.3295288085938,149.48394775390625,4214.71826171875
2024-08-30,1174.2464599609375,807.5346069335938,696.2440795898438,1219.7879638671875,1866.5777587890625,785.3887939453125,149.2787322998047,4253.90625
2024-09-02,1187.784912109375,802.6258544921875,678.921142578125,1220.5322265625,1886.5526123046875,791.6961669921875,149.39601135253906,4223.35986328125
2024-09-03,1190.58251953125,807.756591796875,673.9575805664062,1238.1463623046875,1864.2249755859375,794.248046875,148.68263244628906,4215.232421875
2024-09-04,1176.6943359375,809.951904296875,661.9456176757812,1226.88330078125,1846.1708984375,786.2554321289062,147.73472595214844,4184.3115234375
2024-09-05,1179.5419921875,811.7525024414062,665.0726928710938,1226.486328125,1856.4464111328125,788.422119140625,148.26243591308594,4181.22900390625
2024-09-06,1157.760498046875,807.5592041015625,662.243408203125,1198.899169921875,1826.38818359375,753.514892578125,147.77383422851562,4163.29345703125
2024-09-09,1169.8502197265625,812.2705688476562,653.7556762695312,1225.5435791015625,1819.4739990234375,755.2000122070312,146.06370544433594,4156.5673828125
2024-09-10,1186.1861572265625,814.1698608398438,654.6987915039062,1227.8260498046875,1836.423828125,753.6593017578125,146.0148468017578,4211.02880859375
2024-09-11,1185.087158203125,810.9879150390625,642.9846801757812,1226.88330078125,1834.35888671875,740.1297607421875,144.7933349609375,4184.4052734375
2024-09-12,1202.3223876953125,822.1865234375,671.2772216796875,1242.5623779296875,1873.0599365234375,758.5703735351562,148.281982421875,4220.23046875
2024-09-13,1216.410400390625,821.8658447265625,668.3486938476562,1240.7760009765625,1866.9620361328125,761.5555419921875,149.99209594726562,4224.80810546875
2024-09-16,1229.9989013671875,824.3324584960938,680.1620483398438,1253.1802978515625,1872.867919921875,756.451904296875,150.69569396972656,4216.07373046875
2024-09-17,1231.0478515625,823.2718505859375,678.0277099609375,1258.39013671875,1875.07666015625,753.9000854492188,149.33737182617188,4208.9736328125
2024-09-18,1239.3907470703125,836.0984497070312,680.2612915039062,1278.485107421875,1817.0731201171875,763.3851928710938,147.16796875,4059.975341796875
2024-09-19,1241.6387939453125,842.8571166992188,679.2189331054688,1282.107177734375,1819.041748046875,760.6889038085938,146.13211059570312,4013.26806640625
2024-09-20,1243.9368896484375,858.989013671875,689.3447265625,1328.201416015625,1830.1336669921875,752.7445068359375,148.55560302734375,4002.759033203125
2024-09-23,1245.7353515625,868.1651000976562,685.522705078125,1311.7781982421875,1821.2025146484375,772.1480712890625,150.480712890625,3987.438232421875
2024-09-24,1238.4915771484375,872.2350463867188,712.6239624023438,1308.50341796875,1823.267333984375,768.6814575195312,156.8716583251953,3990.054443359375
2024-09-25,1267.01708984375,877.686279296875,713.2196044921875,1313.7132568359375,1820.09814453125,763.72216796875,157.97592163085938,3993.277099609375
2024-09-26,1276.009521484375,879.8323364257812,729.3016967773438,1318.87353515625,1824.851806640625,772.1480712890625,161.8358917236328,4009.858642578125
2024-09-27,1272.0628662109375,864.6376953125,741.710693359375,1296.5953369140625,1831.0938720703125,772.9185180664062,162.7544708251953,4024.991943359375
2024-09-30,1231.1478271484375,854.47509765625,750.6947631835938,1263.252685546875,1801.179931640625,758.71484375,164.70889282226562,3987.438232421875
2024-10-01,1225.6025390625,851.5890502929688,756.0057983398438,1264.6419677734375,1828.7890625,767.4296264648438,163.22352600097656,4005.561279296875
2024-10-03,1174.696044921875,829.7838134765625,741.6610107421875,1246.7301025390625,1818.273681640625,764.6851806640625,163.17466735839844,3954.04296875
2024-10-04,1177.393798828125,817.771240234375,742.4552001953125,1230.2572021484375,1842.0416259765625,767.1407470703125,162.94992065429688,3972.259033203125
2024-10-07,1144.7216796875,798.1119384765625,725.9760131835938,1224.4520263671875,1857.55078125,742.1038208007812,160.6143798828125,3991.502197265625
2024-10-08,1152.3153076171875,814.5152587890625,716.5452270507812,1227.13134765625,1871.2353515625,752.5037841796875,155.8846893310547,3973.193115234375
2024-10-09,1169.15087890625,805.6845703125,722.2533569335938,1234.62353515625,1875.2686767578125,767.8629760742188,155.43516540527344,3972.913330078125
2024-10-10,1183.23876953125,820.114501953125,724.83447265625,1233.978515625,1842.85791015625,767.5740356445312,156.0801239013672,3949.044677734375
2024-10-11,1171.4488525390625,814.4905395507812,741.9091796875,1213.635498046875,1858.3189697265625,770.1258544921875,156.9987030029297,3875.994384765625
2024-10-14,1163.355712890625,832.7931518554688,737.5908813476562,1222.3184814453125,1881.1746826171875,775.325927734375,154.7120361328125,3864.270751953125
2024-10-15,1152.86474609375,830.81982421875,721.65771484375,1245.8865966796875,1881.558837890625,774.8444213867188,152.0833282470703,3845.727294921875
2024-10-16,1152.2152099609375,838.565185546875,727.762939453125,1233.6312255859375,1843.9141845703125,775.61474609375,151.7022247314453,3825.316162109375
2024-10-17,1130.883544921875,825.4178466796875,729.4505615234375,1221.8223876953125,1890.0096435546875,781.00732421875,148.9269256591797,3838.441162109375
2024-10-18,1195.8280029296875,829.7098388671875,748.0144653320312,1254.8177490234375,1805.0211181640625,790.0110473632812,151.8488006591797,3860.96240234375
2024-10-21,1189.28369140625,852.8223876953125,734.215576171875,1249.4095458984375,1779.2364501953125,783.7999267578125,151.4969940185547,3820.508544921875
2024-10-22,1174.7459716796875,845.841796875,715.0064697265625,1257.7947998046875,1778.132080078125,761.1222534179688,146.96273803710938,3760.248779296875
2024-10-23,1159.4091796875,856.3251342773438,711.87939453125,1242.0164794921875,1799.067138671875,756.88525390625,145.38943481445312,3807.773193359375
2024-10-24,1166.3531494140625,863.15771484375,685.671630859375,1243.15771484375,1789.4158935546875,765.1184692382812,145.58486938476562,3790.58935546875
2024-10-25,1188.3343505859375,860.0744018554688,673.8086547851562,1245.8370361328125,1788.1676025390625,752.0223388671875,142.53598022460938,3799.6259765625
2024-10-28,1170.599609375,855.5357055664062,687.8556518554688,1282.95068359375,1791.3365478515625,762.7111206054688,145.97576904296875,3830.8095703125
2024-10-29,1185.8365478515625,864.2430419921875,688.5504760742188,1321.6519775390625,1786.4317626953125,801.8554077148438,146.6402587890625,3816.20068359375
2024-10-30,1169.400634765625,855.7330322265625,683.3883666992188,1302.1029052734375,1750.3009033203125,791.9850463867188,145.57510375976562,3825.0029296875
2024-10-31,1158.5599365234375,856.2757568359375,681.0554809570312,1282.355224609375,1706.7401123046875,789.8184204101562,145.1744384765625,3716.189697265625
2024-11-01,1168.5513916015625,857.0650634765625,685.8701782226562,1281.90869140625,1710.236572265625,790.7813720703125,146.3373260498047,3730.938720703125
2024-11-04,1138.2772216796875,845.6197509765625,669.3909912109375,1267.42041015625,1712.956298828125,799.1109008789062,143.60113525390625,3712.1630859375
2024-11-05,1170.699462890625,867.2030029296875,692.4717407226562,1286.7711181640625,1703.77783203125,817.7442016601562,148.81944274902344,3718.90576171875
2024-11-06,1165.50390625,865.9203491210938,703.0442504882812,1292.3779296875,1771.280029296875,823.13671875,150.11912536621094,3876.507080078125
2024-11-07,1158.9095458984375,861.62841796875,643.3817138671875,1268.908935546875,1751.2237548828125,827.7589111328125,147.50997924804688,3887.041748046875
2024-11-08,1159.9586181640625,865.525634765625,645.7146606445312,1249.2109375,1777.350341796875,811.9183349609375,144.20701599121094,3883.389892578125
2024-11-11,1170.0001220703125,871.3717041015625,650.5789794921875,1259.5810546875,1806.6337890625,816.2515869140625,141.70533752441406,3931.803955078125
2024-11-12,1157.1611328125,847.6424560546875,646.9059448242188,1260.8709716796875,1815.0838623046875,796.07763671875,140.88449096679688,3930.586181640625
2024-11-13,1138.1773681640625,829.463134765625,622.0382690429688,1244.100341796875,1814.6953125,778.6962280273438,135.99844360351562,3886.52685546875
2024-11-14,1139.7259521484375,835.087158203125,622.7827758789062,1247.325439453125,1810.9560546875,774.459228515625,134.83555603027344,3882.359619140625
2024-11-18,1125.23828125,841.1797485351562,646.3102416992188,1243.852294921875,1759.3822021484375,784.136962890625,137.99195861816406,3763.99462890625
2024-11-19,1132.981689453125,859.507080078125,635.3406982421875,1239.53564453125,1772.300048828125,773.2554931640625,136.28182983398438,3782.769775390625
2024-11-21,1138.1773681640625,858.989013671875,643.3320922851562,1240.974609375,1781.3326416015625,751.8297119140625,137.02450561523438,3813.95361328125
2024-11-22,1141.424560546875,861.15966796875,647.3526000976562,1268.2640380859375,1847.572265625,785.8221435546875,139.5261688232422,3974.78564453125
2024-11-25,1154.9129638671875,880.8929443359375,655.0462036132812,1290.9886474609375,1835.3829345703125,813.1701049804688,140.39588928222656,4040.80419921875
2024-11-26,1143.822509765625,880.8683471679688,661.2506713867188,1294.9580078125,1868.8428955078125,808.3072509765625,141.1776580810547,4076.0146484375
2024-11-27,1148.6683349609375,894.06494140625,656.287109375,1290.740478515625,1869.182861328125,803.2034912109375,141.2362823486328,4057.14501953125
2024-11-28,1131.532958984375,884.6176147460938,645.51611328125,1276.5003662109375,1803.282958984375,807.7775268554688,140.1222686767578,3975.06640625
2024-11-29,1135.3297119140625,886.04833984375,651.4227905273438,1290.1451416015625,1804.448486328125,807.8738403320312,141.2460479736328,3999.3671875
2024-12-02,1136.1290283203125,890.3156127929688,657.7761840820312,1294.6602783203125,1825.7677001953125,805.4183349609375,143.07345581054688,4004.798095703125
2024-12-03,1159.509033203125,900.9715576171875,662.6901245117188,1298.381591796875,1837.714111328125,822.3182373046875,143.20046997070312,4029.2392578125
2024-12-04,1158.4599609375,917.6461791992188,658.222900390625,1305.9730224609375,1834.946044921875,827.8552856445312,142.52621459960938,4077.606201171875
2024-12-05,1165.404052734375,920.4335327148438,665.9661254882812,1326.2664794921875,1879.2352294921875,833.3922729492188,143.71841430664062,4180.28662109375
2024-12-06,1183.53857421875,915.5494995117188,665.271240234375,1318.5758056640625,1867.1431884765625,831.658935546875,144.9105987548828,4162.91552734375
2024-12-09,1162.2567138671875,922.5302124023438,666.0158081054688,1312.1751708984375,1868.3572998046875,826.266357421875,146.46437072753906,4169.14208984375
2024-12-10,1152.6649169921875,921.5928344726562,664.0303344726562,1320.2626953125,1892.54150390625,835.3662719726562,146.89434814453125,4150.78857421875
2024-12-11,1146.2703857421875,919.1261596679688,665.6187133789062,1317.3353271484375,1917.4056396484375,829.684814453125,147.16796875,4146.01318359375
2024-12-12,1144.6717529296875,917.2268676757812,663.831787109375,1319.0718994140625,1929.8863525390625,822.0775146484375,147.34385681152344,4171.7646484375
2024-12-13,1147.169677734375,923.3934936523438,657.27978515625,1334.6021728515625,1942.22119140625,829.6366577148438,145.55555725097656,4189.51025390625
2024-12-16,1149.917236328125,920.1621704101562,648.742431640625,1335.7928466796875,1923.1361083984375,829.0589599609375,144.42198181152344,4134.5419921875
2024-12-17,1135.27978515625,904.4002685546875,634.7947387695312,1323.5374755859375,1919.78515625,819.044189453125,142.36007690429688,4053.352294921875
2024-12-18,1121.291748046875,893.275634765625,628.3916625976562,1304.087646484375,1922.261962890625,807.103515625,141.1678924560547,4071.47314453125
2024-12-19,1107.953125,884.790283203125,624.7682495117188,1277.0462646484375,1890.2589111328125,801.9515991210938,139.99522399902344,4000.350341796875
2024-12-20,1070.9346923828125,873.93701171875,618.1170654296875,1278.5347900390625,1866.900390625,781.9221801757812,137.47401428222656,3905.208740234375
2024-12-23,1078.228515625,888.4902954101562,629.5333251953125,1286.8704833984375,1868.988525390625,790.7332763671875,138.48056030273438,3893.9716796875
2024-12-24,1077.978759765625,887.0596313476562,622.882080078125,1287.3170166015625,1854.1768798828125,781.9702758789062,137.1808624267578,3913.82421875
2024-12-26,1075.780517578125,883.4336547851562,624.172607421875,1287.4161376953125,1852.5743408203125,782.3555297851562,137.16131591796875,3904.085205078125
2024-12-27,1076.5299072265625,887.1336669921875,612.9052734375,1297.5382080078125,1861.655517578125,770.0296630859375,135.74436950683594,3900.105224609375
2024-12-30,1069.036376953125,877.0943603515625,596.723876953125,1284.7369384765625,1851.214599609375,759.1000366210938,133.76063537597656,3894.439453125
2024-12-31,1063.790771484375,874.6029663085938,598.0640869140625,1271.83642578125,1825.9617919921875,765.503662109375,134.90396118164062,3834.508056640625
